date_time,global_active_power,fridge_w,fan_w,lights_w,tv_w,computer_w,ac_w
2025-01-01 00:00:00,220.2,143.71,12.57,27.99,0.0,5.02,0.0
2025-01-01 00:01:00,239.34,141.17,5.0,30.15,3.22,0.0,12.12
2025-01-01 00:02:00,236.24,144.32,5.0,27.01,4.68,13.76,0.0
2025-01-01 00:03:00,244.78,147.82,7.47,37.43,0.0,6.43,0.0
2025-01-01 00:04:00,229.3,140.79,9.81,29.63,0.0,0.0,0.0
2025-01-01 00:05:00,234.13,140.79,5.0,26.33,6.93,0.24,0.0
2025-01-01 00:06:00,266.31,148.04,8.54,28.0,0.0,3.49,10.05
2025-01-01 00:07:00,241.8,144.8,7.29,31.72,0.0,2.62,4.07
2025-01-01 00:08:00,209.57,139.85,5.0,25.98,0.0,0.0,7.97
2025-01-01 00:09:00,252.69,143.9,5.0,29.44,1.04,2.37,34.14
2025-01-01 00:10:00,242.07,139.87,9.6,22.19,0.0,4.03,0.0
2025-01-01 00:11:00,243.34,139.86,5.0,31.32,0.0,1.45,0.0
2025-01-01 00:12:00,243.98,142.7,7.55,21.05,2.53,2.65,0.0
2025-01-01 00:13:00,214.15,134.07,13.44,33.16,0.0,8.3,0.0
2025-01-01 00:14:00,221.79,134.83,5.0,24.59,0.0,10.91,11.42
2025-01-01 00:15:00,239.13,139.48,5.0,25.31,15.99,1.33,0.0
2025-01-01 00:16:00,221.36,137.68,12.98,13.43,4.44,2.33,5.3
2025-01-01 00:17:00,240.65,142.98,5.0,28.0,0.0,10.07,3.85
2025-01-01 00:18:00,293.31,138.1,9.85,34.32,8.06,0.0,60.7
2025-01-01 00:19:00,245.62,136.08,10.61,49.34,6.54,12.18,0.16
2025-01-01 00:20:00,263.24,147.59,21.08,27.7,1.41,1.9,0.0
2025-01-01 00:21:00,247.82,140.82,7.69,31.19,3.24,0.79,0.0
2025-01-01 00:22:00,276.53,142.0,16.87,34.52,12.88,0.0,9.37
2025-01-01 00:23:00,216.04,136.03,7.22,21.97,0.0,0.0,0.0
2025-01-01 00:24:00,246.62,139.55,8.58,24.42,6.7,2.58,9.22
2025-01-01 00:25:00,232.54,142.17,12.69,18.09,2.29,0.0,13.11
2025-01-01 00:26:00,257.66,137.12,11.51,29.8,5.29,0.0,0.0
2025-01-01 00:27:00,274.48,143.23,11.2,29.78,10.1,6.26,0.0
2025-01-01 00:28:00,286.0,139.32,11.1,31.19,10.97,0.0,38.91
2025-01-01 00:29:00,260.94,140.56,12.57,35.31,0.0,0.0,0.0
2025-01-01 00:30:00,247.32,139.32,11.7,41.22,4.54,15.3,0.0
2025-01-01 00:31:00,256.78,149.14,11.06,34.95,9.83,2.38,12.82
2025-01-01 00:32:00,215.6,141.67,7.1,27.6,0.0,3.65,0.0
2025-01-01 00:33:00,248.64,137.5,5.66,35.0,12.74,0.0,3.84
2025-01-01 00:34:00,244.52,145.02,6.49,32.96,0.0,3.02,24.71
2025-01-01 00:35:00,230.23,136.84,5.0,35.07,2.98,0.0,18.08
2025-01-01 00:36:00,230.74,142.56,12.96,35.7,0.86,0.0,0.0
2025-01-01 00:37:00,252.68,133.89,5.0,25.56,2.64,0.0,13.0
2025-01-01 00:38:00,232.5,136.41,12.6,27.41,4.69,2.91,0.41
2025-01-01 00:39:00,241.26,142.51,5.0,27.12,1.13,13.31,3.45
2025-01-01 00:40:00,243.8,144.68,7.29,35.15,0.0,0.0,0.0
2025-01-01 00:41:00,257.97,142.41,7.7,29.29,6.68,9.66,8.27
2025-01-01 00:42:00,225.96,141.26,9.82,23.49,0.0,4.95,0.0
2025-01-01 00:43:00,233.97,140.52,7.41,31.91,4.8,0.0,0.0
2025-01-01 00:44:00,286.79,135.81,9.5,26.31,4.14,7.16,34.91
2025-01-01 00:45:00,220.03,138.85,10.21,28.35,0.0,8.63,0.0
2025-01-01 00:46:00,221.97,139.88,5.0,22.91,13.73,1.33,0.0
2025-01-01 00:47:00,280.08,145.96,5.0,34.01,8.81,0.0,47.19
2025-01-01 00:48:00,275.7,143.1,16.8,27.0,1.87,11.14,17.81
2025-01-01 00:49:00,262.62,134.68,5.0,27.71,3.41,8.14,28.99
2025-01-01 00:50:00,231.93,143.02,5.0,31.35,0.0,11.03,0.0
2025-01-01 00:51:00,244.82,140.19,6.27,37.64,2.38,0.0,0.0
2025-01-01 00:52:00,257.81,139.02,5.0,40.1,0.0,9.73,0.0
2025-01-01 00:53:00,260.76,144.17,7.01,27.32,0.0,3.37,22.24
2025-01-01 00:54:00,285.82,145.85,8.77,26.12,8.67,0.0,22.18
2025-01-01 00:55:00,295.83,145.45,8.93,39.18,0.61,16.13,0.0
2025-01-01 00:56:00,246.08,138.37,5.0,30.66,0.0,4.58,0.0
2025-01-01 00:57:00,260.28,140.49,9.89,39.03,0.0,4.32,37.4
2025-01-01 00:58:00,241.0,143.05,6.06,31.33,6.65,0.0,7.4
2025-01-01 00:59:00,248.4,145.63,5.0,20.87,0.76,7.04,16.01
2025-01-01 01:00:00,220.87,139.81,5.0,24.08,0.0,0.17,8.87
2025-01-01 01:01:00,250.12,140.98,6.16,32.55,2.1,0.0,0.0
2025-01-01 01:02:00,243.2,137.3,8.74,31.88,0.0,2.1,0.0
2025-01-01 01:03:00,247.64,136.94,7.53,30.87,2.94,0.0,0.0
2025-01-01 01:04:00,248.93,144.98,7.89,35.85,0.0,0.0,0.0
2025-01-01 01:05:00,218.09,147.15,13.07,23.37,0.0,0.0,0.0
2025-01-01 01:06:00,229.05,141.44,7.25,32.74,10.29,2.61,0.0
2025-01-01 01:07:00,231.84,145.74,9.28,28.16,3.71,0.0,0.0
2025-01-01 01:08:00,229.19,143.17,7.33,36.67,5.0,3.4,0.0
2025-01-01 01:09:00,235.8,139.15,17.44,31.86,2.47,0.0,20.68
2025-01-01 01:10:00,228.33,143.17,14.21,31.57,1.68,0.78,0.0
2025-01-01 01:11:00,231.56,147.88,10.91,29.56,0.0,8.99,0.0
2025-01-01 01:12:00,202.33,141.58,14.61,34.9,0.0,9.24,7.5
2025-01-01 01:13:00,230.79,147.99,6.93,20.85,0.0,0.0,0.0
2025-01-01 01:14:00,211.81,131.25,5.0,38.46,0.75,10.66,11.06
2025-01-01 01:15:00,232.3,145.02,5.83,25.86,4.9,2.2,11.03
2025-01-01 01:16:00,226.29,142.08,16.2,26.47,0.0,0.0,0.0
2025-01-01 01:17:00,251.67,140.53,7.82,31.78,5.11,0.0,0.0
2025-01-01 01:18:00,286.88,142.09,20.63,27.34,3.0,3.43,34.07
2025-01-01 01:19:00,253.08,133.78,5.0,19.74,7.57,4.91,42.92
2025-01-01 01:20:00,258.74,140.85,12.42,28.43,0.0,0.0,20.3
2025-01-01 01:21:00,217.84,143.16,5.0,27.7,0.0,0.0,0.0
2025-01-01 01:22:00,246.18,147.64,19.65,21.45,0.0,0.0,0.0
2025-01-01 01:23:00,191.55,139.65,5.0,17.76,10.18,3.21,8.11
2025-01-01 01:24:00,303.83,138.49,5.0,37.49,0.0,9.58,34.53
2025-01-01 01:25:00,183.31,139.72,5.0,34.67,0.0,0.0,0.0
2025-01-01 01:26:00,250.43,145.39,12.25,25.91,0.39,0.0,36.22
2025-01-01 01:27:00,202.36,143.04,12.24,23.97,1.08,5.22,6.83
2025-01-01 01:28:00,264.44,139.61,5.0,23.53,0.0,12.31,9.0
2025-01-01 01:29:00,259.37,143.78,11.03,26.08,1.88,5.46,0.0
2025-01-01 01:30:00,230.9,142.12,5.53,36.25,9.22,0.0,0.0
2025-01-01 01:31:00,290.98,145.6,5.0,39.63,0.0,16.36,60.96
2025-01-01 01:32:00,243.79,138.92,6.62,23.4,0.0,0.0,34.78
2025-01-01 01:33:00,258.54,140.42,9.65,34.6,0.0,5.55,16.81
2025-01-01 01:34:00,270.66,140.16,11.39,34.77,0.0,2.8,0.0
2025-01-01 01:35:00,223.36,135.87,13.81,22.37,2.15,0.0,0.0
2025-01-01 01:36:00,268.3,142.91,13.52,39.65,5.36,1.98,0.0
2025-01-01 01:37:00,192.66,142.77,13.92,28.71,0.0,0.0,0.0
2025-01-01 01:38:00,268.08,141.75,13.77,22.66,0.0,0.0,26.48
2025-01-01 01:39:00,246.45,140.79,8.79,23.6,0.0,7.16,13.72
2025-01-01 01:40:00,196.84,136.07,10.7,33.86,0.0,0.82,0.0
2025-01-01 01:41:00,282.72,140.04,8.28,31.69,0.0,12.75,25.81
2025-01-01 01:42:00,260.3,140.36,6.95,28.92,0.0,3.29,10.79
2025-01-01 01:43:00,231.9,138.52,12.35,21.25,4.92,0.0,0.0
2025-01-01 01:44:00,268.8,141.08,10.2,41.86,12.05,10.65,0.0
2025-01-01 01:45:00,249.44,143.34,13.77,29.94,0.0,4.43,0.0
2025-01-01 01:46:00,230.25,149.27,8.34,31.16,0.0,0.0,1.53
2025-01-01 01:47:00,289.34,142.43,5.0,35.99,0.0,0.0,45.56
2025-01-01 01:48:00,262.73,142.76,5.0,29.23,4.67,0.0,10.1
2025-01-01 01:49:00,206.73,141.43,9.64,33.66,2.98,9.02,0.0
2025-01-01 01:50:00,256.11,134.05,10.5,18.64,0.0,2.9,26.46
2025-01-01 01:51:00,264.84,141.62,11.5,25.9,5.58,0.0,0.0
2025-01-01 01:52:00,263.17,141.97,7.0,29.82,20.96,0.0,0.0
2025-01-01 01:53:00,273.27,151.58,7.05,26.24,15.61,11.22,0.0
2025-01-01 01:54:00,262.21,140.96,16.94,32.94,1.47,0.0,26.0
2025-01-01 01:55:00,251.51,142.93,5.0,47.48,0.0,3.73,0.0
2025-01-01 01:56:00,259.08,141.59,13.09,29.56,0.0,0.15,0.0
2025-01-01 01:57:00,232.75,137.05,10.86,34.04,7.91,5.53,0.0
2025-01-01 01:58:00,325.67,146.3,12.71,37.56,5.52,10.44,29.11
2025-01-01 01:59:00,204.86,144.74,7.66,27.39,0.0,0.0,1.89
2025-01-01 02:00:00,254.45,144.89,13.78,21.19,0.0,7.49,4.45
2025-01-01 02:01:00,1367.02,138.09,10.06,24.11,1.55,1.65,0.0
2025-01-01 02:02:00,269.55,147.34,9.14,33.05,8.13,0.0,22.78
2025-01-01 02:03:00,283.78,136.12,5.46,34.9,9.96,0.83,14.82
2025-01-01 02:04:00,234.77,144.07,6.1,23.88,9.07,5.06,12.26
2025-01-01 02:05:00,243.49,150.49,5.0,25.59,0.0,0.0,0.0
2025-01-01 02:06:00,1364.16,137.77,9.02,29.66,0.0,6.53,3.85
2025-01-01 02:07:00,227.77,139.46,5.0,26.41,12.03,11.86,0.0
2025-01-01 02:08:00,298.89,142.13,11.85,44.64,14.12,0.0,22.07
2025-01-01 02:09:00,248.2,139.71,11.39,43.5,5.33,0.0,17.12
2025-01-01 02:10:00,274.09,135.52,5.0,18.24,2.27,14.62,18.1
2025-01-01 02:11:00,247.68,142.0,5.3,40.25,0.0,4.93,0.0
2025-01-01 02:12:00,247.54,137.48,5.0,33.29,7.31,0.78,20.41
2025-01-01 02:13:00,244.71,143.62,5.0,26.98,1.93,0.0,13.07
2025-01-01 02:14:00,233.87,138.05,12.94,33.75,9.3,0.0,0.0
2025-01-01 02:15:00,289.91,147.93,8.07,28.56,12.42,4.87,39.46
2025-01-01 02:16:00,238.08,138.59,11.43,19.38,0.0,1.42,16.72
2025-01-01 02:17:00,240.8,140.44,11.4,35.79,9.76,6.47,0.0
2025-01-01 02:18:00,245.41,144.98,10.7,37.13,4.23,3.12,0.0
2025-01-01 02:19:00,197.82,136.8,5.0,24.07,0.0,4.52,0.0
2025-01-01 02:20:00,267.83,142.64,10.84,33.27,0.0,1.6,0.0
2025-01-01 02:21:00,257.97,146.96,5.0,27.32,0.0,3.62,0.0
2025-01-01 02:22:00,249.86,135.3,11.54,34.49,6.57,1.44,4.53
2025-01-01 02:23:00,266.33,142.47,5.0,18.96,5.74,4.3,0.0
2025-01-01 02:24:00,240.95,142.77,5.0,33.04,2.18,0.36,2.87
2025-01-01 02:25:00,224.23,144.85,5.91,24.71,0.0,5.47,7.07
2025-01-01 02:26:00,256.31,136.78,13.66,33.49,0.0,7.09,0.0
2025-01-01 02:27:00,187.8,136.45,8.01,21.52,0.0,12.7,0.0
2025-01-01 02:28:00,285.51,143.82,5.17,43.84,1.09,0.94,29.85
2025-01-01 02:29:00,230.91,142.92,6.58,20.54,0.0,11.66,4.03
2025-01-01 02:30:00,244.65,142.73,10.33,44.39,0.0,4.45,0.0
2025-01-01 02:31:00,302.22,143.11,8.91,41.83,6.7,4.17,34.6
2025-01-01 02:32:00,283.71,139.01,10.66,29.36,5.23,1.98,8.09
2025-01-01 02:33:00,239.07,142.66,10.74,19.38,5.14,0.0,9.35
2025-01-01 02:34:00,260.39,142.9,5.55,32.51,4.67,8.12,17.74
2025-01-01 02:35:00,250.69,138.87,5.02,40.3,3.25,0.0,0.0
2025-01-01 02:36:00,252.46,149.19,11.97,16.79,0.69,2.66,33.66
2025-01-01 02:37:00,267.83,143.62,7.85,36.66,3.79,8.11,37.19
2025-01-01 02:38:00,211.6,136.96,11.83,29.15,1.49,0.23,0.0
2025-01-01 02:39:00,211.53,144.35,5.0,31.94,0.89,7.87,4.03
2025-01-01 02:40:00,241.49,137.83,5.0,27.4,3.64,0.0,8.68
2025-01-01 02:41:00,249.8,144.88,5.0,31.29,1.15,1.66,0.0
2025-01-01 02:42:00,247.85,146.36,5.67,25.69,8.93,0.0,29.76
2025-01-01 02:43:00,226.36,138.44,5.0,35.53,7.88,0.0,0.0
2025-01-01 02:44:00,264.22,145.58,10.65,30.54,12.0,0.0,18.54
2025-01-01 02:45:00,321.13,143.38,6.77,43.5,7.39,0.0,27.1
2025-01-01 02:46:00,228.42,145.02,6.86,24.94,0.65,4.27,0.0
2025-01-01 02:47:00,174.6,149.31,8.49,30.34,3.45,0.0,1.35
2025-01-01 02:48:00,202.46,140.75,15.95,29.23,1.23,0.0,0.08
2025-01-01 02:49:00,256.8,138.71,15.75,35.97,0.0,2.27,0.0
2025-01-01 02:50:00,199.81,138.17,10.87,30.03,4.0,0.0,0.0
2025-01-01 02:51:00,270.26,138.46,7.33,30.84,0.0,0.0,5.1
2025-01-01 02:52:00,247.72,141.42,5.0,33.33,1.34,0.0,0.0
2025-01-01 02:53:00,298.41,143.09,14.44,38.99,9.62,0.0,25.81
2025-01-01 02:54:00,251.39,142.83,5.0,26.48,9.65,10.14,0.0
2025-01-01 02:55:00,226.55,145.04,6.17,29.37,3.76,14.39,0.0
2025-01-01 02:56:00,213.89,141.78,7.83,25.76,5.14,1.07,0.0
2025-01-01 02:57:00,250.48,147.54,5.0,22.52,3.2,0.14,0.35
2025-01-01 02:58:00,789.13,140.67,8.73,37.58,2.47,1.96,36.55
2025-01-01 02:59:00,277.46,152.61,5.0,28.01,16.85,6.65,0.0
2025-01-01 03:00:00,269.68,144.23,12.39,29.07,11.31,0.0,23.55
2025-01-01 03:01:00,242.15,138.3,13.61,34.09,0.0,10.5,0.0
2025-01-01 03:02:00,243.36,137.44,11.52,26.92,13.32,5.89,0.0
2025-01-01 03:03:00,301.57,143.66,5.0,35.46,2.45,15.9,30.04
2025-01-01 03:04:00,277.48,140.83,5.0,37.58,8.05,15.77,2.33
2025-01-01 03:05:00,244.5,144.58,7.09,35.62,2.14,0.49,0.0
2025-01-01 03:06:00,287.87,143.62,11.74,28.84,7.72,13.32,10.11
2025-01-01 03:07:00,531.32,141.44,7.15,32.47,0.0,2.19,0.0
2025-01-01 03:08:00,291.94,138.34,10.31,24.53,2.26,0.0,42.17
2025-01-01 03:09:00,269.9,135.67,14.91,34.42,0.0,0.0,39.51
2025-01-01 03:10:00,238.9,139.94,9.08,22.66,0.0,8.38,0.0
2025-01-01 03:11:00,246.87,145.15,12.42,39.1,1.44,0.0,0.0
2025-01-01 03:12:00,205.62,142.58,8.56,24.05,0.0,2.37,0.0
2025-01-01 03:13:00,290.17,136.74,11.75,34.61,0.0,11.6,8.86
2025-01-01 03:14:00,280.67,142.42,14.98,34.21,3.52,0.0,18.15
2025-01-01 03:15:00,249.08,143.27,5.0,32.31,6.56,0.49,7.61
2025-01-01 03:16:00,216.05,138.19,6.33,37.91,1.59,0.0,7.8
2025-01-01 03:17:00,267.5,142.34,5.0,24.48,3.54,15.29,12.05
2025-01-01 03:18:00,280.58,141.96,9.69,34.21,5.17,4.01,17.23
2025-01-01 03:19:00,232.62,137.16,20.35,31.69,0.0,12.76,4.75
2025-01-01 03:20:00,239.21,143.16,5.2,30.01,0.0,5.19,0.0
2025-01-01 03:21:00,214.44,143.97,5.33,27.86,0.0,4.84,0.0
2025-01-01 03:22:00,237.56,146.06,12.33,27.85,3.67,1.05,0.0
2025-01-01 03:23:00,236.75,145.94,14.7,27.8,0.0,1.24,26.12
2025-01-01 03:24:00,223.98,136.22,5.0,31.02,4.45,4.68,8.18
2025-01-01 03:25:00,210.65,137.98,11.26,18.62,0.0,2.78,0.0
2025-01-01 03:26:00,269.49,143.79,5.91,30.42,0.19,8.37,14.62
2025-01-01 03:27:00,241.69,143.78,5.0,30.52,0.0,0.77,0.0
2025-01-01 03:28:00,216.23,143.79,5.46,24.85,0.0,0.93,0.0
2025-01-01 03:29:00,298.37,157.14,15.04,40.26,19.69,1.71,26.7
2025-01-01 03:30:00,242.43,144.01,9.82,33.23,0.73,6.55,6.82
2025-01-01 03:31:00,235.1,146.27,8.93,22.07,0.66,9.22,0.0
2025-01-01 03:32:00,270.46,145.54,5.0,38.53,2.69,5.87,25.07
2025-01-01 03:33:00,248.72,144.33,14.66,37.72,0.31,11.43,9.73
2025-01-01 03:34:00,220.75,140.47,10.43,36.77,4.11,0.0,0.0
2025-01-01 03:35:00,229.53,144.76,5.0,33.75,5.5,0.0,8.03
2025-01-01 03:36:00,260.35,138.64,6.4,32.66,0.0,8.51,0.0
2025-01-01 03:37:00,232.71,140.78,5.0,40.01,12.14,1.06,0.1
2025-01-01 03:38:00,256.67,139.79,5.0,24.98,2.5,0.0,22.47
2025-01-01 03:39:00,254.33,142.05,13.69,38.54,0.0,2.16,1.75
2025-01-01 03:40:00,274.17,150.99,11.01,17.76,5.1,9.81,27.09
2025-01-01 03:41:00,235.0,134.26,8.28,35.08,7.37,6.4,0.0
2025-01-01 03:42:00,229.68,144.47,6.88,38.78,8.17,0.0,15.53
2025-01-01 03:43:00,276.22,135.28,15.1,25.87,11.91,10.65,12.05
2025-01-01 03:44:00,236.7,139.84,8.83,35.24,18.19,0.0,0.22
2025-01-01 03:45:00,269.28,146.08,13.43,36.23,0.0,5.5,25.21
2025-01-01 03:46:00,175.21,141.98,5.0,30.21,0.0,0.0,7.17
2025-01-01 03:47:00,245.14,137.42,6.4,35.56,4.43,6.65,1.87
2025-01-01 03:48:00,257.01,138.87,10.73,37.6,5.79,0.0,8.97
2025-01-01 03:49:00,278.41,144.45,16.8,33.51,5.59,2.42,9.95
2025-01-01 03:50:00,269.34,138.81,10.7,37.15,2.13,0.0,23.57
2025-01-01 03:51:00,217.72,142.59,5.0,33.25,4.45,0.62,24.97
2025-01-01 03:52:00,246.33,141.91,10.49,34.68,0.0,16.13,0.0
2025-01-01 03:53:00,259.24,139.12,7.87,37.03,0.0,7.64,17.58
2025-01-01 03:54:00,259.36,150.3,11.4,30.22,7.8,0.0,5.75
2025-01-01 03:55:00,269.96,144.26,9.0,24.81,16.63,2.41,9.18
2025-01-01 03:56:00,214.42,133.63,11.78,23.67,0.0,0.0,6.1
2025-01-01 03:57:00,215.67,142.47,7.6,28.42,12.98,0.0,0.0
2025-01-01 03:58:00,237.88,139.08,14.47,22.05,0.95,0.64,14.91
2025-01-01 03:59:00,254.51,145.14,13.98,25.74,12.65,0.0,21.39
2025-01-01 04:00:00,231.53,138.56,6.5,36.66,0.0,11.5,0.0
2025-01-01 04:01:00,270.4,141.27,6.88,24.4,0.0,1.49,0.0
2025-01-01 04:02:00,258.48,143.75,5.5,33.41,3.43,4.9,27.96
2025-01-01 04:03:00,220.02,145.19,6.49,35.27,0.0,2.65,0.0
2025-01-01 04:04:00,264.92,136.93,7.76,34.32,0.0,0.0,40.46
2025-01-01 04:05:00,271.37,140.39,5.01,34.81,4.35,0.0,15.49
2025-01-01 04:06:00,274.51,139.83,9.17,33.6,0.0,0.0,17.95
2025-01-01 04:07:00,249.33,139.11,5.0,15.94,4.09,0.0,4.73
2025-01-01 04:08:00,233.74,148.79,5.0,22.74,10.34,0.0,13.18
2025-01-01 04:09:00,220.11,143.35,5.0,27.12,0.0,0.0,0.0
2025-01-01 04:10:00,235.63,136.68,5.0,34.89,0.0,7.18,20.21
2025-01-01 04:11:00,284.25,145.4,13.9,33.03,0.0,12.45,25.5
2025-01-01 04:12:00,256.26,150.22,5.71,39.1,0.79,0.0,0.0
2025-01-01 04:13:00,230.32,145.86,11.67,31.53,3.9,9.87,0.0
2025-01-01 04:14:00,282.43,135.65,11.86,26.83,1.78,3.18,26.47
2025-01-01 04:15:00,212.42,139.79,5.9,27.59,3.05,0.0,0.0
2025-01-01 04:16:00,240.57,146.8,5.0,29.9,0.0,5.63,0.0
2025-01-01 04:17:00,246.26,138.9,12.4,29.54,5.72,0.14,0.0
2025-01-01 04:18:00,254.76,143.5,5.0,35.4,7.05,2.21,0.0
2025-01-01 04:19:00,313.92,144.83,17.11,36.22,1.62,0.0,52.42
2025-01-01 04:20:00,215.39,138.02,10.54,38.1,8.41,4.2,0.0
2025-01-01 04:21:00,261.65,141.49,10.54,28.1,3.86,0.0,32.46
2025-01-01 04:22:00,220.1,128.76,5.0,37.32,0.0,1.86,0.0
2025-01-01 04:23:00,266.9,137.63,5.99,34.32,4.83,9.8,17.22
2025-01-01 04:24:00,243.55,140.72,10.02,29.96,9.29,1.82,0.0
2025-01-01 04:25:00,286.59,136.74,11.1,36.81,3.22,0.98,0.0
2025-01-01 04:26:00,281.56,148.26,10.33,35.59,11.44,4.11,15.89
2025-01-01 04:27:00,248.96,136.01,8.5,40.53,6.57,10.75,0.0
2025-01-01 04:28:00,247.93,139.97,5.0,35.17,0.01,8.56,0.0
2025-01-01 04:29:00,224.48,142.25,5.75,32.76,0.0,6.42,12.38
2025-01-01 04:30:00,265.51,147.49,5.0,29.78,0.0,0.0,0.0
2025-01-01 04:31:00,255.0,135.98,5.0,20.14,0.98,6.55,0.0
2025-01-01 04:32:00,247.92,146.38,12.23,25.72,2.8,0.93,27.31
2025-01-01 04:33:00,268.2,141.77,14.77,27.66,11.71,3.69,0.0
2025-01-01 04:34:00,244.29,137.8,11.33,32.42,6.93,0.0,0.0
2025-01-01 04:35:00,221.18,143.58,11.88,41.51,3.65,0.0,0.0
2025-01-01 04:36:00,270.54,142.52,7.55,30.67,0.0,0.0,15.31
2025-01-01 04:37:00,265.49,139.33,11.69,32.26,3.21,14.11,0.0
2025-01-01 04:38:00,228.09,142.01,5.0,27.11,4.13,4.84,6.2
2025-01-01 04:39:00,248.52,140.19,14.61,26.29,0.0,0.01,32.26
2025-01-01 04:40:00,293.82,142.18,16.62,23.88,0.0,0.0,22.25
2025-01-01 04:41:00,289.19,144.38,6.47,20.85,0.0,6.5,55.97
2025-01-01 04:42:00,257.18,148.07,10.62,28.07,1.31,0.0,17.7
2025-01-01 04:43:00,283.31,136.78,14.29,37.78,6.86,10.42,1.61
2025-01-01 04:44:00,277.85,150.26,5.0,33.9,3.77,0.0,18.28
2025-01-01 04:45:00,250.14,133.92,13.94,29.76,6.32,0.0,0.0
2025-01-01 04:46:00,260.69,141.12,8.99,34.59,3.85,11.27,0.0
2025-01-01 04:47:00,239.9,144.08,10.55,15.29,6.5,0.0,8.76
2025-01-01 04:48:00,248.5,142.85,12.52,29.99,0.0,0.0,5.31
2025-01-01 04:49:00,257.65,139.24,14.26,28.35,9.3,0.0,2.33
2025-01-01 04:50:00,234.33,140.89,5.0,32.0,5.67,0.0,0.0
2025-01-01 04:51:00,239.26,139.76,6.33,23.94,1.96,1.22,21.7
2025-01-01 04:52:00,212.63,139.37,10.0,32.41,0.0,4.67,0.0
2025-01-01 04:53:00,262.1,145.13,13.14,29.07,8.71,0.0,15.02
2025-01-01 04:54:00,225.68,143.16,11.23,21.23,0.0,0.7,2.2
2025-01-01 04:55:00,231.33,138.96,5.0,26.26,9.81,7.92,0.0
2025-01-01 04:56:00,264.74,145.33,9.31,29.73,0.0,4.44,0.0
2025-01-01 04:57:00,226.14,142.96,9.58,20.48,9.94,5.31,0.0
2025-01-01 04:58:00,279.83,144.98,12.69,41.21,3.37,0.0,13.9
2025-01-01 04:59:00,269.9,144.25,14.98,37.87,5.69,7.57,4.68
2025-01-01 05:00:00,258.27,138.41,5.0,23.93,24.07,0.0,0.0
2025-01-01 05:01:00,246.16,139.49,8.02,25.15,0.0,9.02,19.85
2025-01-01 05:02:00,244.73,144.72,5.48,45.48,0.0,15.47,0.0
2025-01-01 05:03:00,271.74,144.17,9.51,23.56,0.58,5.15,11.96
2025-01-01 05:04:00,272.13,141.64,5.65,34.96,1.61,5.16,38.77
2025-01-01 05:05:00,226.67,142.2,6.28,26.56,0.0,0.0,0.0
2025-01-01 05:06:00,256.65,146.84,6.51,31.93,2.7,1.5,13.09
2025-01-01 05:07:00,222.84,139.36,5.0,37.02,0.0,0.0,5.5
2025-01-01 05:08:00,251.11,143.92,5.0,30.03,1.51,0.0,24.64
2025-01-01 05:09:00,240.33,140.92,13.53,27.44,0.0,0.0,13.74
2025-01-01 05:10:00,234.13,140.86,11.42,33.01,4.77,0.0,5.61
2025-01-01 05:11:00,215.13,146.12,5.0,23.28,1.71,0.0,0.6
2025-01-01 05:12:00,223.58,145.03,12.07,32.44,5.83,0.0,0.0
2025-01-01 05:13:00,206.65,144.98,5.0,26.49,2.08,1.98,0.0
2025-01-01 05:14:00,208.52,146.95,7.24,25.81,12.0,0.0,0.0
2025-01-01 05:15:00,253.34,141.81,5.0,36.9,4.31,5.16,0.0
2025-01-01 05:16:00,173.11,144.46,5.66,19.07,1.79,3.66,1.1
2025-01-01 05:17:00,276.89,140.49,18.61,23.58,0.0,4.79,0.0
2025-01-01 05:18:00,255.96,143.02,10.62,39.89,2.76,0.0,0.0
2025-01-01 05:19:00,236.08,141.21,10.79,27.25,3.42,0.0,10.59
2025-01-01 05:20:00,229.9,142.12,9.88,32.56,9.74,0.0,0.0
2025-01-01 05:21:00,250.2,144.11,6.73,29.01,0.0,2.52,18.09
2025-01-01 05:22:00,234.67,138.45,5.0,26.09,1.22,0.0,6.67
2025-01-01 05:23:00,268.05,150.1,5.0,28.23,4.81,2.61,1.58
2025-01-01 05:24:00,256.17,137.7,18.83,27.37,0.68,4.78,0.0
2025-01-01 05:25:00,279.75,136.87,8.14,28.05,10.04,0.0,43.26
2025-01-01 05:26:00,232.64,146.36,7.02,35.22,2.98,12.19,0.0
2025-01-01 05:27:00,231.94,144.89,12.38,35.65,0.0,1.67,0.0
2025-01-01 05:28:00,209.27,144.22,7.46,21.9,1.55,5.99,0.0
2025-01-01 05:29:00,244.51,144.24,18.01,32.53,0.0,0.0,0.0
2025-01-01 05:30:00,217.75,141.68,13.33,24.5,0.0,4.09,10.07
2025-01-01 05:31:00,243.84,138.14,5.0,33.61,0.0,3.73,0.0
2025-01-01 05:32:00,246.22,142.03,5.0,24.02,4.09,1.79,0.0
2025-01-01 05:33:00,270.15,139.02,5.95,30.18,5.51,0.0,26.21
2025-01-01 05:34:00,242.51,145.63,8.47,20.65,7.36,2.9,0.0
2025-01-01 05:35:00,238.42,141.14,12.14,24.15,11.77,0.0,3.61
2025-01-01 05:36:00,212.82,138.43,15.23,32.01,0.02,3.19,0.0
2025-01-01 05:37:00,273.67,140.44,11.87,25.18,5.82,0.0,0.89
2025-01-01 05:38:00,242.46,143.38,10.31,27.04,5.56,6.13,9.51
2025-01-01 05:39:00,248.7,139.47,8.85,23.42,0.0,0.0,51.56
2025-01-01 05:40:00,186.64,138.44,19.58,28.86,0.0,0.0,0.91
2025-01-01 05:41:00,285.55,142.7,5.0,40.4,0.0,4.88,0.0
2025-01-01 05:42:00,236.96,142.71,5.0,26.75,3.27,8.17,0.0
2025-01-01 05:43:00,214.59,139.7,9.98,31.06,0.0,13.32,0.0
2025-01-01 05:44:00,248.88,139.84,8.1,33.81,8.97,0.0,22.64
2025-01-01 05:45:00,203.87,142.66,5.0,32.38,0.42,0.0,0.0
2025-01-01 05:46:00,253.75,135.94,7.54,30.06,16.76,5.63,7.63
2025-01-01 05:47:00,218.31,136.1,6.58,32.3,0.0,1.12,7.42
2025-01-01 05:48:00,234.91,138.85,17.1,33.34,1.05,0.0,3.82
2025-01-01 05:49:00,241.51,140.87,10.44,30.67,6.33,0.0,6.54
2025-01-01 05:50:00,223.7,142.97,18.28,35.51,0.0,4.32,1.52
2025-01-01 05:51:00,273.39,147.63,11.56,33.92,0.0,2.99,33.82
2025-01-01 05:52:00,218.3,145.16,5.0,29.16,0.59,7.44,0.0
2025-01-01 05:53:00,232.89,141.09,5.01,38.15,1.72,0.21,0.0
2025-01-01 05:54:00,249.83,141.65,7.18,43.37,0.0,0.0,4.71
2025-01-01 05:55:00,241.99,137.72,17.04,33.33,0.0,6.07,0.0
2025-01-01 05:56:00,247.07,141.65,8.38,30.51,8.15,0.0,3.91
2025-01-01 05:57:00,255.38,140.57,12.17,27.71,2.68,0.0,29.36
2025-01-01 05:58:00,253.16,143.02,8.71,28.19,0.0,2.46,0.0
2025-01-01 05:59:00,221.14,138.42,5.93,23.46,5.67,0.78,0.0
2025-01-01 06:00:00,244.98,143.8,6.94,25.53,0.0,4.33,1.92
2025-01-01 06:01:00,258.33,147.86,5.26,34.72,0.0,0.08,0.0
2025-01-01 06:02:00,226.75,141.29,6.47,28.87,5.46,13.34,0.0
2025-01-01 06:03:00,277.07,143.33,6.93,30.16,4.46,7.42,6.73
2025-01-01 06:04:00,251.22,144.49,10.84,29.78,0.0,12.95,0.0
2025-01-01 06:05:00,227.94,140.12,12.58,32.93,9.09,6.54,0.0
2025-01-01 06:06:00,232.64,142.62,10.37,25.63,6.5,1.66,2.02
2025-01-01 06:07:00,229.37,141.78,8.41,20.69,0.0,0.0,2.02
2025-01-01 06:08:00,223.59,142.12,12.45,30.4,0.0,6.08,0.0
2025-01-01 06:09:00,253.01,138.64,13.39,17.59,12.98,5.12,17.41
2025-01-01 06:10:00,278.32,141.83,14.9,31.35,0.0,6.23,0.0
2025-01-01 06:11:00,273.76,143.72,5.0,32.19,9.49,0.0,33.6
2025-01-01 06:12:00,221.73,147.53,5.0,26.84,1.53,1.2,8.39
2025-01-01 06:13:00,292.16,145.56,5.0,36.58,2.29,1.34,19.49
2025-01-01 06:14:00,219.43,150.34,7.93,34.05,1.07,3.37,0.79
2025-01-01 06:15:00,263.14,138.66,9.93,32.8,0.0,0.0,7.96
2025-01-01 06:16:00,269.24,145.22,9.77,29.17,3.3,5.04,0.0
2025-01-01 06:17:00,264.29,142.46,5.0,33.93,12.6,2.05,8.65
2025-01-01 06:18:00,257.52,150.49,9.72,35.54,8.48,6.03,0.0
2025-01-01 06:19:00,264.62,138.49,12.46,27.02,0.0,4.53,18.59
2025-01-01 06:20:00,210.35,138.37,14.54,35.89,0.0,0.0,0.0
2025-01-01 06:21:00,267.56,139.33,5.0,42.4,0.0,2.32,13.08
2025-01-01 06:22:00,266.89,133.23,8.35,39.69,7.16,0.0,21.59
2025-01-01 06:23:00,239.78,139.62,13.95,24.05,0.0,11.51,0.0
2025-01-01 06:24:00,239.57,138.69,12.27,32.92,0.0,0.0,0.0
2025-01-01 06:25:00,216.93,142.33,5.0,32.82,1.04,0.0,5.64
2025-01-01 06:26:00,245.84,143.09,5.4,27.45,0.0,1.47,0.0
2025-01-01 06:27:00,218.3,149.23,5.0,34.77,0.0,4.34,0.0
2025-01-01 06:28:00,262.79,145.53,8.25,25.46,0.0,1.27,4.4
2025-01-01 06:29:00,288.19,139.42,10.32,34.02,13.45,6.26,26.09
2025-01-01 06:30:00,248.97,138.13,10.59,27.98,2.4,3.75,0.0
2025-01-01 06:31:00,224.78,143.7,6.48,21.16,0.0,2.33,0.0
2025-01-01 06:32:00,241.59,136.45,10.58,27.25,0.0,0.0,0.0
2025-01-01 06:33:00,307.58,149.05,11.06,31.12,0.0,11.0,17.41
2025-01-01 06:34:00,262.14,146.45,10.74,24.48,5.27,5.69,1.58
2025-01-01 06:35:00,267.88,139.85,10.25,41.58,0.0,2.52,42.02
2025-01-01 06:36:00,254.22,134.87,8.45,27.56,8.12,7.5,0.0
2025-01-01 06:37:00,232.35,147.14,12.16,24.37,0.0,0.0,0.0
2025-01-01 06:38:00,268.94,141.27,10.32,37.08,14.0,0.0,19.32
2025-01-01 06:39:00,257.04,146.68,5.0,38.82,3.51,5.76,11.89
2025-01-01 06:40:00,226.53,135.35,10.23,29.84,0.0,0.0,8.58
2025-01-01 06:41:00,271.73,139.33,12.88,27.37,0.0,14.23,7.23
2025-01-01 06:42:00,240.74,141.75,5.38,29.22,3.5,0.0,0.0
2025-01-01 06:43:00,297.61,141.92,13.06,41.97,0.0,12.89,0.0
2025-01-01 06:44:00,199.06,139.93,10.14,26.83,0.0,12.84,1.09
2025-01-01 06:45:00,262.72,144.22,16.91,31.31,15.05,12.71,0.0
2025-01-01 06:46:00,230.64,137.46,8.09,35.02,0.0,9.68,2.58
2025-01-01 06:47:00,245.19,141.16,7.9,36.46,1.42,0.0,0.0
2025-01-01 06:48:00,226.48,142.21,7.48,32.54,0.0,7.46,0.0
2025-01-01 06:49:00,258.07,143.79,6.47,16.3,0.0,0.11,8.09
2025-01-01 06:50:00,194.83,144.57,5.0,28.06,1.25,0.0,0.0
2025-01-01 06:51:00,241.52,137.23,7.74,31.64,4.04,0.0,12.38
2025-01-01 06:52:00,227.14,135.59,5.0,34.1,9.23,2.69,1.95
2025-01-01 06:53:00,224.63,146.84,14.05,23.16,0.0,2.69,26.22
2025-01-01 06:54:00,224.63,143.06,12.05,44.33,7.96,0.0,0.0
2025-01-01 06:55:00,215.5,138.73,5.0,24.89,3.06,7.87,0.0
2025-01-01 06:56:00,256.37,147.93,10.51,34.23,0.71,2.2,11.64
2025-01-01 06:57:00,251.21,142.19,13.26,32.16,4.01,5.0,0.0
2025-01-01 06:58:00,229.08,146.44,5.0,35.13,1.42,4.59,0.0
2025-01-01 06:59:00,240.12,142.0,5.0,38.6,5.1,0.0,0.0
2025-01-01 07:00:00,260.55,149.97,13.98,7.99,0.0,4.08,0.0
2025-01-01 07:01:00,178.41,148.75,7.35,0.0,0.0,0.0,0.0
2025-01-01 07:02:00,187.37,140.73,8.55,0.0,8.4,0.0,0.0
2025-01-01 07:03:00,202.81,145.61,5.0,5.37,0.0,0.0,12.9
2025-01-01 07:04:00,204.67,144.31,5.0,8.27,4.42,0.0,8.31
2025-01-01 07:05:00,234.15,147.2,5.0,7.69,5.4,0.0,10.66
2025-01-01 07:06:00,232.68,137.87,12.06,6.13,5.47,2.8,9.07
2025-01-01 07:07:00,216.03,144.47,5.83,0.54,4.25,0.0,14.3
2025-01-01 07:08:00,218.74,145.96,5.51,0.0,0.0,2.82,0.0
2025-01-01 07:09:00,188.37,134.69,9.69,0.0,7.37,0.0,0.0
2025-01-01 07:10:00,209.95,136.99,5.0,8.05,0.0,8.07,0.0
2025-01-01 07:11:00,204.59,133.57,12.89,1.43,14.16,3.8,4.61
2025-01-01 07:12:00,211.27,140.65,6.41,4.21,0.0,2.63,3.21
2025-01-01 07:13:00,211.11,144.6,5.0,5.91,0.0,4.44,2.53
2025-01-01 07:14:00,212.94,147.74,14.88,6.29,0.07,0.11,0.0
2025-01-01 07:15:00,251.95,142.02,14.68,11.74,2.93,0.0,28.99
2025-01-01 07:16:00,189.03,148.24,5.71,4.47,0.0,7.08,0.0
2025-01-01 07:17:00,220.8,136.21,9.55,10.96,0.0,9.88,0.0
2025-01-01 07:18:00,221.67,134.91,14.2,11.19,0.0,5.33,0.0
2025-01-01 07:19:00,207.7,141.51,11.08,0.0,0.0,9.02,0.0
2025-01-01 07:20:00,200.42,143.26,7.14,2.81,5.27,0.0,4.5
2025-01-01 07:21:00,216.54,141.6,12.84,0.0,0.0,2.8,0.0
2025-01-01 07:22:00,184.11,133.46,5.74,7.55,0.84,0.0,0.0
2025-01-01 07:23:00,241.94,141.37,5.0,3.94,0.0,0.0,0.0
2025-01-01 07:24:00,204.21,136.51,6.75,0.0,0.0,2.75,0.0
2025-01-01 07:25:00,243.5,144.41,5.0,3.97,7.59,4.64,24.01
2025-01-01 07:26:00,197.66,143.19,11.15,6.26,5.6,0.0,0.0
2025-01-01 07:27:00,191.65,137.97,13.21,0.0,2.07,10.25,0.0
2025-01-01 07:28:00,205.99,139.67,7.44,12.55,4.47,2.01,0.0
2025-01-01 07:29:00,213.76,137.49,5.0,4.12,0.0,7.23,0.0
2025-01-01 07:30:00,242.35,141.48,11.18,3.1,4.5,10.93,20.73
2025-01-01 07:31:00,246.17,145.55,5.2,14.37,0.0,0.0,0.0
2025-01-01 07:32:00,228.13,137.78,12.08,5.73,6.15,1.37,0.0
2025-01-01 07:33:00,256.67,143.74,5.0,11.38,0.0,0.0,20.33
2025-01-01 07:34:00,180.4,139.61,6.88,0.0,1.51,13.66,4.24
2025-01-01 07:35:00,221.07,138.56,12.42,0.95,0.0,0.0,25.06
2025-01-01 07:36:00,243.38,141.3,12.3,6.12,0.0,8.64,33.24
2025-01-01 07:37:00,243.21,137.59,10.43,0.0,6.54,2.12,3.74
2025-01-01 07:38:00,270.71,139.51,10.46,3.09,0.0,0.0,22.57
2025-01-01 07:39:00,184.76,136.94,10.57,2.64,0.77,0.0,0.0
2025-01-01 07:40:00,231.94,149.59,5.0,3.89,2.12,6.07,0.0
2025-01-01 07:41:00,239.25,141.87,5.0,0.0,6.2,5.32,9.97
2025-01-01 07:42:00,232.57,138.93,7.47,4.57,3.04,1.6,25.08
2025-01-01 07:43:00,197.61,142.58,5.0,8.97,2.37,0.94,8.78
2025-01-01 07:44:00,217.72,141.28,8.12,8.88,2.02,5.5,11.27
2025-01-01 07:45:00,192.35,140.84,7.71,3.82,7.0,3.53,0.0
2025-01-01 07:46:00,220.88,144.18,5.0,2.46,6.39,6.91,36.54
2025-01-01 07:47:00,212.07,144.76,15.08,19.84,0.34,4.24,0.0
2025-01-01 07:48:00,178.4,139.61,6.36,6.23,7.27,0.0,0.0
2025-01-01 07:49:00,203.6,139.42,6.33,10.89,0.0,3.73,3.86
2025-01-01 07:50:00,195.53,140.63,6.81,0.0,0.0,0.0,35.7
2025-01-01 07:51:00,251.92,132.52,15.24,6.24,8.78,0.0,17.1
2025-01-01 07:52:00,213.41,135.67,6.88,16.36,0.0,0.95,0.0
2025-01-01 07:53:00,275.37,147.19,10.24,0.0,2.3,7.36,15.98
2025-01-01 07:54:00,250.48,148.31,5.0,5.4,4.23,0.0,45.09
2025-01-01 07:55:00,198.7,140.73,7.62,1.4,5.22,1.54,0.0
2025-01-01 07:56:00,235.61,144.03,5.0,3.51,8.09,9.79,0.0
2025-01-01 07:57:00,245.15,142.97,7.51,8.42,2.67,3.56,13.76
2025-01-01 07:58:00,235.56,154.04,8.25,2.2,0.0,7.9,0.0
2025-01-01 07:59:00,290.79,146.21,16.07,8.24,16.83,5.5,17.36
2025-01-01 08:00:00,148.03,141.22,12.37,2.38,0.0,0.0,0.0
2025-01-01 08:01:00,190.65,137.91,5.65,5.19,0.0,2.01,1.16
2025-01-01 08:02:00,226.37,135.3,11.96,14.22,1.69,0.0,8.54
2025-01-01 08:03:00,248.3,142.54,9.88,7.46,0.0,9.36,28.34
2025-01-01 08:04:00,188.71,138.7,8.73,7.3,4.65,0.0,0.0
2025-01-01 08:05:00,237.37,136.04,10.59,18.8,0.0,5.38,39.66
2025-01-01 08:06:00,170.08,139.14,5.0,7.7,0.0,3.05,0.0
2025-01-01 08:07:00,225.5,137.4,9.08,0.0,0.0,12.51,0.0
2025-01-01 08:08:00,187.93,148.48,11.15,0.0,5.95,5.94,0.0
2025-01-01 08:09:00,196.29,145.25,7.03,8.85,3.88,0.0,0.0
2025-01-01 08:10:00,237.35,141.7,5.0,7.47,0.0,0.0,25.18
2025-01-01 08:11:00,256.96,147.65,5.0,17.49,9.34,0.81,12.74
2025-01-01 08:12:00,216.74,142.04,12.4,7.0,0.0,12.7,6.55
2025-01-01 08:13:00,214.63,138.28,5.0,0.0,3.61,0.0,7.79
2025-01-01 08:14:00,237.79,147.82,11.88,1.74,0.92,0.0,0.35
2025-01-01 08:15:00,218.38,143.88,6.37,0.0,2.31,5.43,5.08
2025-01-01 08:16:00,197.34,137.58,5.0,7.83,4.8,0.0,2.42
2025-01-01 08:17:00,272.85,140.97,10.12,10.25,1.0,4.72,34.43
2025-01-01 08:18:00,292.29,138.22,7.33,15.68,0.0,3.53,45.1
2025-01-01 08:19:00,226.76,136.2,9.84,7.15,5.7,3.41,0.0
2025-01-01 08:20:00,230.83,145.43,6.0,10.2,0.0,2.2,8.6
2025-01-01 08:21:00,240.51,149.37,5.0,0.0,0.0,0.0,15.59
2025-01-01 08:22:00,195.48,136.13,5.0,11.03,10.36,3.88,0.0
2025-01-01 08:23:00,212.62,143.98,12.98,0.0,0.0,8.87,12.0
2025-01-01 08:24:00,198.35,139.12,15.35,5.6,3.29,1.81,0.0
2025-01-01 08:25:00,215.44,139.78,9.05,6.18,0.0,3.44,22.04
2025-01-01 08:26:00,221.33,139.36,5.0,11.76,5.56,4.95,7.75
2025-01-01 08:27:00,242.95,138.27,5.0,0.0,3.07,4.71,0.0
2025-01-01 08:28:00,228.84,141.92,7.97,4.39,5.84,0.97,12.57
2025-01-01 08:29:00,249.51,138.4,11.18,4.15,4.95,2.29,0.0
2025-01-01 08:30:00,228.77,142.81,5.0,6.73,8.1,0.0,16.12
2025-01-01 08:31:00,195.96,141.53,5.0,8.02,0.0,0.77,1.22
2025-01-01 08:32:00,219.53,140.77,7.41,8.89,1.73,0.0,0.0
2025-01-01 08:33:00,191.35,138.1,11.77,2.09,6.8,0.0,13.22
2025-01-01 08:34:00,211.82,139.42,6.53,5.84,0.0,7.25,0.0
2025-01-01 08:35:00,227.89,144.75,10.39,15.75,0.0,0.0,15.61
2025-01-01 08:36:00,209.13,143.73,11.66,7.73,0.0,0.0,2.7
2025-01-01 08:37:00,182.41,137.82,13.09,1.61,0.0,2.93,0.0
2025-01-01 08:38:00,261.48,142.12,5.0,0.13,11.83,17.8,0.0
2025-01-01 08:39:00,263.98,144.73,14.05,0.0,0.0,4.22,0.0
2025-01-01 08:40:00,202.81,135.05,5.0,9.52,4.08,0.0,5.24
2025-01-01 08:41:00,198.27,143.9,7.93,10.24,9.22,9.34,0.0
2025-01-01 08:42:00,190.06,139.08,10.24,10.46,0.13,0.0,0.28
2025-01-01 08:43:00,241.12,144.01,9.61,4.71,7.8,2.37,16.14
2025-01-01 08:44:00,196.02,138.67,5.95,7.84,0.0,10.25,0.0
2025-01-01 08:45:00,217.02,134.51,12.16,5.41,1.78,0.0,20.47
2025-01-01 08:46:00,198.05,135.22,10.82,16.44,15.77,5.64,0.0
2025-01-01 08:47:00,244.55,141.92,13.11,2.44,8.21,0.09,2.79
2025-01-01 08:48:00,229.69,142.77,7.26,3.4,0.0,12.46,28.17
2025-01-01 08:49:00,255.22,138.11,25.62,10.23,5.83,8.59,21.74
2025-01-01 08:50:00,270.26,144.28,19.98,7.9,7.37,0.0,19.39
2025-01-01 08:51:00,205.05,135.08,5.17,12.07,0.0,5.78,0.0
2025-01-01 08:52:00,228.52,141.46,13.13,6.57,0.0,2.79,21.28
2025-01-01 08:53:00,186.38,136.88,14.38,0.15,6.25,1.76,0.0
2025-01-01 08:54:00,200.19,139.12,5.0,5.19,1.22,3.59,19.28
2025-01-01 08:55:00,226.52,141.92,5.48,17.7,3.47,0.18,0.0
2025-01-01 08:56:00,200.02,138.29,10.4,0.1,0.0,7.82,23.84
2025-01-01 08:57:00,135.92,140.19,5.0,0.0,7.16,1.19,0.0
2025-01-01 08:58:00,247.67,145.75,5.0,16.09,0.83,5.73,0.0
2025-01-01 08:59:00,209.38,139.42,12.04,3.62,6.8,0.0,13.73
2025-01-01 09:00:00,321.33,145.07,22.2,0.25,0.0,59.64,0.0
2025-01-01 09:01:00,311.38,137.21,24.7,10.66,0.0,69.18,25.88
2025-01-01 09:02:00,299.75,143.85,29.61,0.62,0.0,57.56,0.0
2025-01-01 09:03:00,309.92,147.49,28.8,8.8,3.6,64.75,2.33
2025-01-01 09:04:00,324.1,131.84,27.89,6.59,6.33,63.94,20.0
2025-01-01 09:05:00,275.59,138.54,31.56,18.35,0.0,55.66,0.0
2025-01-01 09:06:00,336.7,144.04,35.74,7.43,2.58,70.89,9.84
2025-01-01 09:07:00,311.94,140.92,19.26,7.17,6.68,60.68,0.0
2025-01-01 09:08:00,285.29,143.21,30.73,4.62,3.11,69.22,0.0
2025-01-01 09:09:00,301.69,139.31,24.0,0.0,0.0,71.1,10.17
2025-01-01 09:10:00,278.64,142.07,26.67,3.3,0.0,58.21,0.0
2025-01-01 09:11:00,314.34,141.1,23.24,6.54,5.91,61.72,24.22
2025-01-01 09:12:00,268.16,146.4,22.86,7.81,0.0,57.16,0.0
2025-01-01 09:13:00,300.03,142.75,27.23,0.0,5.47,62.73,14.9
2025-01-01 09:14:00,301.1,143.08,27.96,10.33,0.0,66.09,0.0
2025-01-01 09:15:00,273.74,140.08,24.11,8.32,3.63,54.49,27.51
2025-01-01 09:16:00,280.32,139.78,27.89,0.22,4.52,59.98,0.0
2025-01-01 09:17:00,337.08,140.0,34.93,11.71,9.2,57.93,0.0
2025-01-01 09:18:00,311.57,143.31,20.76,2.5,0.0,60.24,0.0
2025-01-01 09:19:00,295.53,140.04,24.43,0.0,0.0,63.07,0.0
2025-01-01 09:20:00,327.12,142.89,23.37,12.53,4.57,68.32,21.98
2025-01-01 09:21:00,266.01,150.03,21.37,3.75,0.0,64.13,7.02
2025-01-01 09:22:00,259.25,145.21,21.71,8.69,4.53,54.36,4.52
2025-01-01 09:23:00,336.29,140.42,30.44,10.61,3.48,56.29,20.42
2025-01-01 09:24:00,308.98,146.53,25.66,19.13,0.0,54.57,0.0
2025-01-01 09:25:00,300.4,140.1,38.57,2.88,6.49,50.36,0.0
2025-01-01 09:26:00,281.97,133.57,25.63,8.95,0.0,58.14,17.58
2025-01-01 09:27:00,277.23,137.7,24.25,5.96,4.55,52.44,0.0
2025-01-01 09:28:00,295.13,134.24,23.24,9.17,0.05,68.91,0.0
2025-01-01 09:29:00,323.28,140.32,31.23,3.89,5.3,60.31,11.13
2025-01-01 09:30:00,282.34,141.8,27.39,3.23,2.96,48.52,5.34
2025-01-01 09:31:00,309.26,148.43,22.42,0.0,0.0,62.38,26.06
2025-01-01 09:32:00,298.71,143.04,24.62,0.93,10.8,61.04,9.48
2025-01-01 09:33:00,300.51,140.85,20.62,7.93,5.19,66.71,2.56
2025-01-01 09:34:00,325.77,145.05,22.78,0.0,3.7,66.82,14.81
2025-01-01 09:35:00,303.22,132.88,33.44,5.25,8.31,50.3,0.0
2025-01-01 09:36:00,332.64,142.67,34.0,8.56,7.42,67.31,14.87
2025-01-01 09:37:00,272.22,144.81,28.03,2.78,2.99,60.36,0.0
2025-01-01 09:38:00,290.3,135.81,33.85,9.6,0.0,62.73,0.0
2025-01-01 09:39:00,310.5,146.3,37.22,3.53,0.0,56.16,8.84
2025-01-01 09:40:00,305.5,143.08,27.22,3.7,7.48,61.19,6.48
2025-01-01 09:41:00,293.88,140.07,34.41,17.19,1.88,66.47,0.0
2025-01-01 09:42:00,349.2,144.26,24.35,10.96,0.0,66.57,40.59
2025-01-01 09:43:00,294.0,150.81,21.75,1.37,0.0,63.74,37.52
2025-01-01 09:44:00,248.45,142.45,29.33,17.89,2.24,52.74,0.0
2025-01-01 09:45:00,271.88,142.72,31.79,0.0,5.42,65.12,0.0
2025-01-01 09:46:00,307.62,139.89,34.31,0.0,8.17,70.93,36.86
2025-01-01 09:47:00,336.33,138.33,26.28,11.05,0.0,64.16,9.41
2025-01-01 09:48:00,264.08,145.05,23.41,8.1,2.78,54.95,0.0
2025-01-01 09:49:00,293.77,138.3,30.69,1.58,3.16,61.48,0.0
2025-01-01 09:50:00,295.34,142.01,27.69,12.8,1.21,59.64,0.0
2025-01-01 09:51:00,288.37,139.82,28.48,17.25,2.44,72.0,15.67
2025-01-01 09:52:00,323.45,143.64,28.81,11.85,4.95,63.61,33.45
2025-01-01 09:53:00,293.36,143.06,18.44,7.22,4.52,59.03,0.0
2025-01-01 09:54:00,306.5,145.88,42.89,16.22,0.0,67.02,0.0
2025-01-01 09:55:00,278.02,139.69,34.65,6.68,1.73,62.4,9.56
2025-01-01 09:56:00,285.17,140.65,23.45,5.34,16.32,65.12,2.3
2025-01-01 09:57:00,292.62,137.81,36.66,1.77,0.0,64.11,5.58
2025-01-01 09:58:00,290.79,139.95,32.8,0.0,17.66,59.42,0.0
2025-01-01 09:59:00,280.71,143.24,30.14,5.22,7.79,63.35,0.0
2025-01-01 10:00:00,295.39,144.76,24.85,7.6,0.0,64.29,0.0
2025-01-01 10:01:00,277.62,138.04,24.31,0.0,4.99,58.47,0.0
2025-01-01 10:02:00,302.13,145.21,25.13,8.09,0.0,57.71,4.23
2025-01-01 10:03:00,276.57,147.15,29.27,8.78,0.62,53.43,0.0
2025-01-01 10:04:00,309.08,143.38,27.17,6.52,0.2,63.22,0.79
2025-01-01 10:05:00,321.54,149.23,24.73,0.89,0.0,65.73,0.0
2025-01-01 10:06:00,332.72,138.63,23.84,8.05,5.0,56.97,37.94
2025-01-01 10:07:00,309.23,136.75,26.67,4.39,2.53,58.65,7.71
2025-01-01 10:08:00,312.49,134.61,35.62,6.54,2.73,66.51,0.0
2025-01-01 10:09:00,302.74,147.71,31.1,10.02,0.0,61.78,0.0
2025-01-01 10:10:00,307.26,144.34,23.98,6.39,2.43,65.81,18.73
2025-01-01 10:11:00,311.2,141.51,24.74,13.62,2.4,56.57,2.19
2025-01-01 10:12:00,328.17,142.85,35.22,0.0,0.0,55.32,17.11
2025-01-01 10:13:00,319.56,137.23,27.02,4.72,10.72,60.83,0.0
2025-01-01 10:14:00,289.24,151.51,24.54,0.78,3.82,62.26,8.96
2025-01-01 10:15:00,312.1,142.24,29.94,6.05,2.82,62.83,12.91
2025-01-01 10:16:00,307.32,142.17,31.39,11.41,0.0,78.06,0.0
2025-01-01 10:17:00,342.36,144.63,30.18,8.44,0.0,63.19,0.0
2025-01-01 10:18:00,264.54,143.65,19.78,4.62,10.39,56.79,6.74
2025-01-01 10:19:00,292.49,142.62,26.26,3.23,2.5,57.09,15.35
2025-01-01 10:20:00,279.36,138.57,26.63,1.79,10.27,53.24,3.4
2025-01-01 10:21:00,288.62,143.61,30.05,5.21,0.06,68.78,7.55
2025-01-01 10:22:00,288.66,149.26,17.17,2.39,0.0,64.61,0.0
2025-01-01 10:23:00,273.51,147.11,20.72,0.0,0.0,62.94,0.0
2025-01-01 10:24:00,264.67,148.1,18.37,0.0,9.74,53.47,10.08
2025-01-01 10:25:00,281.79,139.68,22.19,3.79,3.03,64.32,0.0
2025-01-01 10:26:00,283.84,137.77,27.45,2.08,0.0,75.33,0.0
2025-01-01 10:27:00,347.38,141.22,25.41,9.59,3.79,62.46,7.61
2025-01-01 10:28:00,362.78,141.95,37.19,10.06,5.64,62.28,51.8
2025-01-01 10:29:00,343.09,146.1,25.91,8.84,16.51,65.19,24.9
2025-01-01 10:30:00,318.59,134.96,24.32,16.61,7.23,66.35,0.0
2025-01-01 10:31:00,297.04,147.85,33.51,5.26,4.64,52.78,0.0
2025-01-01 10:32:00,288.58,141.1,26.7,0.0,0.0,65.1,1.56
2025-01-01 10:33:00,318.41,140.02,30.55,6.54,5.82,62.14,16.5
2025-01-01 10:34:00,282.36,137.68,14.37,15.85,0.0,67.07,6.39
2025-01-01 10:35:00,334.71,135.11,28.43,0.84,0.0,49.23,36.71
2025-01-01 10:36:00,307.88,145.02,24.6,1.45,9.11,56.82,0.0
2025-01-01 10:37:00,300.44,142.02,40.44,0.0,2.39,65.19,11.77
2025-01-01 10:38:00,304.77,136.57,27.41,5.67,2.91,66.22,30.54
2025-01-01 10:39:00,291.64,136.55,24.17,7.47,6.06,52.72,4.59
2025-01-01 10:40:00,278.77,140.38,27.1,0.0,0.0,62.13,0.0
2025-01-01 10:41:00,334.63,148.4,30.6,0.7,9.91,76.63,5.78
2025-01-01 10:42:00,361.17,140.69,23.81,11.14,0.0,68.24,12.92
2025-01-01 10:43:00,319.14,135.71,21.32,8.62,6.99,65.48,41.39
2025-01-01 10:44:00,340.62,140.74,32.68,3.42,5.03,68.36,15.75
2025-01-01 10:45:00,305.2,140.64,32.09,13.14,10.3,68.08,0.0
2025-01-01 10:46:00,231.29,130.94,29.49,6.22,7.03,48.96,0.0
2025-01-01 10:47:00,318.21,141.51,30.05,13.72,8.81,58.34,22.72
2025-01-01 10:48:00,280.74,140.8,30.08,6.93,3.8,54.5,5.18
2025-01-01 10:49:00,293.53,144.51,33.12,6.55,5.73,60.28,0.0
2025-01-01 10:50:00,297.4,149.12,25.55,0.0,0.0,65.53,18.6
2025-01-01 10:51:00,346.14,146.23,33.25,12.02,5.69,59.39,10.64
2025-01-01 10:52:00,319.64,140.65,21.98,10.37,6.3,59.97,18.06
2025-01-01 10:53:00,255.85,137.3,24.17,0.0,3.41,61.36,17.05
2025-01-01 10:54:00,312.23,152.02,28.12,0.0,0.0,67.16,0.0
2025-01-01 10:55:00,318.6,141.96,23.1,3.01,4.9,59.4,23.26
2025-01-01 10:56:00,256.27,141.78,25.56,7.05,9.25,66.12,0.0
2025-01-01 10:57:00,279.8,141.63,27.04,8.59,0.0,58.57,0.0
2025-01-01 10:58:00,304.94,142.52,24.89,0.0,5.25,52.86,12.67
2025-01-01 10:59:00,327.67,141.15,32.9,15.3,10.69,55.26,5.86
2025-01-01 11:00:00,349.87,139.43,22.69,9.18,1.3,60.41,26.09
2025-01-01 11:01:00,299.64,139.54,19.12,5.99,2.01,60.24,4.01
2025-01-01 11:02:00,292.34,141.6,31.84,5.66,0.0,62.87,16.06
2025-01-01 11:03:00,314.35,139.55,39.18,9.28,3.6,56.35,14.94
2025-01-01 11:04:00,267.58,138.88,31.52,4.74,0.0,64.0,6.74
2025-01-01 11:05:00,322.38,142.15,29.28,7.16,3.64,60.67,25.22
2025-01-01 11:06:00,297.96,140.71,29.05,10.79,0.0,63.9,0.0
2025-01-01 11:07:00,311.24,147.74,27.93,17.61,1.5,66.54,8.85
2025-01-01 11:08:00,309.76,131.12,28.85,6.11,12.98,51.29,13.04
2025-01-01 11:09:00,301.93,146.09,28.27,5.73,0.0,63.6,5.22
2025-01-01 11:10:00,326.62,146.71,31.15,1.61,2.01,70.29,18.15
2025-01-01 11:11:00,293.8,133.43,25.69,1.06,0.0,63.62,0.0
2025-01-01 11:12:00,284.49,140.36,26.85,12.42,1.15,60.08,6.5
2025-01-01 11:13:00,319.31,140.24,23.2,9.91,4.53,67.77,0.0
2025-01-01 11:14:00,250.23,136.1,27.77,5.58,0.0,56.9,0.0
2025-01-01 11:15:00,271.93,138.62,27.39,5.82,4.15,51.0,0.0
2025-01-01 11:16:00,253.08,137.29,32.89,0.0,1.06,56.18,0.0
2025-01-01 11:17:00,345.02,148.74,36.58,10.31,0.6,58.64,29.14
2025-01-01 11:18:00,363.47,145.47,31.65,2.56,0.0,68.73,46.38
2025-01-01 11:19:00,294.86,146.81,23.56,8.58,0.1,59.1,0.0
2025-01-01 11:20:00,333.31,144.61,25.0,14.64,0.0,54.74,32.76
2025-01-01 11:21:00,317.86,137.21,36.08,4.6,5.33,70.24,0.0
2025-01-01 11:22:00,298.78,139.63,25.81,11.14,5.43,60.77,5.27
2025-01-01 11:23:00,266.54,143.68,28.37,4.69,0.0,62.45,6.98
2025-01-01 11:24:00,271.58,136.84,34.03,13.92,10.37,52.24,0.0
2025-01-01 11:25:00,306.2,144.58,37.97,18.3,6.27,66.03,8.2
2025-01-01 11:26:00,324.18,140.77,28.2,11.12,1.93,54.7,12.48
2025-01-01 11:27:00,299.43,140.23,29.93,8.36,3.25,57.37,0.0
2025-01-01 11:28:00,317.93,144.57,20.04,18.31,0.0,59.47,0.0
2025-01-01 11:29:00,314.7,143.5,32.67,2.11,9.94,56.43,11.95
2025-01-01 11:30:00,293.6,140.28,24.28,0.0,7.13,62.71,0.0
2025-01-01 11:31:00,299.57,146.36,23.73,0.21,0.0,52.17,18.24
2025-01-01 11:32:00,272.76,137.4,22.33,0.0,0.0,53.73,7.09
2025-01-01 11:33:00,305.83,144.19,25.79,6.32,0.0,53.33,12.25
2025-01-01 11:34:00,284.49,144.1,27.31,21.87,5.36,67.86,8.9
2025-01-01 11:35:00,309.04,140.49,27.4,4.66,17.53,58.35,0.01
2025-01-01 11:36:00,286.75,143.03,25.0,2.21,0.0,65.39,16.82
2025-01-01 11:37:00,238.7,136.72,31.58,6.59,0.0,53.95,0.0
2025-01-01 11:38:00,317.81,145.42,37.25,11.16,0.0,70.19,0.0
2025-01-01 11:39:00,288.47,140.99,25.53,9.86,0.0,64.34,18.19
2025-01-01 11:40:00,302.37,139.64,22.93,2.52,18.49,65.41,0.0
2025-01-01 11:41:00,322.16,145.92,32.47,11.34,1.9,61.94,32.65
2025-01-01 11:42:00,282.96,138.91,29.32,2.68,5.06,56.34,16.37
2025-01-01 11:43:00,283.33,136.09,29.64,0.56,0.0,68.88,0.0
2025-01-01 11:44:00,340.84,135.5,32.17,9.27,5.64,74.2,0.0
2025-01-01 11:45:00,317.9,144.15,28.09,5.27,4.97,62.13,14.16
2025-01-01 11:46:00,280.16,136.61,29.4,9.57,1.6,52.75,16.05
2025-01-01 11:47:00,278.69,148.75,27.68,2.16,1.63,55.31,0.0
2025-01-01 11:48:00,279.68,133.4,24.43,5.04,0.0,56.45,25.1
2025-01-01 11:49:00,290.3,148.51,27.2,15.33,14.33,69.05,0.0
2025-01-01 11:50:00,331.78,142.57,26.15,8.9,0.0,49.83,19.18
2025-01-01 11:51:00,326.16,141.34,31.68,7.29,1.48,64.81,19.66
2025-01-01 11:52:00,337.57,139.55,32.07,5.32,1.56,53.62,42.1
2025-01-01 11:53:00,292.88,143.32,22.06,0.39,0.0,67.92,7.19
2025-01-01 11:54:00,328.38,141.58,32.03,9.66,4.32,54.43,19.81
2025-01-01 11:55:00,290.67,146.14,27.47,7.75,0.0,54.99,0.0
2025-01-01 11:56:00,335.7,142.18,30.39,0.0,2.6,67.18,33.26
2025-01-01 11:57:00,312.39,142.33,23.01,8.06,0.0,62.19,19.82
2025-01-01 11:58:00,271.95,140.27,27.64,0.0,3.77,61.25,5.35
2025-01-01 11:59:00,350.0,141.5,27.31,3.26,17.47,69.23,0.0
2025-01-01 12:00:00,320.25,142.96,38.82,7.82,0.0,63.06,0.0
2025-01-01 12:01:00,311.76,134.89,31.66,19.46,0.0,56.12,13.1
2025-01-01 12:02:00,280.58,136.33,22.5,5.32,4.15,54.55,0.0
2025-01-01 12:03:00,275.31,144.7,30.21,11.13,0.0,47.86,0.0
2025-01-01 12:04:00,314.0,142.41,34.94,5.34,16.86,64.83,15.87
2025-01-01 12:05:00,245.75,140.99,25.47,3.37,6.46,63.54,0.0
2025-01-01 12:06:00,311.54,141.8,27.05,2.72,14.73,65.22,3.02
2025-01-01 12:07:00,297.31,143.12,33.73,9.01,0.0,59.47,0.0
2025-01-01 12:08:00,276.9,139.57,36.75,5.99,6.08,65.07,0.0
2025-01-01 12:09:00,334.34,138.61,34.32,9.65,6.89,57.09,0.0
2025-01-01 12:10:00,313.96,142.51,27.56,16.42,6.36,64.44,0.0
2025-01-01 12:11:00,297.51,137.81,19.81,6.68,10.35,60.01,7.67
2025-01-01 12:12:00,290.68,143.36,30.82,7.14,0.64,60.98,0.0
2025-01-01 12:13:00,277.21,134.92,29.57,0.0,5.21,62.94,0.0
2025-01-01 12:14:00,314.24,145.84,21.16,12.9,0.0,61.41,17.75
2025-01-01 12:15:00,279.46,143.62,27.62,14.65,6.96,63.8,7.36
2025-01-01 12:16:00,282.97,142.75,26.14,2.7,0.0,64.52,0.0
2025-01-01 12:17:00,337.94,145.66,27.88,17.66,5.22,63.67,0.0
2025-01-01 12:18:00,307.93,148.39,31.46,14.79,0.0,67.01,0.0
2025-01-01 12:19:00,291.95,145.78,34.59,16.17,0.0,52.52,0.0
2025-01-01 12:20:00,253.46,134.36,24.35,5.08,0.0,60.59,0.0
2025-01-01 12:21:00,326.31,136.61,32.2,3.63,0.0,67.22,0.61
2025-01-01 12:22:00,306.64,139.23,21.26,11.1,0.0,71.49,0.0
2025-01-01 12:23:00,343.48,141.83,27.34,12.72,2.2,67.85,18.46
2025-01-01 12:24:00,288.18,143.8,32.61,5.59,2.91,62.37,0.0
2025-01-01 12:25:00,275.93,138.82,31.14,3.18,8.23,60.33,10.53
2025-01-01 12:26:00,301.72,142.47,38.62,15.6,13.98,57.77,0.0
2025-01-01 12:27:00,306.22,138.71,27.56,6.61,0.0,68.04,12.36
2025-01-01 12:28:00,322.14,139.28,27.45,1.51,13.1,64.65,0.0
2025-01-01 12:29:00,299.42,136.1,20.89,7.5,11.91,56.39,4.65
2025-01-01 12:30:00,311.5,138.03,32.92,8.28,2.13,62.18,38.23
2025-01-01 12:31:00,263.41,136.32,22.21,4.86,0.0,58.75,2.49
2025-01-01 12:32:00,270.41,137.82,25.92,7.14,0.0,57.06,8.69
2025-01-01 12:33:00,260.04,145.94,32.05,8.24,0.95,61.08,0.0
2025-01-01 12:34:00,293.06,137.93,24.62,8.99,0.0,65.89,4.65
2025-01-01 12:35:00,353.02,152.26,33.86,0.0,5.84,71.11,0.0
2025-01-01 12:36:00,270.9,143.7,28.19,0.77,0.0,55.92,0.0
2025-01-01 12:37:00,281.51,142.47,23.26,0.0,4.73,72.76,0.0
2025-01-01 12:38:00,305.44,138.29,20.81,12.71,0.78,67.04,28.42
2025-01-01 12:39:00,322.91,144.53,30.09,8.0,0.0,57.96,22.46
2025-01-01 12:40:00,284.35,139.42,27.71,5.37,3.74,66.58,0.0
2025-01-01 12:41:00,306.93,142.22,27.56,14.6,3.45,59.61,2.99
2025-01-01 12:42:00,349.72,151.97,21.9,0.0,0.0,60.18,26.7
2025-01-01 12:43:00,276.59,141.34,26.03,2.67,4.54,58.86,16.98
2025-01-01 12:44:00,303.11,146.32,29.53,7.68,0.0,65.5,20.94
2025-01-01 12:45:00,275.26,138.91,17.92,11.21,6.45,59.06,0.0
2025-01-01 12:46:00,283.93,141.59,36.85,4.73,4.19,64.98,6.39
2025-01-01 12:47:00,303.65,148.81,28.02,8.2,6.5,59.1,0.0
2025-01-01 12:48:00,279.94,139.22,24.41,0.61,0.0,67.43,0.0
2025-01-01 12:49:00,310.51,148.98,32.24,8.9,4.88,66.1,0.0
2025-01-01 12:50:00,296.41,144.56,23.45,12.36,1.58,61.46,16.63
2025-01-01 12:51:00,270.97,139.48,29.82,0.0,0.0,62.93,0.0
2025-01-01 12:52:00,282.24,144.26,20.95,8.18,4.97,46.42,0.0
2025-01-01 12:53:00,344.13,145.62,28.72,0.0,16.76,63.95,23.54
2025-01-01 12:54:00,256.7,144.21,28.31,10.81,1.48,60.14,0.0
2025-01-01 12:55:00,298.61,135.45,35.6,5.17,1.06,61.25,21.93
2025-01-01 12:56:00,326.73,138.82,24.04,3.6,0.0,63.58,19.53
2025-01-01 12:57:00,285.59,140.74,25.34,1.11,0.0,55.37,30.33
2025-01-01 12:58:00,282.58,141.43,30.5,1.78,4.77,62.33,0.0
2025-01-01 12:59:00,275.77,144.21,29.11,7.94,4.96,57.36,0.0
2025-01-01 13:00:00,308.03,142.44,25.74,16.24,0.0,56.35,0.0
2025-01-01 13:01:00,318.04,136.39,29.72,13.14,9.89,64.59,0.0
2025-01-01 13:02:00,343.7,143.25,31.78,3.13,2.1,53.33,43.08
2025-01-01 13:03:00,270.19,144.17,26.16,0.0,2.83,64.6,0.0
2025-01-01 13:04:00,302.23,143.97,32.96,10.38,0.0,71.99,0.0
2025-01-01 13:05:00,303.87,146.05,24.45,0.0,0.0,49.91,37.71
2025-01-01 13:06:00,276.88,145.06,34.71,4.79,0.0,59.07,0.0
2025-01-01 13:07:00,290.87,143.56,35.26,8.25,0.0,53.37,0.0
2025-01-01 13:08:00,301.49,141.45,20.75,9.14,4.17,56.43,4.91
2025-01-01 13:09:00,318.86,135.08,23.42,0.0,1.44,78.56,23.29
2025-01-01 13:10:00,337.02,143.45,31.3,0.0,2.7,54.91,58.62
2025-01-01 13:11:00,337.21,142.56,41.21,6.67,0.0,59.49,15.13
2025-01-01 13:12:00,313.49,142.81,24.46,14.09,3.44,53.81,0.0
2025-01-01 13:13:00,241.9,136.62,21.81,11.63,14.14,68.52,0.0
2025-01-01 13:14:00,272.55,137.4,34.76,1.57,0.27,63.13,8.48
2025-01-01 13:15:00,256.66,145.94,18.23,0.0,5.57,65.49,0.0
2025-01-01 13:16:00,280.53,141.57,27.56,1.51,5.94,70.7,8.91
2025-01-01 13:17:00,283.34,144.45,17.33,9.12,0.0,58.73,23.58
2025-01-01 13:18:00,293.8,141.84,39.69,11.85,0.0,71.3,0.0
2025-01-01 13:19:00,297.5,141.85,28.72,0.0,0.0,57.79,32.96
2025-01-01 13:20:00,318.9,145.48,31.35,0.0,0.0,65.19,0.0
2025-01-01 13:21:00,299.83,139.66,25.71,7.23,4.21,59.52,10.3
2025-01-01 13:22:00,304.56,142.11,31.39,0.27,1.22,59.27,18.63
2025-01-01 13:23:00,336.88,139.88,24.98,13.61,8.16,58.84,0.0
2025-01-01 13:24:00,283.69,139.99,32.09,3.21,4.47,66.44,0.0
2025-01-01 13:25:00,340.72,140.49,18.65,15.75,7.49,64.04,42.72
2025-01-01 13:26:00,298.39,142.62,26.15,17.05,0.0,65.36,0.0
2025-01-01 13:27:00,311.65,139.81,21.15,4.62,0.0,62.89,23.06
2025-01-01 13:28:00,272.54,146.75,20.56,1.96,0.73,66.35,0.0
2025-01-01 13:29:00,288.78,138.15,30.53,0.0,4.94,67.53,8.87
2025-01-01 13:30:00,328.76,140.98,24.34,4.49,8.88,67.42,0.0
2025-01-01 13:31:00,318.27,139.97,38.09,12.05,1.02,49.43,27.23
2025-01-01 13:32:00,318.26,147.52,28.96,3.66,2.55,69.84,0.81
2025-01-01 13:33:00,284.54,142.51,28.38,7.69,11.04,45.37,2.16
2025-01-01 13:34:00,339.66,145.85,29.35,7.8,2.88,75.53,0.59
2025-01-01 13:35:00,289.12,135.79,30.95,0.0,0.4,63.49,0.0
2025-01-01 13:36:00,275.03,142.8,34.17,2.33,0.0,49.02,14.18
2025-01-01 13:37:00,300.98,145.29,26.31,4.51,0.63,67.26,0.0
2025-01-01 13:38:00,324.99,142.06,29.15,20.22,5.96,61.68,19.52
2025-01-01 13:39:00,335.65,145.99,33.92,2.89,0.0,76.62,10.81
2025-01-01 13:40:00,246.81,139.66,26.67,10.14,4.01,60.98,0.0
2025-01-01 13:41:00,322.38,147.36,23.01,0.0,8.62,74.82,11.1
2025-01-01 13:42:00,268.23,150.92,15.93,12.09,3.39,58.65,0.0
2025-01-01 13:43:00,287.42,140.28,21.63,5.4,0.0,57.28,8.82
2025-01-01 13:44:00,306.78,139.95,30.52,10.64,3.5,64.33,0.0
2025-01-01 13:45:00,316.11,147.54,29.64,6.48,0.0,62.79,0.0
2025-01-01 13:46:00,297.27,148.05,23.35,0.0,0.0,62.34,12.0
2025-01-01 13:47:00,316.96,139.64,34.08,1.78,3.74,58.33,0.0
2025-01-01 13:48:00,321.76,140.05,25.44,1.04,0.0,49.75,19.53
2025-01-01 13:49:00,294.65,140.6,27.81,7.37,0.0,60.48,0.0
2025-01-01 13:50:00,272.41,136.35,26.89,5.26,2.59,54.53,0.0
2025-01-01 13:51:00,309.74,138.05,30.05,3.8,8.28,58.36,5.2
2025-01-01 13:52:00,266.66,137.71,18.9,0.0,3.04,58.06,8.26
2025-01-01 13:53:00,286.72,138.66,24.98,9.31,3.15,65.58,10.85
2025-01-01 13:54:00,298.71,141.59,25.82,7.63,3.48,63.63,0.0
2025-01-01 13:55:00,320.14,142.66,30.98,11.52,0.44,63.53,0.0
2025-01-01 13:56:00,328.97,147.93,28.71,4.39,1.22,62.95,28.8
2025-01-01 13:57:00,301.18,137.73,23.45,9.66,6.3,67.14,0.82
2025-01-01 13:58:00,259.03,145.66,26.46,4.93,3.73,54.47,0.37
2025-01-01 13:59:00,282.63,140.87,27.16,8.2,5.69,54.68,0.0
2025-01-01 14:00:00,272.32,141.53,27.02,6.96,0.0,60.13,0.0
2025-01-01 14:01:00,240.36,144.43,32.04,7.26,8.27,50.57,0.0
2025-01-01 14:02:00,303.95,137.24,38.89,2.49,9.13,66.13,33.25
2025-01-01 14:03:00,313.98,143.26,26.45,3.24,11.91,59.65,4.78
2025-01-01 14:04:00,283.95,142.39,29.42,0.0,0.0,52.3,0.0
2025-01-01 14:05:00,283.72,143.7,27.28,2.72,0.0,64.94,5.88
2025-01-01 14:06:00,286.83,142.88,34.48,4.9,6.84,60.73,0.0
2025-01-01 14:07:00,321.3,151.55,28.04,8.17,0.0,60.76,0.0
2025-01-01 14:08:00,314.91,139.18,26.26,7.98,2.74,74.04,0.0
2025-01-01 14:09:00,288.12,139.6,26.94,0.0,0.0,59.14,0.0
2025-01-01 14:10:00,291.78,139.23,23.75,5.02,7.78,62.14,2.0
2025-01-01 14:11:00,309.09,139.51,18.68,7.98,0.0,72.84,0.0
2025-01-01 14:12:00,293.1,139.18,39.07,12.13,4.9,64.79,5.06
2025-01-01 14:13:00,314.33,146.48,23.89,6.78,10.4,59.9,17.85
2025-01-01 14:14:00,322.1,147.41,28.09,6.15,0.0,59.65,0.0
2025-01-01 14:15:00,284.33,139.44,38.85,3.73,2.3,67.34,0.0
2025-01-01 14:16:00,293.2,138.4,30.57,10.03,0.0,58.17,0.0
2025-01-01 14:17:00,301.27,143.61,28.88,0.0,0.0,66.57,3.53
2025-01-01 14:18:00,310.7,139.52,36.35,1.45,3.63,71.01,10.75
2025-01-01 14:19:00,299.83,144.26,24.74,0.0,0.0,63.56,49.02
2025-01-01 14:20:00,306.68,142.54,20.78,2.54,3.58,57.42,16.37
2025-01-01 14:21:00,341.16,135.66,22.72,18.45,2.44,62.4,0.0
2025-01-01 14:22:00,286.27,147.92,31.1,10.18,1.74,59.62,8.39
2025-01-01 14:23:00,309.58,148.91,25.43,7.42,0.06,62.93,0.0
2025-01-01 14:24:00,286.82,139.28,27.97,4.7,3.12,55.76,0.0
2025-01-01 14:25:00,294.48,140.18,27.34,4.45,0.0,60.27,0.0
2025-01-01 14:26:00,311.38,142.87,29.04,8.29,0.0,70.16,25.12
2025-01-01 14:27:00,344.1,143.07,28.09,18.9,0.0,60.25,41.13
2025-01-01 14:28:00,301.97,144.36,33.94,12.29,0.0,58.74,17.94
2025-01-01 14:29:00,291.76,149.77,31.31,0.0,8.92,55.21,11.6
2025-01-01 14:30:00,331.43,141.02,29.47,0.0,3.06,76.18,11.41
2025-01-01 14:31:00,279.51,138.53,27.86,5.57,0.0,66.48,0.0
2025-01-01 14:32:00,267.96,136.21,28.34,3.66,5.21,61.07,2.02
2025-01-01 14:33:00,255.1,138.8,25.89,9.04,4.61,68.48,0.0
2025-01-01 14:34:00,336.51,141.59,30.28,10.56,6.33,70.05,0.0
2025-01-01 14:35:00,297.94,148.91,22.8,7.13,9.58,64.98,0.0
2025-01-01 14:36:00,289.51,139.66,28.56,5.29,0.0,63.1,6.25
2025-01-01 14:37:00,298.29,142.62,31.26,0.0,0.0,57.71,9.21
2025-01-01 14:38:00,270.97,141.66,21.85,3.89,3.88,59.77,14.88
2025-01-01 14:39:00,292.96,146.48,24.65,14.32,5.55,62.35,0.0
2025-01-01 14:40:00,304.41,151.84,29.5,8.05,4.61,62.56,15.81
2025-01-01 14:41:00,317.9,139.6,15.84,9.32,1.44,55.7,23.21
2025-01-01 14:42:00,276.36,139.77,26.43,4.02,5.24,56.23,17.37
2025-01-01 14:43:00,317.85,145.9,38.34,0.0,11.74,67.05,26.37
2025-01-01 14:44:00,273.6,144.46,28.67,5.38,3.62,60.66,0.0
2025-01-01 14:45:00,293.24,149.11,30.1,10.42,0.0,57.31,0.0
2025-01-01 14:46:00,328.5,144.06,23.22,15.85,2.51,60.99,21.28
2025-01-01 14:47:00,275.15,140.29,22.8,3.1,0.99,60.47,0.0
2025-01-01 14:48:00,347.73,144.09,36.5,8.19,4.99,62.03,22.11
2025-01-01 14:49:00,324.56,146.16,31.1,9.88,0.0,81.15,0.0
2025-01-01 14:50:00,331.75,145.01,27.4,0.0,8.84,57.2,36.27
2025-01-01 14:51:00,282.26,143.76,26.22,10.9,0.0,71.51,6.75
2025-01-01 14:52:00,303.56,145.99,25.68,8.67,5.94,62.44,0.0
2025-01-01 14:53:00,310.04,146.4,30.42,21.17,0.0,60.47,0.0
2025-01-01 14:54:00,351.73,147.26,27.73,19.09,10.75,60.78,51.24
2025-01-01 14:55:00,324.52,144.32,41.59,0.0,0.0,61.54,10.01
2025-01-01 14:56:00,344.61,141.06,32.39,14.0,0.0,71.95,0.0
2025-01-01 14:57:00,294.33,142.31,25.39,4.27,6.48,61.58,0.0
2025-01-01 14:58:00,305.99,146.55,20.31,0.0,10.23,65.51,0.0
2025-01-01 14:59:00,279.45,138.46,33.77,6.8,7.32,61.45,0.0
2025-01-01 15:00:00,284.13,143.2,22.01,0.02,2.81,64.45,0.0
2025-01-01 15:01:00,287.53,140.15,23.71,5.64,0.0,66.2,14.41
2025-01-01 15:02:00,367.84,141.84,26.07,9.85,0.0,63.17,47.02
2025-01-01 15:03:00,294.94,146.84,33.97,3.17,0.0,62.53,2.01
2025-01-01 15:04:00,275.53,142.49,23.65,13.87,8.31,55.41,13.16
2025-01-01 15:05:00,326.38,141.91,34.44,9.54,8.83,62.62,11.09
2025-01-01 15:06:00,336.11,136.29,43.84,0.0,5.07,69.96,24.6
2025-01-01 15:07:00,302.33,144.71,31.44,5.23,0.01,58.0,0.0
2025-01-01 15:08:00,282.45,144.31,26.63,3.87,13.93,51.01,30.62
2025-01-01 15:09:00,307.9,150.38,28.31,5.0,6.1,67.22,5.66
2025-01-01 15:10:00,326.76,140.5,25.55,7.74,0.0,54.45,28.48
2025-01-01 15:11:00,285.61,142.6,22.14,0.35,4.13,57.89,11.3
2025-01-01 15:12:00,295.65,142.73,22.7,2.09,7.61,65.54,9.51
2025-01-01 15:13:00,343.2,148.04,30.16,13.76,1.22,70.67,0.0
2025-01-01 15:14:00,294.65,141.35,30.67,8.22,4.29,62.76,0.0
2025-01-01 15:15:00,270.8,142.84,29.83,5.92,2.11,57.95,0.0
2025-01-01 15:16:00,278.54,144.16,17.36,9.53,7.79,55.62,0.0
2025-01-01 15:17:00,308.08,142.47,35.09,12.92,0.0,59.45,0.0
2025-01-01 15:18:00,299.41,139.94,31.25,0.0,3.48,51.01,15.08
2025-01-01 15:19:00,368.13,142.5,23.78,4.93,5.78,73.35,22.2
2025-01-01 15:20:00,266.17,146.02,18.33,10.82,10.79,61.73,0.0
2025-01-01 15:21:00,287.45,137.62,34.32,0.0,2.28,57.25,0.0
2025-01-01 15:22:00,318.33,142.26,21.96,0.0,16.68,51.29,15.51
2025-01-01 15:23:00,270.01,138.93,37.66,0.0,0.97,61.66,0.0
2025-01-01 15:24:00,307.13,146.51,30.03,7.56,0.0,59.34,0.0
2025-01-01 15:25:00,283.63,135.63,28.45,13.1,4.83,62.17,0.0
2025-01-01 15:26:00,328.83,139.49,18.87,12.12,9.12,52.63,17.56
2025-01-01 15:27:00,285.24,143.24,25.02,0.0,1.43,71.43,0.0
2025-01-01 15:28:00,303.82,147.99,31.89,7.77,0.0,61.09,27.98
2025-01-01 15:29:00,284.53,141.46,26.57,5.63,0.0,66.64,0.0
2025-01-01 15:30:00,317.49,139.51,35.46,8.11,0.85,65.69,0.0
2025-01-01 15:31:00,285.96,149.25,32.82,18.65,0.0,62.79,0.0
2025-01-01 15:32:00,265.55,135.94,25.19,13.88,6.73,52.17,0.0
2025-01-01 15:33:00,286.24,132.93,27.95,10.65,4.45,68.21,13.15
2025-01-01 15:34:00,335.45,143.49,31.76,10.29,2.71,62.16,39.0
2025-01-01 15:35:00,288.64,139.72,22.04,2.45,4.3,61.76,2.96
2025-01-01 15:36:00,294.53,137.64,29.27,5.16,14.15,54.58,0.0
2025-01-01 15:37:00,299.4,144.56,29.64,0.92,0.0,61.45,0.0
2025-01-01 15:38:00,356.8,142.7,30.8,6.95,1.56,57.96,0.0
2025-01-01 15:39:00,319.19,139.47,31.43,6.5,15.46,66.57,14.33
2025-01-01 15:40:00,286.63,136.61,36.83,0.0,6.16,67.26,1.61
2025-01-01 15:41:00,336.75,145.22,27.89,3.59,4.9,62.75,35.05
2025-01-01 15:42:00,275.75,144.33,29.43,0.09,6.15,59.1,5.32
2025-01-01 15:43:00,268.82,141.33,28.11,2.98,3.96,55.08,13.0
2025-01-01 15:44:00,291.86,149.11,33.84,7.76,4.23,61.55,0.0
2025-01-01 15:45:00,238.88,137.45,30.42,6.59,2.79,57.04,0.0
2025-01-01 15:46:00,307.03,135.63,27.26,4.75,0.0,63.29,2.11
2025-01-01 15:47:00,289.77,138.96,25.58,0.0,0.08,55.31,34.62
2025-01-01 15:48:00,242.3,141.55,25.13,1.96,0.0,58.74,10.48
2025-01-01 15:49:00,358.96,142.7,24.52,11.99,1.9,59.22,25.27
2025-01-01 15:50:00,294.2,140.76,35.45,0.0,0.0,61.49,0.0
2025-01-01 15:51:00,376.89,143.14,27.17,15.13,5.62,68.08,63.48
2025-01-01 15:52:00,304.14,136.72,35.31,4.86,9.91,54.86,5.91
2025-01-01 15:53:00,303.84,147.5,38.71,9.24,0.0,68.7,0.0
2025-01-01 15:54:00,258.49,141.4,25.89,2.4,0.0,61.01,1.87
2025-01-01 15:55:00,282.07,146.2,16.78,7.02,0.0,63.72,0.0
2025-01-01 15:56:00,328.29,143.1,27.86,10.06,2.1,61.51,34.73
2025-01-01 15:57:00,320.38,143.55,23.8,14.2,0.88,68.88,17.5
2025-01-01 15:58:00,326.21,144.01,34.85,0.0,10.14,61.02,0.0
2025-01-01 15:59:00,282.27,143.52,24.34,2.7,3.75,61.81,0.2
2025-01-01 16:00:00,293.37,144.3,21.94,13.24,6.28,50.03,0.0
2025-01-01 16:01:00,282.37,147.04,26.78,0.0,14.27,63.31,13.01
2025-01-01 16:02:00,323.74,142.51,25.71,0.0,1.89,62.7,22.11
2025-01-01 16:03:00,286.29,144.56,24.74,0.0,0.0,64.79,1.75
2025-01-01 16:04:00,294.51,141.37,26.2,7.16,0.0,62.42,0.0
2025-01-01 16:05:00,334.48,147.49,33.23,8.5,0.0,58.38,16.8
2025-01-01 16:06:00,299.85,139.02,26.56,2.55,10.51,56.15,7.35
2025-01-01 16:07:00,322.62,148.93,37.36,22.0,7.44,56.3,0.0
2025-01-01 16:08:00,323.07,141.57,17.16,1.81,6.75,56.48,31.4
2025-01-01 16:09:00,334.66,136.0,41.75,0.0,12.94,61.6,43.14
2025-01-01 16:10:00,288.98,142.24,33.08,5.15,7.76,64.8,0.0
2025-01-01 16:11:00,271.64,139.0,33.37,15.44,0.28,53.59,0.0
2025-01-01 16:12:00,300.81,145.09,19.81,4.88,0.4,65.12,22.54
2025-01-01 16:13:00,290.05,139.12,34.28,7.12,7.54,63.11,0.0
2025-01-01 16:14:00,372.56,139.94,32.08,3.16,10.65,55.88,43.32
2025-01-01 16:15:00,326.56,134.17,40.62,14.49,8.14,70.59,3.16
2025-01-01 16:16:00,328.84,139.92,26.7,7.8,7.64,71.16,0.0
2025-01-01 16:17:00,302.76,132.03,29.36,6.13,0.0,59.31,24.25
2025-01-01 16:18:00,312.96,135.39,28.42,7.77,0.53,69.49,5.62
2025-01-01 16:19:00,294.26,144.77,25.34,6.04,0.0,57.12,0.0
2025-01-01 16:20:00,235.52,144.87,27.08,2.17,0.0,55.72,1.73
2025-01-01 16:21:00,283.49,143.43,23.66,4.73,0.0,58.3,0.0
2025-01-01 16:22:00,273.82,137.86,23.85,8.31,1.42,57.5,0.0
2025-01-01 16:23:00,279.79,141.54,24.33,0.0,3.32,55.88,1.53
2025-01-01 16:24:00,262.04,141.71,23.8,0.0,10.49,59.48,1.29
2025-01-01 16:25:00,263.58,137.09,29.64,3.9,6.97,59.33,0.0
2025-01-01 16:26:00,245.6,147.74,25.0,3.42,0.95,52.24,0.0
2025-01-01 16:27:00,297.1,145.24,22.61,4.04,0.0,61.5,14.65
2025-01-01 16:28:00,329.41,140.84,27.58,6.23,0.0,61.94,53.39
2025-01-01 16:29:00,306.13,141.84,26.97,1.64,0.0,66.35,0.0
2025-01-01 16:30:00,341.25,142.56,28.74,6.31,0.0,69.98,26.41
2025-01-01 16:31:00,288.67,133.56,27.23,14.3,4.94,54.82,0.0
2025-01-01 16:32:00,269.98,140.74,29.44,0.0,5.09,56.56,1.86
2025-01-01 16:33:00,317.73,139.0,31.4,6.53,4.17,52.06,48.51
2025-01-01 16:34:00,285.39,137.72,24.48,5.13,4.56,60.62,16.89
2025-01-01 16:35:00,330.14,140.6,32.18,5.12,0.63,67.92,0.0
2025-01-01 16:36:00,365.19,148.92,31.16,3.77,2.5,69.05,54.31
2025-01-01 16:37:00,271.76,144.29,19.08,5.15,3.19,65.35,0.0
2025-01-01 16:38:00,286.53,139.44,25.29,1.94,10.48,70.64,0.0
2025-01-01 16:39:00,270.24,144.02,21.8,8.55,11.26,56.94,4.06
2025-01-01 16:40:00,299.14,147.32,31.01,0.0,2.7,52.57,0.0
2025-01-01 16:41:00,297.16,145.43,22.29,8.8,0.0,52.86,0.0
2025-01-01 16:42:00,331.01,141.97,29.28,10.57,10.89,62.82,34.42
2025-01-01 16:43:00,271.15,139.14,31.24,6.9,10.99,57.89,0.0
2025-01-01 16:44:00,310.0,144.52,29.59,3.06,7.65,58.25,31.44
2025-01-01 16:45:00,315.51,143.3,29.84,16.54,10.74,61.64,0.0
2025-01-01 16:46:00,290.02,145.31,25.94,14.3,0.0,63.28,0.0
2025-01-01 16:47:00,348.81,144.27,29.57,10.73,2.55,77.19,0.32
2025-01-01 16:48:00,344.74,145.93,25.55,0.0,12.41,64.94,46.5
2025-01-01 16:49:00,275.24,139.59,35.94,5.99,0.0,61.86,0.0
2025-01-01 16:50:00,309.76,147.0,24.07,10.58,3.44,56.89,0.0
2025-01-01 16:51:00,334.26,142.52,25.86,6.14,0.01,53.15,50.67
2025-01-01 16:52:00,319.45,150.03,29.54,0.0,3.86,64.53,0.0
2025-01-01 16:53:00,282.54,138.97,23.43,5.7,0.0,43.99,0.0
2025-01-01 16:54:00,297.85,148.67,28.76,3.36,7.8,58.9,12.16
2025-01-01 16:55:00,284.43,142.52,31.26,1.79,0.21,60.95,0.0
2025-01-01 16:56:00,289.41,139.12,26.56,7.15,1.99,68.09,0.0
2025-01-01 16:57:00,332.49,139.79,30.96,4.52,8.69,72.89,6.77
2025-01-01 16:58:00,328.46,140.45,26.74,4.7,0.0,74.16,11.21
2025-01-01 16:59:00,293.5,143.42,26.42,5.4,0.0,56.33,2.64
2025-01-01 17:00:00,285.24,143.82,21.81,20.79,0.0,53.8,7.47
2025-01-01 17:01:00,288.81,139.43,21.44,8.88,0.67,75.04,0.0
2025-01-01 17:02:00,235.14,141.63,30.78,7.66,5.84,49.86,0.0
2025-01-01 17:03:00,304.08,150.3,35.99,9.5,0.0,58.12,6.74
2025-01-01 17:04:00,347.15,148.64,28.67,17.79,0.0,60.51,28.16
2025-01-01 17:05:00,271.07,143.47,26.72,9.02,0.0,65.93,0.0
2025-01-01 17:06:00,259.46,141.88,24.03,17.58,0.0,48.08,5.98
2025-01-01 17:07:00,322.58,142.21,22.95,11.35,4.12,66.94,0.0
2025-01-01 17:08:00,256.67,144.18,32.72,0.0,0.0,55.53,0.0
2025-01-01 17:09:00,307.07,137.64,22.99,7.95,3.66,53.54,1.16
2025-01-01 17:10:00,265.32,140.7,25.05,4.29,0.0,67.96,0.0
2025-01-01 17:11:00,298.94,135.05,23.87,7.45,0.0,66.3,0.0
2025-01-01 17:12:00,319.58,143.32,29.28,1.1,0.0,70.42,21.95
2025-01-01 17:13:00,321.62,144.32,28.05,15.08,4.17,51.21,0.0
2025-01-01 17:14:00,335.76,139.79,28.29,0.0,0.0,67.52,32.67
2025-01-01 17:15:00,304.9,148.02,40.57,11.34,0.0,62.19,36.15
2025-01-01 17:16:00,264.09,136.82,32.5,6.49,0.29,67.34,0.0
2025-01-01 17:17:00,284.2,135.87,37.35,4.84,1.64,56.77,8.26
2025-01-01 17:18:00,278.56,142.63,29.1,12.82,0.39,76.52,5.71
2025-01-01 17:19:00,350.76,145.92,31.28,12.58,0.0,64.36,0.0
2025-01-01 17:20:00,293.65,148.46,29.64,0.6,9.25,72.28,0.0
2025-01-01 17:21:00,287.64,139.89,28.38,13.28,5.63,60.6,9.41
2025-01-01 17:22:00,307.57,146.04,20.15,0.0,3.13,59.95,20.08
2025-01-01 17:23:00,340.32,141.57,24.02,18.27,9.16,56.8,8.93
2025-01-01 17:24:00,298.84,141.04,24.58,2.92,7.22,55.44,5.16
2025-01-01 17:25:00,344.53,145.26,35.95,15.39,0.0,67.05,11.15
2025-01-01 17:26:00,321.9,144.34,28.73,10.4,7.59,57.87,27.89
2025-01-01 17:27:00,281.67,135.42,30.39,0.8,0.1,61.06,0.0
2025-01-01 17:28:00,343.69,147.63,24.77,0.0,4.28,71.1,29.29
2025-01-01 17:29:00,296.78,147.25,33.12,8.77,3.89,66.44,0.0
2025-01-01 17:30:00,265.07,139.23,27.31,3.19,3.11,63.81,12.94
2025-01-01 17:31:00,311.42,143.31,27.32,4.33,5.19,64.43,0.0
2025-01-01 17:32:00,274.0,143.7,26.55,5.24,0.65,62.11,0.0
2025-01-01 17:33:00,283.67,142.77,24.39,0.0,5.75,59.26,0.0
2025-01-01 17:34:00,267.46,139.53,30.33,7.44,0.0,54.58,0.0
2025-01-01 17:35:00,280.56,139.04,30.13,9.96,2.95,61.7,0.0
2025-01-01 17:36:00,283.3,141.63,17.44,5.61,0.0,69.91,0.0
2025-01-01 17:37:00,325.81,146.42,28.06,0.0,0.0,63.41,34.48
2025-01-01 17:38:00,302.38,143.9,33.15,0.0,2.16,72.99,15.72
2025-01-01 17:39:00,293.18,140.25,28.74,8.81,1.53,56.91,0.0
2025-01-01 17:40:00,313.61,144.81,36.45,3.12,7.34,67.91,0.0
2025-01-01 17:41:00,300.35,130.33,19.12,1.75,8.48,57.83,8.82
2025-01-01 17:42:00,312.81,146.32,33.82,4.15,9.55,60.65,25.86
2025-01-01 17:43:00,283.89,134.77,27.46,9.78,0.0,58.22,0.0
2025-01-01 17:44:00,304.87,140.28,27.86,2.46,0.73,70.02,2.81
2025-01-01 17:45:00,276.75,137.25,24.44,9.75,6.33,59.72,0.0
2025-01-01 17:46:00,293.64,136.55,34.18,6.59,0.87,66.15,0.0
2025-01-01 17:47:00,302.45,146.37,33.52,20.84,2.56,54.07,0.0
2025-01-01 17:48:00,291.15,139.86,26.11,13.5,0.0,71.06,12.49
2025-01-01 17:49:00,282.71,143.11,23.6,2.42,7.11,55.75,0.0
2025-01-01 17:50:00,319.0,141.54,38.08,13.33,11.26,59.52,0.0
2025-01-01 17:51:00,298.56,143.64,31.24,13.01,8.85,55.73,0.0
2025-01-01 17:52:00,314.6,142.03,22.19,10.99,11.04,52.34,11.22
2025-01-01 17:53:00,290.9,136.6,27.88,0.0,0.0,62.78,20.49
2025-01-01 17:54:00,262.23,145.71,22.11,2.32,0.5,57.71,2.56
2025-01-01 17:55:00,316.12,139.75,29.98,0.43,3.35,64.13,17.57
2025-01-01 17:56:00,286.62,135.5,24.11,4.71,8.27,52.01,0.0
2025-01-01 17:57:00,286.98,140.02,25.73,9.48,3.37,63.21,0.0
2025-01-01 17:58:00,334.09,147.73,37.53,7.78,0.19,53.62,36.61
2025-01-01 17:59:00,318.81,145.13,25.6,21.96,0.0,65.49,0.0
2025-01-01 18:00:00,318.44,140.33,26.68,28.11,10.93,60.67,0.0
2025-01-01 18:01:00,343.53,140.33,27.7,38.31,0.0,59.89,0.0
2025-01-01 18:02:00,312.17,140.44,22.42,37.22,4.55,50.65,0.0
2025-01-01 18:03:00,293.78,150.03,25.36,32.11,2.22,60.09,10.83
2025-01-01 18:04:00,266.01,143.26,28.13,23.93,2.16,49.2,4.02
2025-01-01 18:05:00,365.96,143.45,35.43,31.43,8.94,65.86,20.45
2025-01-01 18:06:00,344.98,145.85,20.94,28.51,9.15,63.43,34.3
2025-01-01 18:07:00,312.09,142.68,17.3,29.29,12.06,60.08,5.44
2025-01-01 18:08:00,313.81,140.69,21.64,34.23,1.65,49.7,7.53
2025-01-01 18:09:00,369.75,140.94,31.08,30.41,3.47,56.17,31.41
2025-01-01 18:10:00,319.24,141.44,33.61,36.05,0.0,69.58,0.96
2025-01-01 18:11:00,323.1,141.58,31.54,27.47,0.0,59.33,0.0
2025-01-01 18:12:00,287.21,144.64,30.83,16.88,0.0,67.73,15.46
2025-01-01 18:13:00,311.48,141.94,25.23,29.92,4.4,64.18,0.0
2025-01-01 18:14:00,287.22,144.66,30.91,28.84,3.39,59.12,0.0
2025-01-01 18:15:00,322.61,141.4,28.85,33.45,5.92,58.11,8.28
2025-01-01 18:16:00,290.23,142.04,20.5,19.84,7.16,56.57,2.79
2025-01-01 18:17:00,314.02,133.73,31.81,26.93,0.0,62.45,8.86
2025-01-01 18:18:00,340.4,145.39,31.11,31.71,0.0,63.16,0.0
2025-01-01 18:19:00,352.81,143.11,24.7,29.91,8.21,68.44,10.06
2025-01-01 18:20:00,351.79,145.72,30.45,16.27,0.0,76.31,26.94
2025-01-01 18:21:00,285.25,130.14,27.94,37.88,0.0,69.11,0.0
2025-01-01 18:22:00,349.99,150.08,27.5,40.88,2.62,65.67,1.3
2025-01-01 18:23:00,309.55,141.17,24.85,29.69,0.29,53.28,0.0
2025-01-01 18:24:00,352.22,146.16,40.11,18.91,4.37,59.88,2.81
2025-01-01 18:25:00,303.89,137.57,29.82,29.8,0.0,51.92,0.0
2025-01-01 18:26:00,402.0,144.18,26.33,30.81,2.81,55.59,52.91
2025-01-01 18:27:00,303.17,137.51,18.4,31.31,0.0,64.72,11.36
2025-01-01 18:28:00,324.69,139.23,25.52,23.2,0.0,56.08,12.11
2025-01-01 18:29:00,368.63,149.38,37.96,29.33,15.44,73.54,0.0
2025-01-01 18:30:00,324.5,140.96,24.89,38.49,4.85,56.88,0.0
2025-01-01 18:31:00,318.81,142.6,33.3,34.2,0.0,62.01,0.0
2025-01-01 18:32:00,330.1,145.21,25.22,30.97,4.07,55.56,25.14
2025-01-01 18:33:00,325.89,143.71,29.09,15.47,0.0,68.74,25.95
2025-01-01 18:34:00,291.52,142.33,20.86,13.73,0.0,60.26,2.15
2025-01-01 18:35:00,329.31,143.19,23.94,31.13,10.99,60.18,0.0
2025-01-01 18:36:00,305.47,151.34,19.08,26.3,0.0,56.04,0.0
2025-01-01 18:37:00,320.16,141.5,33.93,35.84,0.0,61.1,25.27
2025-01-01 18:38:00,342.72,142.53,26.29,35.52,2.07,74.02,0.0
2025-01-01 18:39:00,342.6,145.93,30.46,37.09,5.91,65.34,0.0
2025-01-01 18:40:00,359.96,146.15,41.86,28.1,15.72,56.4,10.82
2025-01-01 18:41:00,381.94,146.48,25.67,27.78,5.7,64.39,4.47
2025-01-01 18:42:00,288.74,144.28,29.81,25.53,0.0,52.32,0.0
2025-01-01 18:43:00,336.63,137.16,32.74,26.0,1.29,50.49,24.27
2025-01-01 18:44:00,303.41,148.26,33.12,32.21,0.0,49.95,7.98
2025-01-01 18:45:00,324.39,137.14,28.78,35.41,5.81,53.61,8.99
2025-01-01 18:46:00,323.13,142.94,30.42,29.86,0.0,62.17,0.0
2025-01-01 18:47:00,334.83,138.71,32.43,30.63,0.0,61.76,0.0
2025-01-01 18:48:00,323.12,141.47,38.18,23.24,5.8,55.91,0.0
2025-01-01 18:49:00,339.53,143.04,37.31,22.97,9.29,69.61,25.77
2025-01-01 18:50:00,313.44,143.01,15.3,34.23,0.0,55.74,18.7
2025-01-01 18:51:00,324.92,143.42,39.05,26.78,0.0,71.45,0.0
2025-01-01 18:52:00,260.01,148.18,25.13,14.04,11.52,41.09,0.0
2025-01-01 18:53:00,266.56,143.54,19.69,21.88,1.02,60.45,8.43
2025-01-01 18:54:00,307.69,140.75,28.44,39.83,3.88,61.5,0.0
2025-01-01 18:55:00,306.3,145.58,38.66,28.04,0.0,63.25,3.93
2025-01-01 18:56:00,279.43,146.49,22.78,20.98,3.65,69.73,0.0
2025-01-01 18:57:00,332.87,136.82,26.4,34.7,0.0,66.91,26.71
2025-01-01 18:58:00,325.79,144.12,21.83,30.93,0.0,54.5,0.0
2025-01-01 18:59:00,376.05,144.53,34.63,33.98,0.0,74.62,11.33
2025-01-01 19:00:00,290.74,140.54,24.23,29.92,40.58,8.02,0.0
2025-01-01 19:01:00,317.62,147.23,27.82,29.86,34.07,16.56,0.0
2025-01-01 19:02:00,304.0,141.13,12.59,27.58,39.54,13.22,4.91
2025-01-01 19:03:00,315.88,142.23,33.92,20.53,49.31,15.72,0.0
2025-01-01 19:04:00,345.78,141.04,30.84,40.31,46.94,22.57,17.58
2025-01-01 19:05:00,303.52,141.79,19.83,39.51,40.99,22.44,12.05
2025-01-01 19:06:00,274.83,137.34,29.16,32.76,40.87,5.8,19.64
2025-01-01 19:07:00,315.04,135.97,28.08,22.69,40.13,14.03,11.12
2025-01-01 19:08:00,340.78,148.11,40.79,33.1,43.88,9.25,10.81
2025-01-01 19:09:00,315.76,138.34,30.7,30.22,47.85,10.12,4.54
2025-01-01 19:10:00,270.55,137.76,28.33,21.08,42.2,15.06,0.2
2025-01-01 19:11:00,317.67,133.11,34.66,27.86,48.26,7.15,0.0
2025-01-01 19:12:00,321.2,139.17,25.37,29.11,46.49,20.13,0.0
2025-01-01 19:13:00,314.66,136.44,25.19,32.88,35.95,4.45,0.08
2025-01-01 19:14:00,317.87,148.3,27.42,43.64,43.14,16.53,0.0
2025-01-01 19:15:00,326.49,145.77,35.1,28.57,36.98,12.7,23.9
2025-01-01 19:16:00,323.46,138.97,34.89,24.85,38.8,21.37,11.99
2025-01-01 19:17:00,301.91,150.74,34.71,34.19,34.47,8.11,0.0
2025-01-01 19:18:00,313.98,145.65,22.65,20.53,50.26,17.08,2.13
2025-01-01 19:19:00,329.94,140.43,31.09,31.52,45.62,17.81,0.0
2025-01-01 19:20:00,321.43,131.73,31.89,35.89,37.7,10.72,30.35
2025-01-01 19:21:00,340.76,150.89,36.99,39.51,35.39,12.75,0.0
2025-01-01 19:22:00,291.23,136.17,33.32,28.83,46.9,17.78,0.0
2025-01-01 19:23:00,306.54,135.15,24.34,36.46,34.41,14.17,0.0
2025-01-01 19:24:00,312.89,145.82,29.03,23.13,43.7,12.11,0.0
2025-01-01 19:25:00,278.56,151.49,29.2,35.57,43.38,8.31,6.8
2025-01-01 19:26:00,325.84,147.26,35.17,35.3,47.73,18.5,1.62
2025-01-01 19:27:00,330.03,143.98,27.05,31.11,52.56,9.17,0.0
2025-01-01 19:28:00,335.65,144.11,37.75,30.21,46.24,9.7,8.75
2025-01-01 19:29:00,313.88,145.14,35.31,37.64,33.07,11.51,0.0
2025-01-01 19:30:00,303.24,144.76,25.5,28.68,39.12,7.11,13.48
2025-01-01 19:31:00,263.71,142.85,21.61,32.72,41.66,15.04,0.0
2025-01-01 19:32:00,321.83,142.14,32.69,31.35,46.46,4.51,0.0
2025-01-01 19:33:00,300.24,141.48,25.23,30.01,43.99,13.98,0.29
2025-01-01 19:34:00,403.63,138.71,29.42,33.04,48.91,18.38,71.68
2025-01-01 19:35:00,321.55,140.6,30.3,20.11,45.97,12.77,0.0
2025-01-01 19:36:00,285.07,134.96,28.69,31.26,43.46,14.45,2.0
2025-01-01 19:37:00,312.73,141.33,28.06,25.16,44.02,1.54,23.3
2025-01-01 19:38:00,330.89,137.77,26.2,33.9,43.19,12.01,20.78
2025-01-01 19:39:00,309.42,137.31,29.02,28.7,35.87,16.35,0.0
2025-01-01 19:40:00,370.33,142.45,29.56,24.23,45.32,12.33,51.24
2025-01-01 19:41:00,306.22,147.3,25.53,26.9,32.32,12.64,0.0
2025-01-01 19:42:00,315.77,145.4,26.87,19.29,48.76,18.73,0.0
2025-01-01 19:43:00,228.51,135.45,31.05,14.38,37.29,11.02,0.0
2025-01-01 19:44:00,273.84,137.77,35.95,27.32,37.65,16.83,0.0
2025-01-01 19:45:00,263.46,145.49,25.09,23.67,35.09,14.66,0.0
2025-01-01 19:46:00,282.78,137.8,23.61,30.03,39.11,9.64,0.0
2025-01-01 19:47:00,319.29,140.83,21.69,26.75,49.68,16.6,15.38
2025-01-01 19:48:00,317.77,143.93,32.75,31.56,41.05,9.89,0.0
2025-01-01 19:49:00,297.37,137.85,24.19,28.47,39.7,24.11,0.33
2025-01-01 19:50:00,345.65,142.15,31.79,34.39,48.24,6.26,0.0
2025-01-01 19:51:00,282.28,136.39,23.72,18.81,41.4,15.76,3.55
2025-01-01 19:52:00,319.73,139.32,29.4,32.32,51.33,0.0,0.0
2025-01-01 19:53:00,334.44,143.01,17.8,30.68,32.66,0.22,36.75
2025-01-01 19:54:00,282.18,135.36,29.9,30.82,49.22,14.92,0.0
2025-01-01 19:55:00,340.12,143.49,25.47,27.25,40.7,7.83,30.74
2025-01-01 19:56:00,281.37,141.65,29.68,34.55,45.44,11.5,0.0
2025-01-01 19:57:00,261.24,143.94,22.72,32.68,44.49,3.37,0.16
2025-01-01 19:58:00,288.36,142.62,32.53,22.71,33.36,10.77,0.0
2025-01-01 19:59:00,261.08,147.18,27.72,28.15,34.23,10.86,0.0
2025-01-01 20:00:00,297.93,142.23,27.15,28.07,38.86,0.0,0.0
2025-01-01 20:01:00,300.59,140.01,31.24,28.28,32.25,18.97,0.0
2025-01-01 20:02:00,312.38,142.22,25.89,26.87,45.23,12.47,0.0
2025-01-01 20:03:00,312.34,143.9,25.55,39.39,43.3,0.26,0.0
2025-01-01 20:04:00,309.33,141.92,25.23,32.5,33.05,1.62,0.0
2025-01-01 20:05:00,304.84,141.89,17.79,29.8,38.74,23.01,0.0
2025-01-01 20:06:00,283.26,138.92,24.7,15.75,46.98,19.48,0.0
2025-01-01 20:07:00,285.12,139.08,24.26,22.98,42.38,13.54,0.0
2025-01-01 20:08:00,327.75,136.12,31.91,34.33,33.37,10.48,27.08
2025-01-01 20:09:00,264.02,148.73,24.16,34.0,40.74,10.05,5.48
2025-01-01 20:10:00,264.85,136.75,33.61,22.82,44.59,8.54,2.71
2025-01-01 20:11:00,332.08,138.96,27.93,34.05,40.11,22.08,17.7
2025-01-01 20:12:00,294.9,138.85,25.06,32.78,33.21,0.0,0.0
2025-01-01 20:13:00,352.85,145.31,31.0,29.41,41.84,18.92,28.54
2025-01-01 20:14:00,345.35,140.55,20.08,42.34,43.2,5.53,30.34
2025-01-01 20:15:00,316.36,146.72,24.6,32.49,35.62,11.87,24.83
2025-01-01 20:16:00,295.71,139.03,22.44,34.28,38.56,17.6,0.0
2025-01-01 20:17:00,299.79,142.84,23.71,21.82,33.35,11.89,0.27
2025-01-01 20:18:00,290.48,138.39,28.3,23.46,44.06,10.33,0.0
2025-01-01 20:19:00,329.89,150.31,26.7,29.79,44.91,9.23,33.6
2025-01-01 20:20:00,321.72,136.98,28.33,32.88,41.6,15.35,48.9
2025-01-01 20:21:00,342.49,142.97,19.06,31.02,39.96,23.43,26.61
2025-01-01 20:22:00,335.43,144.26,27.82,31.63,41.32,15.94,0.0
2025-01-01 20:23:00,286.05,143.38,27.6,25.8,39.28,8.27,4.86
2025-01-01 20:24:00,320.51,140.99,26.93,30.96,48.89,4.91,0.0
2025-01-01 20:25:00,337.0,141.21,31.48,32.75,48.51,20.79,0.0
2025-01-01 20:26:00,317.59,141.9,28.91,23.25,43.51,20.0,11.17
2025-01-01 20:27:00,334.64,141.14,36.21,22.41,42.87,25.78,0.0
2025-01-01 20:28:00,361.67,145.58,28.11,26.09,42.1,13.2,54.06
2025-01-01 20:29:00,322.12,150.57,33.73,20.31,50.33,15.08,0.0
2025-01-01 20:30:00,287.71,139.5,22.21,31.86,31.93,23.92,0.0
2025-01-01 20:31:00,277.48,136.25,27.88,31.33,44.0,5.68,0.0
2025-01-01 20:32:00,289.14,141.37,32.44,25.8,37.86,16.82,3.51
2025-01-01 20:33:00,403.29,152.05,33.17,31.37,49.01,12.48,40.08
2025-01-01 20:34:00,300.55,138.51,29.39,33.02,45.81,6.24,0.0
2025-01-01 20:35:00,291.09,148.28,26.34,35.76,40.6,17.5,0.0
2025-01-01 20:36:00,339.15,148.44,34.07,29.48,51.74,9.01,0.0
2025-01-01 20:37:00,303.28,139.51,26.9,33.86,48.2,8.46,0.0
2025-01-01 20:38:00,293.64,144.0,25.2,28.41,38.07,11.77,0.0
2025-01-01 20:39:00,333.54,148.24,31.19,33.23,49.4,11.17,0.0
2025-01-01 20:40:00,359.84,140.21,29.97,34.34,48.17,8.83,34.1
2025-01-01 20:41:00,285.45,140.91,24.29,22.04,38.23,5.46,0.0
2025-01-01 20:42:00,259.98,139.4,22.09,27.9,41.01,12.31,0.0
2025-01-01 20:43:00,310.92,137.67,27.67,26.93,41.84,6.03,27.98
2025-01-01 20:44:00,275.85,139.13,27.74,39.0,32.79,8.35,0.0
2025-01-01 20:45:00,306.63,136.83,33.63,30.91,40.1,15.43,0.0
2025-01-01 20:46:00,290.54,141.86,24.51,36.47,51.17,12.89,0.0
2025-01-01 20:47:00,295.18,138.65,24.11,24.9,51.26,13.83,0.0
2025-01-01 20:48:00,327.93,142.66,28.36,35.15,45.05,9.93,0.0
2025-01-01 20:49:00,322.74,135.5,26.09,28.1,41.72,15.99,0.0
2025-01-01 20:50:00,296.38,143.05,15.72,34.18,36.51,15.11,20.27
2025-01-01 20:51:00,355.08,145.06,32.08,28.76,32.07,21.1,49.06
2025-01-01 20:52:00,280.78,133.75,32.31,23.04,45.41,12.47,0.0
2025-01-01 20:53:00,316.63,143.22,19.76,28.87,43.11,13.16,26.66
2025-01-01 20:54:00,298.48,146.64,29.11,32.17,38.84,8.48,0.0
2025-01-01 20:55:00,337.04,136.89,27.03,33.04,36.29,6.57,38.39
2025-01-01 20:56:00,325.43,148.42,27.86,28.35,39.57,5.65,26.19
2025-01-01 20:57:00,300.36,143.4,24.18,38.92,38.53,12.39,0.0
2025-01-01 20:58:00,326.24,138.91,35.62,26.35,43.98,2.62,3.41
2025-01-01 20:59:00,306.89,141.5,25.55,33.8,38.91,7.72,0.0
2025-01-01 21:00:00,323.68,143.96,30.98,31.58,45.18,14.32,0.0
2025-01-01 21:01:00,320.6,142.03,34.2,33.09,47.55,8.06,6.26
2025-01-01 21:02:00,300.37,143.88,21.45,30.57,39.0,6.3,18.77
2025-01-01 21:03:00,324.5,138.04,24.34,27.61,45.26,21.47,4.72
2025-01-01 21:04:00,300.75,142.4,31.03,37.0,37.72,13.31,0.0
2025-01-01 21:05:00,324.51,136.07,24.24,30.57,42.91,13.74,0.0
2025-01-01 21:06:00,275.7,141.28,32.91,27.76,36.85,14.13,0.0
2025-01-01 21:07:00,273.78,138.11,23.73,23.84,44.32,2.33,12.74
2025-01-01 21:08:00,290.43,138.79,24.02,27.99,45.3,12.32,13.16
2025-01-01 21:09:00,346.79,146.67,19.35,32.25,48.24,14.47,34.23
2025-01-01 21:10:00,326.69,146.09,29.66,21.5,45.33,6.98,30.5
2025-01-01 21:11:00,308.69,144.16,30.01,33.55,32.26,7.61,0.0
2025-01-01 21:12:00,327.81,137.36,28.42,26.81,41.62,14.44,0.0
2025-01-01 21:13:00,270.74,140.46,22.26,26.85,36.57,15.36,4.83
2025-01-01 21:14:00,302.58,146.58,25.83,30.0,38.02,10.78,4.91
2025-01-01 21:15:00,285.69,142.29,26.04,27.79,45.97,18.71,0.0
2025-01-01 21:16:00,323.64,151.0,25.93,28.06,45.04,3.15,12.38
2025-01-01 21:17:00,298.2,143.3,31.38,32.04,42.52,22.35,1.03
2025-01-01 21:18:00,330.72,142.5,24.69,26.64,41.28,2.29,25.83
2025-01-01 21:19:00,301.63,140.49,31.47,34.01,40.5,10.64,0.0
2025-01-01 21:20:00,320.65,142.26,27.91,29.16,40.19,17.22,0.0
2025-01-01 21:21:00,276.97,141.12,32.31,28.66,34.53,15.33,0.0
2025-01-01 21:22:00,330.6,144.56,23.6,33.99,51.01,8.43,0.0
2025-01-01 21:23:00,341.97,145.55,22.37,26.27,47.28,22.31,7.53
2025-01-01 21:24:00,326.15,138.58,29.36,27.49,39.33,9.92,30.95
2025-01-01 21:25:00,329.68,136.4,24.87,31.42,50.68,9.63,0.0
2025-01-01 21:26:00,311.9,134.38,21.4,28.75,46.42,7.76,25.27
2025-01-01 21:27:00,304.42,143.76,17.37,29.89,43.15,18.2,0.0
2025-01-01 21:28:00,308.6,137.31,24.31,31.85,43.85,19.29,0.0
2025-01-01 21:29:00,293.88,133.12,38.39,22.89,44.37,19.67,0.0
2025-01-01 21:30:00,287.74,143.28,29.51,21.01,42.88,13.95,0.33
2025-01-01 21:31:00,353.09,151.7,23.31,29.09,44.48,0.0,27.68
2025-01-01 21:32:00,302.59,141.7,26.36,15.35,41.17,14.41,22.25
2025-01-01 21:33:00,248.97,145.08,28.47,35.5,39.34,5.48,0.0
2025-01-01 21:34:00,294.15,142.05,33.04,40.94,36.89,11.07,0.0
2025-01-01 21:35:00,348.21,141.33,33.5,30.45,27.77,23.13,27.33
2025-01-01 21:36:00,309.64,145.4,32.3,29.35,47.29,7.73,0.0
2025-01-01 21:37:00,298.23,140.57,34.45,21.41,50.48,14.68,0.0
2025-01-01 21:38:00,324.95,142.8,24.53,30.26,38.69,8.28,3.46
2025-01-01 21:39:00,293.4,143.01,26.79,27.34,44.46,8.28,0.0
2025-01-01 21:40:00,332.15,139.06,33.41,38.87,50.65,19.21,6.36
2025-01-01 21:41:00,258.15,145.7,23.76,20.71,45.12,7.58,0.0
2025-01-01 21:42:00,260.17,141.03,29.81,28.59,48.03,9.18,0.0
2025-01-01 21:43:00,278.2,138.7,33.87,17.85,39.83,14.54,0.0
2025-01-01 21:44:00,331.54,143.87,32.63,24.31,44.94,14.4,15.87
2025-01-01 21:45:00,331.01,138.13,32.53,18.72,41.09,10.33,25.21
2025-01-01 21:46:00,353.66,141.84,34.5,32.53,47.21,20.32,10.41
2025-01-01 21:47:00,334.98,141.69,23.4,25.28,50.03,22.1,0.0
2025-01-01 21:48:00,360.66,146.07,30.14,33.25,43.95,10.4,4.4
2025-01-01 21:49:00,323.79,143.63,30.46,36.23,32.74,16.59,1.36
2025-01-01 21:50:00,293.05,141.63,33.57,22.52,43.08,5.19,28.75
2025-01-01 21:51:00,339.31,145.0,28.0,26.16,41.51,13.36,0.0
2025-01-01 21:52:00,291.61,147.29,25.99,36.49,30.08,9.82,0.0
2025-01-01 21:53:00,310.48,143.96,28.66,27.21,48.29,4.01,0.0
2025-01-01 21:54:00,318.86,141.77,26.95,30.8,39.86,13.85,0.0
2025-01-01 21:55:00,290.12,136.48,25.75,30.38,35.31,2.42,0.0
2025-01-01 21:56:00,316.26,137.47,32.42,24.65,52.24,11.5,20.92
2025-01-01 21:57:00,351.84,140.51,30.22,23.67,51.14,17.31,14.91
2025-01-01 21:58:00,321.6,139.29,24.16,32.45,45.9,20.46,7.28
2025-01-01 21:59:00,274.42,140.98,25.3,16.68,41.15,13.13,0.0
2025-01-01 22:00:00,306.05,141.95,26.79,33.16,39.53,13.98,14.61
2025-01-01 22:01:00,313.45,143.85,26.73,32.12,42.01,8.95,0.0
2025-01-01 22:02:00,270.58,141.45,25.89,38.95,38.14,3.56,0.0
2025-01-01 22:03:00,294.06,143.67,27.63,26.37,40.19,6.11,8.53
2025-01-01 22:04:00,294.71,141.99,31.95,22.65,45.07,17.31,0.0
2025-01-01 22:05:00,275.34,133.83,26.93,30.67,35.82,12.64,4.49
2025-01-01 22:06:00,298.27,137.97,31.13,28.67,42.48,11.93,0.0
2025-01-01 22:07:00,285.11,141.15,20.13,28.34,39.41,13.08,0.0
2025-01-01 22:08:00,297.36,136.89,30.11,20.3,42.34,19.43,19.4
2025-01-01 22:09:00,305.43,144.13,22.94,36.18,45.31,22.17,7.14
2025-01-01 22:10:00,315.26,147.85,30.88,17.14,45.02,8.62,9.83
2025-01-01 22:11:00,309.35,146.6,27.66,32.05,49.56,0.38,3.27
2025-01-01 22:12:00,233.64,140.87,27.71,26.51,34.74,5.4,0.0
2025-01-01 22:13:00,315.93,147.69,38.41,35.14,27.69,0.0,0.0
2025-01-01 22:14:00,321.05,142.32,27.17,31.17,41.66,18.31,22.25
2025-01-01 22:15:00,311.7,140.38,21.97,30.49,33.96,2.89,47.6
2025-01-01 22:16:00,375.83,139.27,33.14,31.61,44.57,16.19,0.0
2025-01-01 22:17:00,345.29,140.52,32.2,34.66,50.29,19.08,0.0
2025-01-01 22:18:00,297.24,140.17,20.43,28.71,47.82,7.01,4.07
2025-01-01 22:19:00,322.05,142.41,27.87,31.36,38.22,16.04,0.0
2025-01-01 22:20:00,319.21,142.37,21.39,32.67,44.16,2.87,28.15
2025-01-01 22:21:00,348.67,141.74,29.59,38.27,49.0,10.67,10.77
2025-01-01 22:22:00,334.35,143.48,27.64,26.39,41.14,14.9,18.71
2025-01-01 22:23:00,270.12,146.49,29.07,33.32,44.39,2.2,0.0
2025-01-01 22:24:00,305.21,145.53,27.68,32.57,38.81,19.8,0.0
2025-01-01 22:25:00,338.94,135.79,32.01,28.62,42.23,9.2,34.95
2025-01-01 22:26:00,320.86,131.51,34.48,24.22,48.19,20.05,1.85
2025-01-01 22:27:00,310.86,145.46,15.76,30.94,32.87,21.19,13.46
2025-01-01 22:28:00,306.65,136.26,27.55,29.94,38.46,16.01,0.0
2025-01-01 22:29:00,302.65,140.83,26.69,31.75,41.11,19.9,1.53
2025-01-01 22:30:00,336.06,137.05,38.1,28.82,48.23,15.84,17.85
2025-01-01 22:31:00,315.86,134.52,24.51,36.88,38.83,9.91,0.0
2025-01-01 22:32:00,294.88,143.89,26.43,34.44,43.92,9.85,0.0
2025-01-01 22:33:00,279.64,144.76,17.54,30.16,44.8,9.43,0.0
2025-01-01 22:34:00,302.27,139.42,33.41,34.7,37.36,17.9,0.0
2025-01-01 22:35:00,323.19,131.36,33.97,40.81,38.36,20.62,19.65
2025-01-01 22:36:00,317.03,139.54,31.07,30.5,44.86,14.48,0.0
2025-01-01 22:37:00,291.56,143.29,34.31,12.46,33.59,14.13,0.0
2025-01-01 22:38:00,321.16,135.81,27.27,39.32,40.18,11.11,17.65
2025-01-01 22:39:00,283.91,142.46,24.92,29.74,42.56,15.44,0.0
2025-01-01 22:40:00,250.33,141.67,13.46,32.92,40.88,15.33,0.0
2025-01-01 22:41:00,299.65,144.04,27.07,33.16,48.4,0.0,0.0
2025-01-01 22:42:00,307.34,142.21,25.7,33.63,38.72,19.52,0.0
2025-01-01 22:43:00,290.95,137.84,27.0,33.79,47.26,14.33,0.0
2025-01-01 22:44:00,319.05,146.51,27.23,30.94,46.99,1.52,0.0
2025-01-01 22:45:00,275.33,141.09,26.46,20.86,37.19,16.3,0.0
2025-01-01 22:46:00,336.3,141.62,34.44,39.99,34.26,13.57,4.77
2025-01-01 22:47:00,295.83,137.99,22.77,31.34,43.63,5.72,0.0
2025-01-01 22:48:00,309.06,139.95,33.12,28.64,47.64,10.74,0.0
2025-01-01 22:49:00,316.1,138.19,23.63,29.1,37.55,12.66,13.71
2025-01-01 22:50:00,334.93,141.04,31.42,31.53,44.79,11.82,6.62
2025-01-01 22:51:00,351.5,148.57,29.15,34.92,40.72,14.64,0.0
2025-01-01 22:52:00,298.58,136.24,27.88,31.99,43.21,14.03,0.0
2025-01-01 22:53:00,269.01,135.27,37.54,34.25,49.75,7.37,20.66
2025-01-01 22:54:00,363.3,147.61,28.61,40.54,44.86,18.55,0.0
2025-01-01 22:55:00,328.69,140.89,35.24,45.65,40.19,1.24,7.89
2025-01-01 22:56:00,308.57,139.05,35.54,18.59,44.37,12.72,0.41
2025-01-01 22:57:00,337.52,145.89,20.91,44.73,40.83,9.29,26.01
2025-01-01 22:58:00,321.51,139.31,30.65,32.63,43.47,15.22,10.42
2025-01-01 22:59:00,297.05,149.03,28.66,21.4,39.99,13.72,0.0
2025-01-01 23:00:00,323.25,144.44,5.0,24.67,44.55,0.0,49.19
2025-01-01 23:01:00,254.96,139.78,8.39,31.51,41.08,1.6,0.0
2025-01-01 23:02:00,252.82,150.36,5.0,34.01,38.35,8.63,0.0
2025-01-01 23:03:00,279.79,139.3,7.25,29.35,33.55,2.31,0.0
2025-01-01 23:04:00,323.38,144.7,12.85,40.75,40.07,15.01,18.85
2025-01-01 23:05:00,314.2,142.92,5.0,28.59,39.98,0.15,35.71
2025-01-01 23:06:00,304.79,146.93,9.62,22.79,38.96,23.39,0.0
2025-01-01 23:07:00,295.24,147.97,11.72,29.48,49.05,0.77,0.0
2025-01-01 23:08:00,246.65,141.86,9.18,23.49,39.94,0.0,0.0
2025-01-01 23:09:00,320.16,138.71,5.0,35.76,44.78,1.48,37.89
2025-01-01 23:10:00,292.85,143.57,6.78,23.62,41.89,0.0,0.0
2025-01-01 23:11:00,299.42,139.02,6.85,32.24,40.05,9.22,34.19
2025-01-01 23:12:00,302.61,149.78,18.84,25.82,47.99,0.0,8.95
2025-01-01 23:13:00,321.12,142.27,5.0,42.89,39.54,3.21,8.56
2025-01-01 23:14:00,253.38,140.27,6.87,31.99,33.11,0.0,35.22
2025-01-01 23:15:00,302.7,142.47,9.11,36.26,33.77,10.33,29.82
2025-01-01 23:16:00,292.42,136.34,8.12,41.75,46.99,0.0,9.85
2025-01-01 23:17:00,289.59,137.84,5.0,23.68,42.09,13.74,3.91
2025-01-01 23:18:00,266.48,146.53,5.0,19.93,36.72,9.38,0.0
2025-01-01 23:19:00,303.94,139.1,14.95,38.25,46.37,0.0,21.57
2025-01-01 23:20:00,293.79,137.54,6.66,40.2,50.79,6.88,0.0
2025-01-01 23:21:00,309.86,143.87,10.83,44.12,41.94,4.72,27.61
2025-01-01 23:22:00,289.41,146.47,9.94,30.1,35.23,0.0,43.82
2025-01-01 23:23:00,274.54,144.6,5.0,17.29,46.75,0.0,0.0
2025-01-01 23:24:00,286.58,145.71,10.12,34.91,38.04,0.0,3.19
2025-01-01 23:25:00,256.45,138.7,13.71,29.86,40.36,0.0,0.0
2025-01-01 23:26:00,289.59,136.04,7.75,36.14,35.44,7.37,0.0
2025-01-01 23:27:00,269.57,147.73,5.0,29.87,45.34,10.49,0.0
2025-01-01 23:28:00,242.06,140.44,5.0,35.52,39.08,7.76,0.85
2025-01-01 23:29:00,323.84,140.72,5.0,36.94,46.33,3.95,0.0
2025-01-01 23:30:00,299.83,147.04,11.69,27.15,53.55,4.58,3.01
2025-01-01 23:31:00,299.0,143.95,5.0,33.65,32.16,1.14,14.26
2025-01-01 23:32:00,242.99,143.55,5.0,14.88,36.02,0.0,0.0
2025-01-01 23:33:00,260.23,150.39,8.71,32.45,37.3,0.0,0.0
2025-01-01 23:34:00,325.85,139.15,11.26,30.54,44.31,5.59,21.16
2025-01-01 23:35:00,304.6,145.44,5.0,21.92,38.74,14.49,7.69
2025-01-01 23:36:00,269.32,141.96,8.38,31.02,36.39,1.82,12.5
2025-01-01 23:37:00,286.58,142.8,15.97,33.28,41.67,0.0,0.0
2025-01-01 23:38:00,323.77,147.84,5.0,32.06,56.86,1.4,17.03
2025-01-01 23:39:00,271.58,143.76,7.22,25.32,39.14,5.06,0.0
2025-01-01 23:40:00,300.2,143.88,8.43,36.13,47.59,0.0,30.51
2025-01-01 23:41:00,251.65,146.02,11.52,21.75,35.33,0.0,8.82
2025-01-01 23:42:00,302.52,140.27,8.26,31.38,46.97,3.49,0.0
2025-01-01 23:43:00,257.92,138.37,5.0,32.75,35.1,5.49,13.96
2025-01-01 23:44:00,279.29,137.55,8.45,35.2,38.57,16.09,0.0
2025-01-01 23:45:00,309.95,133.86,10.08,28.45,52.87,0.0,21.66
2025-01-01 23:46:00,256.6,149.95,6.59,32.67,39.4,0.0,0.0
2025-01-01 23:47:00,328.24,137.31,5.0,28.79,40.27,10.6,29.31
2025-01-01 23:48:00,290.31,140.84,12.12,28.78,36.93,1.62,0.0
2025-01-01 23:49:00,241.28,140.62,10.83,33.3,21.45,0.0,0.0
2025-01-01 23:50:00,269.62,142.96,5.0,28.56,50.66,0.0,0.0
2025-01-01 23:51:00,262.65,144.99,8.93,29.7,40.92,4.73,30.4
2025-01-01 23:52:00,281.61,145.17,14.9,31.5,40.7,0.0,0.0
2025-01-01 23:53:00,272.83,139.4,8.06,21.52,60.27,0.0,0.0
2025-01-01 23:54:00,281.53,141.06,5.0,33.23,32.85,0.0,0.0
2025-01-01 23:55:00,282.48,142.86,18.46,21.94,43.18,2.78,16.42
2025-01-01 23:56:00,311.59,140.73,13.92,22.95,46.54,0.0,55.97
2025-01-01 23:57:00,266.41,148.16,5.0,26.91,38.76,8.46,10.46
2025-01-01 23:58:00,312.42,143.69,14.86,24.25,41.35,0.0,7.05
2025-01-01 23:59:00,253.65,144.67,5.0,26.55,43.61,0.49,5.8
2025-01-02 00:00:00,238.72,147.28,5.0,30.28,1.19,8.23,2.32
2025-01-02 00:01:00,251.59,149.32,7.32,31.36,0.0,0.0,4.19
2025-01-02 00:02:00,252.26,145.35,10.37,38.29,13.06,0.0,11.44
2025-01-02 00:03:00,217.58,139.44,5.0,17.74,2.44,4.82,0.0
2025-01-02 00:04:00,238.04,146.22,8.25,30.66,8.09,0.0,9.48
2025-01-02 00:05:00,231.54,142.02,8.85,30.04,7.36,0.0,0.0
2025-01-02 00:06:00,243.91,142.51,13.76,37.04,5.34,12.48,0.0
2025-01-02 00:07:00,229.05,146.97,16.08,32.11,0.0,5.28,0.0
2025-01-02 00:08:00,263.98,149.58,15.9,22.25,0.0,6.05,0.0
2025-01-02 00:09:00,261.07,144.71,16.03,33.55,4.18,0.0,0.0
2025-01-02 00:10:00,233.97,145.86,5.0,25.7,0.0,0.0,27.67
2025-01-02 00:11:00,211.85,151.43,11.77,25.88,0.0,0.34,14.98
2025-01-02 00:12:00,273.76,145.59,19.58,37.0,7.3,0.0,0.0
2025-01-02 00:13:00,265.57,155.03,12.28,27.49,0.13,0.0,34.76
2025-01-02 00:14:00,222.71,146.89,5.0,20.72,4.8,0.0,0.0
2025-01-02 00:15:00,256.71,137.58,9.63,22.93,3.3,3.37,0.0
2025-01-02 00:16:00,264.83,147.64,5.0,25.58,9.9,0.0,0.0
2025-01-02 00:17:00,258.95,146.15,13.22,48.83,0.0,3.56,0.0
2025-01-02 00:18:00,273.59,149.78,10.47,27.02,0.0,8.51,42.54
2025-01-02 00:19:00,285.06,147.32,10.84,36.9,3.31,0.26,23.99
2025-01-02 00:20:00,236.02,144.07,5.0,32.76,0.0,4.88,0.0
2025-01-02 00:21:00,269.15,139.73,8.05,33.79,11.14,3.35,12.49
2025-01-02 00:22:00,234.75,143.79,10.25,25.79,11.0,0.0,0.0
2025-01-02 00:23:00,229.28,141.22,9.15,30.32,0.0,0.0,5.12
2025-01-02 00:24:00,250.89,142.3,5.0,27.69,11.0,2.99,33.96
2025-01-02 00:25:00,277.18,146.98,12.45,36.01,14.13,5.95,24.73
2025-01-02 00:26:00,260.89,151.3,5.0,26.62,5.6,5.83,11.61
2025-01-02 00:27:00,272.77,146.2,11.82,38.65,0.0,2.71,0.0
2025-01-02 00:28:00,211.05,139.84,7.7,24.63,0.0,6.27,0.0
2025-01-02 00:29:00,251.54,146.4,16.78,32.32,0.0,0.0,12.1
2025-01-02 00:30:00,236.15,149.41,13.47,22.73,0.0,2.18,0.0
2025-01-02 00:31:00,263.61,142.18,10.57,34.8,4.45,0.0,0.0
2025-01-02 00:32:00,278.15,144.09,5.41,33.6,1.67,6.61,5.19
2025-01-02 00:33:00,265.06,144.68,9.45,19.44,2.39,5.9,23.91
2025-01-02 00:34:00,219.66,141.48,5.0,37.21,0.0,5.63,0.0
2025-01-02 00:35:00,264.45,147.22,8.46,28.51,8.36,0.0,0.0
2025-01-02 00:36:00,280.61,144.14,13.76,33.27,7.11,8.57,28.85
2025-01-02 00:37:00,226.87,146.3,6.56,25.6,4.76,0.0,0.0
2025-01-02 00:38:00,286.41,141.07,10.67,22.84,2.25,14.6,0.0
2025-01-02 00:39:00,233.88,142.87,6.11,24.0,0.0,7.63,0.0
2025-01-02 00:40:00,294.52,147.51,16.28,29.51,12.61,4.42,15.27
2025-01-02 00:41:00,273.25,143.13,5.0,31.72,9.64,5.94,6.04
2025-01-02 00:42:00,237.58,151.53,5.0,24.8,0.0,8.84,0.0
2025-01-02 00:43:00,243.87,143.03,6.37,17.53,0.0,4.54,0.0
2025-01-02 00:44:00,280.42,145.52,7.72,33.8,0.0,2.3,11.63
2025-01-02 00:45:00,283.33,148.35,7.28,26.0,6.44,0.0,35.63
2025-01-02 00:46:00,268.49,138.95,10.86,28.77,3.75,1.28,38.37
2025-01-02 00:47:00,232.82,137.58,7.78,31.05,4.18,4.42,0.0
2025-01-02 00:48:00,242.02,138.52,8.73,28.67,6.63,5.1,0.0
2025-01-02 00:49:00,206.04,149.67,5.03,22.63,0.0,0.0,0.0
2025-01-02 00:50:00,241.86,142.42,14.31,23.84,0.0,9.56,13.31
2025-01-02 00:51:00,225.83,154.86,12.24,32.0,0.0,2.49,0.0
2025-01-02 00:52:00,267.29,142.37,10.86,40.24,4.32,8.58,0.0
2025-01-02 00:53:00,181.54,145.36,9.42,31.29,0.0,4.31,0.0
2025-01-02 00:54:00,311.09,150.79,13.36,31.71,0.0,11.16,23.28
2025-01-02 00:55:00,249.87,152.65,12.07,38.41,0.0,0.0,0.0
2025-01-02 00:56:00,269.37,152.87,14.26,32.43,0.0,0.0,0.0
2025-01-02 00:57:00,258.59,149.46,11.05,36.78,0.0,7.86,0.0
2025-01-02 00:58:00,240.09,148.72,5.95,27.98,9.97,0.0,0.0
2025-01-02 00:59:00,265.1,146.99,9.65,31.52,0.0,3.06,39.45
2025-01-02 01:00:00,236.33,147.74,13.65,30.72,11.0,4.38,8.86
2025-01-02 01:01:00,256.66,142.42,9.98,46.29,12.98,3.39,0.0
2025-01-02 01:02:00,253.6,141.35,11.63,38.74,6.96,8.46,0.0
2025-01-02 01:03:00,251.76,144.61,15.27,33.08,7.63,0.0,0.0
2025-01-02 01:04:00,257.2,143.94,5.0,26.12,0.0,2.95,11.35
2025-01-02 01:05:00,264.43,142.81,7.05,32.11,10.42,0.68,9.45
2025-01-02 01:06:00,264.62,147.41,7.3,33.3,8.62,4.24,0.0
2025-01-02 01:07:00,203.88,148.45,10.44,20.92,0.0,0.0,7.78
2025-01-02 01:08:00,290.73,144.98,15.1,42.81,4.46,7.92,0.0
2025-01-02 01:09:00,223.82,150.53,9.16,20.95,0.0,0.0,0.0
2025-01-02 01:10:00,235.27,140.06,15.44,28.85,0.0,3.75,0.64
2025-01-02 01:11:00,241.14,143.85,5.0,22.19,0.88,0.0,48.14
2025-01-02 01:12:00,256.45,141.76,18.46,26.07,3.85,0.0,39.05
2025-01-02 01:13:00,212.2,137.16,8.2,26.63,1.57,2.23,0.0
2025-01-02 01:14:00,284.93,144.29,5.0,26.16,6.94,1.18,33.77
2025-01-02 01:15:00,262.59,144.14,5.0,27.1,0.0,0.0,0.0
2025-01-02 01:16:00,238.41,150.68,10.88,23.58,0.0,5.37,0.0
2025-01-02 01:17:00,258.23,147.15,7.82,36.56,12.09,1.29,7.22
2025-01-02 01:18:00,301.85,140.53,5.0,23.54,3.29,4.68,25.97
2025-01-02 01:19:00,217.21,152.04,5.0,26.46,6.27,0.0,0.0
2025-01-02 01:20:00,225.18,149.51,7.05,26.36,0.0,0.0,0.0
2025-01-02 01:21:00,253.42,146.95,8.48,31.66,8.19,2.43,19.31
2025-01-02 01:22:00,255.05,143.72,5.0,32.6,0.0,0.0,27.1
2025-01-02 01:23:00,241.45,140.79,7.08,39.37,6.8,1.29,1.99
2025-01-02 01:24:00,232.72,143.14,5.0,26.47,0.0,3.17,2.12
2025-01-02 01:25:00,273.63,148.98,15.18,26.21,20.32,7.74,0.0
2025-01-02 01:26:00,285.65,152.16,5.2,29.37,0.0,13.52,4.79
2025-01-02 01:27:00,245.72,150.8,5.0,39.93,10.54,0.0,0.0
2025-01-02 01:28:00,254.54,142.67,6.51,31.18,4.4,0.0,34.2
2025-01-02 01:29:00,236.2,140.15,6.14,32.67,1.22,1.37,0.0
2025-01-02 01:30:00,244.69,145.19,5.0,35.59,11.02,8.88,0.0
2025-01-02 01:31:00,255.91,137.55,9.56,28.17,0.0,11.92,25.83
2025-01-02 01:32:00,264.74,145.92,12.82,22.8,9.22,3.87,0.0
2025-01-02 01:33:00,258.26,144.03,8.06,26.52,13.82,4.59,19.44
2025-01-02 01:34:00,229.95,142.76,7.84,30.23,0.0,0.0,0.0
2025-01-02 01:35:00,248.04,138.25,6.49,22.23,6.22,1.85,0.0
2025-01-02 01:36:00,274.94,146.68,5.1,35.41,0.0,8.89,5.58
2025-01-02 01:37:00,211.49,142.49,6.82,29.98,4.87,0.0,0.0
2025-01-02 01:38:00,273.1,139.94,8.87,19.7,15.08,2.05,31.2
2025-01-02 01:39:00,221.61,133.13,8.46,29.05,0.0,5.4,0.0
2025-01-02 01:40:00,212.07,144.51,9.99,29.15,7.65,0.0,0.0
2025-01-02 01:41:00,252.75,151.71,8.36,28.34,0.0,1.35,11.28
2025-01-02 01:42:00,286.92,151.27,8.76,45.26,5.09,0.59,33.91
2025-01-02 01:43:00,308.3,142.8,10.32,29.18,8.17,5.23,43.5
2025-01-02 01:44:00,289.33,142.22,5.0,35.88,11.83,3.27,12.36
2025-01-02 01:45:00,272.98,146.5,14.45,34.72,4.01,0.0,17.23
2025-01-02 01:46:00,280.41,140.63,9.15,31.96,9.55,13.2,36.09
2025-01-02 01:47:00,205.37,145.83,9.16,35.6,0.0,0.0,2.01
2025-01-02 01:48:00,262.88,147.69,14.28,22.42,8.76,3.35,9.7
2025-01-02 01:49:00,272.91,149.53,12.75,30.44,6.98,2.06,0.0
2025-01-02 01:50:00,209.04,144.22,14.61,31.0,0.0,4.69,0.0
2025-01-02 01:51:00,247.18,143.81,8.57,26.26,2.66,8.02,0.0
2025-01-02 01:52:00,259.74,141.11,9.41,31.07,0.45,13.04,0.0
2025-01-02 01:53:00,197.53,141.32,11.66,19.13,0.0,4.65,0.0
2025-01-02 01:54:00,231.86,143.72,14.38,32.33,4.93,11.98,0.0
2025-01-02 01:55:00,246.54,146.09,8.45,23.09,10.69,0.0,25.4
2025-01-02 01:56:00,274.22,148.28,5.0,23.2,9.89,7.27,0.0
2025-01-02 01:57:00,236.6,141.41,8.15,30.71,2.73,9.91,0.0
2025-01-02 01:58:00,241.88,150.59,5.49,29.9,8.22,1.24,0.0
2025-01-02 01:59:00,262.27,143.54,5.0,32.15,9.04,0.5,18.45
2025-01-02 02:00:00,247.86,144.54,12.02,25.7,3.17,0.0,2.47
2025-01-02 02:01:00,229.45,141.64,5.0,24.88,2.51,9.46,0.05
2025-01-02 02:02:00,255.78,134.93,8.47,33.61,5.71,2.76,2.63
2025-01-02 02:03:00,282.26,148.16,15.81,24.62,0.0,0.0,0.0
2025-01-02 02:04:00,268.65,147.57,8.75,26.87,2.14,6.77,4.14
2025-01-02 02:05:00,261.2,143.5,13.2,34.91,3.32,5.56,0.0
2025-01-02 02:06:00,253.26,144.89,15.28,32.55,0.0,0.0,2.73
2025-01-02 02:07:00,244.07,146.69,8.72,25.19,0.0,5.97,0.0
2025-01-02 02:08:00,241.73,138.37,5.0,32.21,9.76,0.0,17.9
2025-01-02 02:09:00,275.83,142.51,10.48,17.5,0.0,3.26,12.18
2025-01-02 02:10:00,238.01,147.8,5.0,31.42,0.0,3.31,10.54
2025-01-02 02:11:00,235.18,139.61,6.74,39.03,0.0,0.0,0.0
2025-01-02 02:12:00,291.12,145.8,7.16,29.68,3.15,5.18,32.64
2025-01-02 02:13:00,243.28,139.2,9.67,29.02,8.27,7.31,9.12
2025-01-02 02:14:00,229.86,146.49,5.95,33.01,0.0,0.0,0.0
2025-01-02 02:15:00,254.63,144.48,5.0,39.49,4.22,5.04,7.45
2025-01-02 02:16:00,244.68,138.16,5.0,28.88,0.0,0.0,0.0
2025-01-02 02:17:00,209.73,149.28,13.83,16.06,0.99,0.0,0.0
2025-01-02 02:18:00,197.36,141.69,9.74,27.49,0.0,0.0,13.85
2025-01-02 02:19:00,267.74,141.38,13.96,19.53,6.87,4.72,5.57
2025-01-02 02:20:00,220.86,145.43,8.34,32.09,19.07,0.96,0.0
2025-01-02 02:21:00,260.07,149.22,14.72,28.78,6.28,0.0,19.1
2025-01-02 02:22:00,257.64,140.56,5.0,38.88,3.69,0.0,10.32
2025-01-02 02:23:00,235.91,144.87,11.72,24.58,0.45,4.15,0.0
2025-01-02 02:24:00,259.88,146.34,12.4,20.52,18.15,8.22,0.0
2025-01-02 02:25:00,250.2,147.4,6.27,21.71,2.01,0.0,12.69
2025-01-02 02:26:00,255.48,145.33,16.03,25.61,0.0,0.0,0.0
2025-01-02 02:27:00,242.34,143.16,8.06,24.78,5.89,0.0,3.01
2025-01-02 02:28:00,214.51,141.31,5.0,24.85,7.89,4.29,0.0
2025-01-02 02:29:00,295.41,144.97,17.01,41.8,10.49,8.72,24.13
2025-01-02 02:30:00,231.51,140.34,15.65,28.8,0.0,4.03,8.54
2025-01-02 02:31:00,208.96,132.94,11.02,33.38,0.0,0.0,5.24
2025-01-02 02:32:00,295.01,146.37,12.46,34.26,5.13,0.0,31.26
2025-01-02 02:33:00,208.88,148.24,7.24,20.44,0.0,0.0,0.0
2025-01-02 02:34:00,283.06,135.17,12.17,26.99,3.77,5.17,24.8
2025-01-02 02:35:00,224.65,140.58,10.15,21.02,9.81,5.63,0.0
2025-01-02 02:36:00,256.73,147.1,6.67,22.61,0.0,4.82,15.64
2025-01-02 02:37:00,222.81,152.85,10.12,38.83,1.23,6.89,7.09
2025-01-02 02:38:00,210.93,144.71,13.75,23.66,0.0,12.09,0.0
2025-01-02 02:39:00,286.33,141.71,14.8,20.18,13.32,3.44,0.0
2025-01-02 02:40:00,238.27,143.89,5.0,47.34,12.87,6.61,0.0
2025-01-02 02:41:00,238.86,150.12,5.4,27.1,0.0,5.51,0.0
2025-01-02 02:42:00,226.81,142.04,5.0,25.16,4.64,0.0,0.0
2025-01-02 02:43:00,214.54,141.43,11.38,25.33,6.07,2.84,0.0
2025-01-02 02:44:00,261.37,142.69,5.0,20.61,5.3,8.35,15.36
2025-01-02 02:45:00,198.43,140.81,6.27,40.02,2.71,0.56,0.0
2025-01-02 02:46:00,239.41,145.11,9.6,26.32,7.89,0.49,26.61
2025-01-02 02:47:00,270.56,151.12,5.0,29.72,1.65,5.11,5.39
2025-01-02 02:48:00,254.5,145.92,10.88,33.63,8.33,3.72,15.06
2025-01-02 02:49:00,268.19,143.61,11.43,23.04,7.04,2.82,20.58
2025-01-02 02:50:00,228.68,143.46,5.0,28.84,0.74,0.0,17.36
2025-01-02 02:51:00,208.78,138.37,8.45,35.26,4.71,0.0,6.98
2025-01-02 02:52:00,245.78,148.16,8.22,34.19,8.94,5.84,0.0
2025-01-02 02:53:00,259.76,144.31,5.0,17.42,8.56,1.98,17.65
2025-01-02 02:54:00,265.77,143.9,5.0,8.63,9.41,0.0,20.55
2025-01-02 02:55:00,244.44,157.4,5.0,24.52,7.39,0.0,4.81
2025-01-02 02:56:00,250.49,145.82,5.0,31.25,0.0,5.13,7.32
2025-01-02 02:57:00,260.77,141.62,8.68,36.55,0.19,0.0,3.53
2025-01-02 02:58:00,270.46,142.92,5.0,25.36,0.0,9.09,0.0
2025-01-02 02:59:00,239.77,149.22,14.6,34.36,0.0,9.09,0.0
2025-01-02 03:00:00,253.17,145.08,15.17,21.39,3.12,9.84,28.23
2025-01-02 03:01:00,220.56,138.87,7.87,38.28,1.67,6.57,0.0
2025-01-02 03:02:00,249.55,148.3,10.16,31.19,2.6,6.29,0.0
2025-01-02 03:03:00,262.91,141.95,10.43,17.86,0.1,10.66,19.7
2025-01-02 03:04:00,256.59,152.12,15.02,18.81,9.15,0.0,0.0
2025-01-02 03:05:00,247.34,148.94,5.0,29.37,0.4,1.49,0.0
2025-01-02 03:06:00,260.28,142.83,9.6,32.92,9.12,0.0,0.0
2025-01-02 03:07:00,258.66,149.75,10.61,27.34,1.58,0.0,0.0
2025-01-02 03:08:00,222.35,144.9,5.84,41.59,3.28,0.0,0.0
2025-01-02 03:09:00,249.24,148.04,11.04,37.65,13.09,3.61,0.0
2025-01-02 03:10:00,295.17,146.56,7.08,41.49,4.36,14.62,22.65
2025-01-02 03:11:00,315.52,141.24,5.21,37.94,0.0,1.02,47.86
2025-01-02 03:12:00,220.99,142.05,5.0,23.61,0.0,8.59,0.0
2025-01-02 03:13:00,236.58,148.74,5.0,33.87,0.0,20.36,0.0
2025-01-02 03:14:00,264.64,143.28,9.29,35.18,3.93,0.74,0.0
2025-01-02 03:15:00,272.72,143.01,13.49,31.77,7.3,0.0,21.31
2025-01-02 03:16:00,230.8,140.8,16.53,22.25,1.93,6.09,0.0
2025-01-02 03:17:00,255.24,146.32,5.0,27.25,13.8,0.0,0.0
2025-01-02 03:18:00,259.56,152.87,11.78,30.07,9.92,0.0,0.0
2025-01-02 03:19:00,264.82,140.35,5.0,30.04,0.0,15.77,1.35
2025-01-02 03:20:00,219.35,144.72,7.84,27.9,2.11,4.19,0.0
2025-01-02 03:21:00,238.13,150.27,15.74,30.2,0.0,0.0,0.0
2025-01-02 03:22:00,223.35,144.31,8.19,24.03,0.42,7.39,0.0
2025-01-02 03:23:00,207.97,146.43,10.39,22.83,8.35,0.0,0.0
2025-01-02 03:24:00,228.68,140.37,5.0,20.95,0.65,0.0,0.0
2025-01-02 03:25:00,279.21,146.34,7.3,28.69,5.08,6.9,32.88
2025-01-02 03:26:00,253.29,143.88,12.04,26.71,0.29,6.93,0.0
2025-01-02 03:27:00,215.94,148.57,5.0,29.85,0.0,0.0,1.31
2025-01-02 03:28:00,233.88,149.37,5.0,31.34,0.0,0.0,0.0
2025-01-02 03:29:00,257.7,154.98,12.38,31.49,7.9,0.0,5.87
2025-01-02 03:30:00,273.48,146.94,9.41,33.01,1.94,8.6,15.04
2025-01-02 03:31:00,247.92,145.93,13.09,25.84,3.63,8.1,0.0
2025-01-02 03:32:00,244.06,145.4,11.77,29.61,0.47,0.0,9.08
2025-01-02 03:33:00,267.48,143.21,13.76,32.08,0.46,0.0,12.0
2025-01-02 03:34:00,227.38,145.98,11.98,21.92,0.84,0.0,0.0
2025-01-02 03:35:00,232.69,143.44,5.0,23.93,3.55,0.0,0.0
2025-01-02 03:36:00,266.78,145.3,6.51,27.45,0.0,2.38,25.95
2025-01-02 03:37:00,252.26,149.89,5.0,44.16,0.0,1.58,16.54
2025-01-02 03:38:00,209.97,140.6,13.52,31.29,0.0,0.0,0.0
2025-01-02 03:39:00,229.8,149.18,13.26,16.83,1.11,0.0,9.34
2025-01-02 03:40:00,265.26,149.89,10.39,29.29,1.64,8.54,4.74
2025-01-02 03:41:00,216.51,144.15,5.0,37.93,0.0,11.95,0.0
2025-01-02 03:42:00,238.43,136.14,7.6,26.09,0.0,2.91,0.65
2025-01-02 03:43:00,234.94,142.19,9.46,23.86,3.16,0.02,0.0
2025-01-02 03:44:00,237.33,149.81,9.48,27.95,3.39,10.52,0.0
2025-01-02 03:45:00,241.05,144.53,5.0,35.88,2.89,0.0,1.96
2025-01-02 03:46:00,253.99,140.63,13.1,22.74,0.4,3.06,13.55
2025-01-02 03:47:00,286.72,142.6,10.16,33.0,5.56,10.08,35.43
2025-01-02 03:48:00,228.2,147.99,5.95,36.47,4.93,0.0,20.33
2025-01-02 03:49:00,260.26,146.81,12.57,28.77,5.98,0.0,30.5
2025-01-02 03:50:00,196.75,143.67,6.63,32.83,0.19,6.74,0.0
2025-01-02 03:51:00,264.57,143.16,9.39,28.03,5.68,11.04,17.78
2025-01-02 03:52:00,247.9,143.06,9.99,27.33,8.35,0.12,0.0
2025-01-02 03:53:00,246.01,140.93,5.18,31.55,0.0,0.0,0.0
2025-01-02 03:54:00,243.92,151.09,5.0,37.02,0.0,3.63,0.0
2025-01-02 03:55:00,294.14,143.33,5.0,38.43,7.07,0.0,29.22
2025-01-02 03:56:00,214.52,149.49,15.95,29.04,0.0,7.76,0.0
2025-01-02 03:57:00,223.05,150.71,6.01,25.82,2.8,0.0,0.0
2025-01-02 03:58:00,255.5,148.62,5.0,33.08,0.0,3.75,24.82
2025-01-02 03:59:00,256.54,142.9,13.22,31.68,0.0,15.09,6.67
2025-01-02 04:00:00,226.58,146.24,5.0,30.59,2.2,0.0,18.83
2025-01-02 04:01:00,212.14,144.53,11.9,23.98,5.56,0.0,4.25
2025-01-02 04:02:00,221.5,141.01,11.85,27.55,0.0,0.0,0.0
2025-01-02 04:03:00,296.86,145.92,5.0,39.5,0.03,12.65,0.0
2025-01-02 04:04:00,216.88,139.91,11.38,20.7,0.0,0.0,0.0
2025-01-02 04:05:00,237.4,149.37,6.8,23.62,14.02,0.0,4.19
2025-01-02 04:06:00,285.94,142.77,8.29,33.42,0.0,0.0,32.23
2025-01-02 04:07:00,262.08,145.43,10.46,28.62,8.86,4.12,0.0
2025-01-02 04:08:00,293.44,145.76,10.19,36.91,5.51,2.75,16.82
2025-01-02 04:09:00,299.11,143.59,9.31,26.9,0.0,0.31,2.13
2025-01-02 04:10:00,284.02,146.97,9.2,40.09,0.0,4.53,13.39
2025-01-02 04:11:00,231.26,142.72,8.38,19.81,0.0,0.0,0.0
2025-01-02 04:12:00,227.12,148.11,7.31,21.03,0.67,0.0,26.43
2025-01-02 04:13:00,227.66,139.24,7.23,28.56,9.12,2.24,0.0
2025-01-02 04:14:00,229.48,145.13,8.54,32.06,0.0,6.25,0.0
2025-01-02 04:15:00,287.8,152.38,20.68,37.87,0.0,4.46,22.96
2025-01-02 04:16:00,226.99,140.62,5.65,31.5,0.81,0.84,0.0
2025-01-02 04:17:00,232.44,141.91,8.97,22.91,5.65,4.24,0.0
2025-01-02 04:18:00,281.73,146.68,5.0,32.55,0.0,10.19,0.0
2025-01-02 04:19:00,221.25,145.34,6.12,28.83,0.0,6.79,0.0
2025-01-02 04:20:00,284.81,146.03,5.0,32.82,12.54,1.07,25.47
2025-01-02 04:21:00,276.0,146.58,5.97,28.06,4.29,0.0,1.26
2025-01-02 04:22:00,260.17,147.16,10.04,31.11,7.8,1.84,0.0
2025-01-02 04:23:00,250.65,149.06,10.7,32.42,0.0,14.52,9.66
2025-01-02 04:24:00,267.7,146.26,11.44,33.16,0.0,0.0,27.34
2025-01-02 04:25:00,243.12,143.66,11.52,27.46,1.5,6.53,0.0
2025-01-02 04:26:00,218.28,147.31,5.0,24.25,11.64,0.5,2.38
2025-01-02 04:27:00,239.65,152.22,9.06,22.92,0.0,5.84,0.0
2025-01-02 04:28:00,262.99,144.09,8.33,20.37,6.85,2.62,13.19
2025-01-02 04:29:00,249.19,140.73,5.0,39.69,0.0,7.17,0.0
2025-01-02 04:30:00,263.54,149.05,7.02,24.26,6.07,0.0,11.59
2025-01-02 04:31:00,261.2,144.14,5.0,40.5,0.0,12.87,0.0
2025-01-02 04:32:00,279.49,135.93,14.48,31.15,0.0,0.0,37.23
2025-01-02 04:33:00,278.82,148.01,7.05,28.33,11.04,0.0,0.86
2025-01-02 04:34:00,253.17,142.48,10.3,22.36,4.2,7.82,21.3
2025-01-02 04:35:00,244.76,144.26,5.0,24.21,0.0,0.0,0.0
2025-01-02 04:36:00,250.37,145.95,5.91,38.82,0.0,0.0,0.0
2025-01-02 04:37:00,248.06,145.39,5.0,33.69,0.0,15.55,3.31
2025-01-02 04:38:00,271.97,147.46,5.0,33.95,0.0,9.02,6.74
2025-01-02 04:39:00,318.91,142.88,11.09,22.94,21.34,0.9,35.55
2025-01-02 04:40:00,215.97,146.68,5.75,32.2,0.0,0.0,0.0
2025-01-02 04:41:00,227.76,143.59,18.27,24.52,7.9,2.8,0.0
2025-01-02 04:42:00,277.66,147.58,12.78,33.71,0.0,2.69,0.0
2025-01-02 04:43:00,245.01,147.09,13.33,25.66,3.86,6.65,6.43
2025-01-02 04:44:00,225.49,140.88,12.08,26.46,0.14,0.0,0.0
2025-01-02 04:45:00,260.44,148.97,9.01,37.05,0.0,7.68,12.8
2025-01-02 04:46:00,216.46,142.48,7.44,21.54,9.72,1.55,0.0
2025-01-02 04:47:00,246.44,147.86,13.46,19.44,0.0,3.53,0.0
2025-01-02 04:48:00,268.55,146.09,5.0,21.83,6.65,7.35,16.89
2025-01-02 04:49:00,236.32,151.98,9.3,23.45,2.33,4.49,0.0
2025-01-02 04:50:00,242.41,143.73,11.75,32.62,4.16,4.81,0.0
2025-01-02 04:51:00,231.69,143.23,7.09,29.9,0.0,9.71,5.5
2025-01-02 04:52:00,278.99,144.55,5.0,25.43,3.73,0.0,13.43
2025-01-02 04:53:00,234.18,143.41,10.67,29.53,0.0,0.0,0.0
2025-01-02 04:54:00,277.86,147.82,14.86,25.24,5.36,1.83,10.2
2025-01-02 04:55:00,194.25,138.16,5.0,27.45,6.57,7.34,8.89
2025-01-02 04:56:00,225.96,140.41,5.44,32.13,10.89,0.0,0.0
2025-01-02 04:57:00,276.2,140.35,7.24,40.48,0.93,5.85,15.04
2025-01-02 04:58:00,229.46,148.43,8.06,33.06,8.52,1.2,14.34
2025-01-02 04:59:00,244.98,151.47,5.0,38.17,6.16,5.61,10.87
2025-01-02 05:00:00,236.88,144.21,9.87,26.98,0.0,11.32,10.91
2025-01-02 05:01:00,253.06,143.95,5.0,36.1,0.0,3.11,10.39
2025-01-02 05:02:00,265.0,144.9,12.08,39.09,0.0,9.15,12.45
2025-01-02 05:03:00,215.52,149.27,9.28,32.21,0.0,5.35,0.0
2025-01-02 05:04:00,220.29,140.91,16.29,28.66,0.0,4.37,0.0
2025-01-02 05:05:00,259.06,145.58,11.06,35.59,2.6,2.76,7.29
2025-01-02 05:06:00,256.23,148.52,5.31,27.7,1.37,3.29,15.0
2025-01-02 05:07:00,203.57,146.63,11.88,26.97,0.0,0.0,0.0
2025-01-02 05:08:00,258.88,145.38,13.68,26.87,0.0,0.0,0.0
2025-01-02 05:09:00,235.89,148.63,10.28,23.29,0.0,3.77,12.23
2025-01-02 05:10:00,201.47,133.81,5.0,30.54,8.13,5.75,11.97
2025-01-02 05:11:00,210.13,147.34,9.0,30.47,0.0,0.75,0.0
2025-01-02 05:12:00,211.25,142.01,5.0,28.57,0.45,0.0,0.0
2025-01-02 05:13:00,261.5,137.3,10.77,22.02,0.74,0.0,34.5
2025-01-02 05:14:00,254.14,146.67,6.92,31.06,12.62,0.0,0.0
2025-01-02 05:15:00,216.09,150.12,8.95,23.74,2.98,0.0,0.0
2025-01-02 05:16:00,229.29,144.07,5.0,33.84,4.12,6.65,11.98
2025-01-02 05:17:00,242.43,148.44,8.5,39.51,1.01,3.95,0.26
2025-01-02 05:18:00,223.77,151.07,5.03,22.51,0.11,1.53,0.0
2025-01-02 05:19:00,239.28,149.88,5.0,25.41,2.5,5.77,10.42
2025-01-02 05:20:00,276.94,151.18,15.81,37.18,4.89,0.0,33.42
2025-01-02 05:21:00,240.6,147.59,5.0,42.1,2.18,0.0,0.0
2025-01-02 05:22:00,230.66,144.93,5.0,26.53,14.72,3.02,2.3
2025-01-02 05:23:00,247.87,138.22,5.0,37.12,6.93,5.09,17.38
2025-01-02 05:24:00,248.91,143.64,6.74,36.01,0.0,0.0,0.0
2025-01-02 05:25:00,235.04,141.25,9.18,23.72,0.0,8.43,0.0
2025-01-02 05:26:00,220.38,153.31,6.2,34.04,0.0,3.13,21.84
2025-01-02 05:27:00,211.28,143.92,11.77,35.52,10.9,0.0,0.0
2025-01-02 05:28:00,241.19,145.12,13.96,29.51,0.0,0.39,0.0
2025-01-02 05:29:00,291.73,146.83,5.0,43.15,5.18,5.14,9.89
2025-01-02 05:30:00,257.5,144.8,7.75,31.12,3.81,5.83,32.8
2025-01-02 05:31:00,269.51,151.4,5.0,24.73,3.94,2.63,21.73
2025-01-02 05:32:00,255.62,142.13,12.66,35.99,13.36,0.0,0.0
2025-01-02 05:33:00,249.16,145.4,9.26,21.88,9.38,3.16,30.81
2025-01-02 05:34:00,227.92,141.65,5.0,24.5,0.0,14.5,0.0
2025-01-02 05:35:00,291.1,139.34,9.53,31.47,4.1,11.06,25.42
2025-01-02 05:36:00,288.76,142.18,14.43,41.25,1.37,4.9,0.0
2025-01-02 05:37:00,197.03,144.48,5.0,39.89,0.0,0.0,0.0
2025-01-02 05:38:00,222.35,142.91,5.0,26.4,0.0,4.32,0.0
2025-01-02 05:39:00,219.15,141.85,11.49,31.27,4.54,14.45,1.07
2025-01-02 05:40:00,308.31,139.0,19.1,41.88,0.0,12.03,24.17
2025-01-02 05:41:00,214.54,144.29,11.82,21.02,0.0,0.56,9.08
2025-01-02 05:42:00,248.45,138.61,5.0,29.8,14.47,0.0,0.0
2025-01-02 05:43:00,276.12,147.66,5.0,27.86,0.38,3.39,10.02
2025-01-02 05:44:00,240.04,144.95,6.55,27.34,7.79,4.97,0.0
2025-01-02 05:45:00,264.41,138.79,5.0,18.52,12.84,0.0,34.01
2025-01-02 05:46:00,267.14,143.39,5.0,28.75,0.0,7.88,24.87
2025-01-02 05:47:00,306.43,141.62,9.06,31.03,0.0,13.44,29.33
2025-01-02 05:48:00,223.14,145.9,6.44,25.11,1.46,0.0,1.11
2025-01-02 05:49:00,246.51,149.99,10.87,32.58,0.5,0.0,0.0
2025-01-02 05:50:00,270.32,137.12,10.27,40.29,8.57,0.0,25.13
2025-01-02 05:51:00,256.21,145.08,9.76,24.07,12.83,7.57,0.0
2025-01-02 05:52:00,194.49,143.98,7.21,28.34,5.04,1.02,7.7
2025-01-02 05:53:00,238.47,147.31,5.0,32.5,0.0,0.17,6.07
2025-01-02 05:54:00,248.28,145.48,5.0,17.4,0.0,0.0,15.38
2025-01-02 05:55:00,263.66,141.62,5.54,33.24,3.21,0.0,19.29
2025-01-02 05:56:00,333.97,143.35,16.31,37.35,0.0,0.0,46.66
2025-01-02 05:57:00,219.27,141.44,5.0,30.15,7.84,0.22,0.0
2025-01-02 05:58:00,251.83,148.93,5.0,20.67,4.42,7.54,27.22
2025-01-02 05:59:00,240.43,144.71,13.12,34.27,0.0,8.13,0.0
2025-01-02 06:00:00,248.81,152.23,12.32,34.15,2.71,8.58,0.0
2025-01-02 06:01:00,279.24,144.38,5.0,32.09,8.31,5.03,3.85
2025-01-02 06:02:00,210.51,141.79,8.6,33.03,6.23,1.6,0.0
2025-01-02 06:03:00,282.38,138.57,5.0,24.93,9.97,4.06,33.47
2025-01-02 06:04:00,219.64,137.41,10.2,23.02,0.52,0.0,0.0
2025-01-02 06:05:00,233.23,138.29,9.01,26.68,8.47,3.17,23.38
2025-01-02 06:06:00,226.31,145.69,12.34,24.21,0.82,3.49,0.0
2025-01-02 06:07:00,223.51,146.66,5.0,32.71,0.0,0.0,0.0
2025-01-02 06:08:00,265.69,138.3,8.57,27.92,0.0,2.19,21.1
2025-01-02 06:09:00,290.66,148.2,13.08,28.75,0.94,7.04,22.63
2025-01-02 06:10:00,233.24,142.69,5.0,25.27,0.0,0.57,0.0
2025-01-02 06:11:00,249.62,145.21,14.26,25.83,5.88,7.1,0.0
2025-01-02 06:12:00,215.84,151.07,5.0,22.08,2.69,0.0,0.0
2025-01-02 06:13:00,247.38,148.21,11.64,41.69,4.04,3.11,14.72
2025-01-02 06:14:00,216.24,143.55,14.85,39.5,4.78,1.68,0.0
2025-01-02 06:15:00,208.24,141.06,20.51,26.07,1.63,9.92,0.0
2025-01-02 06:16:00,258.71,136.02,12.65,30.79,2.49,3.55,0.0
2025-01-02 06:17:00,260.43,141.75,10.28,34.2,9.26,6.69,0.0
2025-01-02 06:18:00,260.48,143.78,13.52,28.23,5.63,14.72,0.0
2025-01-02 06:19:00,306.33,140.68,13.55,32.98,9.84,5.21,4.69
2025-01-02 06:20:00,237.61,144.1,12.55,39.86,0.16,8.01,0.0
2025-01-02 06:21:00,277.32,144.93,23.0,24.5,0.04,6.45,0.0
2025-01-02 06:22:00,238.48,143.72,13.52,34.43,3.29,0.0,17.82
2025-01-02 06:23:00,212.21,142.02,11.61,28.98,0.0,2.91,10.76
2025-01-02 06:24:00,265.59,145.3,5.0,33.16,3.86,9.36,0.26
2025-01-02 06:25:00,285.27,146.39,10.61,30.59,15.75,7.52,1.42
2025-01-02 06:26:00,267.17,140.26,9.52,40.7,0.0,9.8,0.08
2025-01-02 06:27:00,281.37,150.27,5.0,26.95,0.0,0.0,26.21
2025-01-02 06:28:00,235.87,144.23,6.72,32.48,2.05,6.34,0.0
2025-01-02 06:29:00,283.61,144.7,9.3,37.01,0.0,8.33,31.19
2025-01-02 06:30:00,300.46,147.46,18.06,39.48,0.0,7.87,0.0
2025-01-02 06:31:00,258.95,145.56,10.61,27.26,9.93,0.0,0.0
2025-01-02 06:32:00,236.99,148.44,5.0,26.71,5.76,1.25,0.0
2025-01-02 06:33:00,233.51,145.77,5.0,35.37,3.59,0.0,0.0
2025-01-02 06:34:00,213.94,142.17,6.84,41.54,3.51,1.23,0.0
2025-01-02 06:35:00,252.73,146.07,17.16,30.88,0.0,0.0,16.28
2025-01-02 06:36:00,245.28,140.05,10.02,36.92,0.0,5.97,0.0
2025-01-02 06:37:00,245.66,145.06,5.88,31.43,0.0,5.9,0.0
2025-01-02 06:38:00,237.36,144.49,5.0,18.02,0.0,0.59,0.0
2025-01-02 06:39:00,331.35,143.79,5.0,18.05,7.1,1.53,61.68
2025-01-02 06:40:00,253.51,144.11,7.98,20.21,0.0,0.0,0.0
2025-01-02 06:41:00,229.83,137.1,12.62,26.29,0.0,0.0,0.0
2025-01-02 06:42:00,239.3,142.43,11.62,32.13,7.18,6.65,0.0
2025-01-02 06:43:00,274.51,145.0,15.63,34.83,0.0,0.0,0.0
2025-01-02 06:44:00,279.0,145.26,10.94,34.84,0.0,2.78,20.78
2025-01-02 06:45:00,269.76,140.51,8.71,36.18,0.0,7.26,4.34
2025-01-02 06:46:00,231.55,149.69,7.89,36.32,0.0,1.71,0.0
2025-01-02 06:47:00,265.15,141.16,5.03,24.87,5.22,0.0,8.53
2025-01-02 06:48:00,219.37,148.5,11.12,21.72,4.09,0.0,0.0
2025-01-02 06:49:00,241.82,146.33,7.05,26.75,2.4,4.28,5.09
2025-01-02 06:50:00,245.9,142.04,10.09,35.58,4.91,0.0,4.3
2025-01-02 06:51:00,291.44,151.73,10.4,27.41,0.0,0.0,43.72
2025-01-02 06:52:00,279.58,139.85,13.76,35.41,0.0,14.05,0.0
2025-01-02 06:53:00,247.99,148.3,11.1,15.22,1.99,0.0,17.81
2025-01-02 06:54:00,295.95,148.63,9.85,37.07,0.0,14.18,0.0
2025-01-02 06:55:00,284.55,141.94,12.39,35.95,7.81,7.09,20.62
2025-01-02 06:56:00,262.73,150.19,12.87,31.58,1.71,2.4,9.78
2025-01-02 06:57:00,222.19,143.62,8.15,30.62,3.94,3.18,0.0
2025-01-02 06:58:00,289.49,145.78,7.59,24.98,11.2,4.45,9.46
2025-01-02 06:59:00,217.46,145.67,8.24,23.31,0.0,0.0,9.32
2025-01-02 07:00:00,227.18,144.09,8.03,13.86,0.0,0.31,39.15
2025-01-02 07:01:00,208.91,147.87,17.39,11.37,0.0,5.9,0.0
2025-01-02 07:02:00,308.4,147.8,9.26,3.56,11.25,0.0,2.29
2025-01-02 07:03:00,172.63,137.63,5.0,6.61,0.0,0.0,1.73
2025-01-02 07:04:00,230.7,149.84,5.0,13.89,2.03,7.6,0.0
2025-01-02 07:05:00,252.64,137.97,5.0,0.72,0.0,14.22,14.16
2025-01-02 07:06:00,209.48,148.75,16.84,0.45,0.0,4.41,26.25
2025-01-02 07:07:00,278.64,149.13,7.1,11.59,1.54,0.0,0.0
2025-01-02 07:08:00,251.53,140.26,12.43,14.61,3.33,13.17,1.85
2025-01-02 07:09:00,252.16,142.98,9.04,10.78,10.84,8.44,0.0
2025-01-02 07:10:00,214.78,140.2,8.48,5.77,3.5,0.0,11.64
2025-01-02 07:11:00,212.26,143.76,15.97,6.28,0.55,0.0,0.0
2025-01-02 07:12:00,199.95,143.39,6.84,14.08,0.1,2.53,0.87
2025-01-02 07:13:00,200.72,147.74,8.05,6.98,0.0,0.0,29.32
2025-01-02 07:14:00,247.88,149.87,12.1,5.09,0.53,0.0,35.72
2025-01-02 07:15:00,215.8,150.21,5.49,0.0,3.1,2.44,11.79
2025-01-02 07:16:00,236.46,142.38,13.95,8.93,0.0,10.7,16.86
2025-01-02 07:17:00,239.53,143.79,5.0,7.05,0.0,3.71,4.52
2025-01-02 07:18:00,218.23,137.89,12.47,2.95,0.0,5.29,0.0
2025-01-02 07:19:00,220.93,141.4,5.0,5.05,13.04,2.87,0.0
2025-01-02 07:20:00,202.64,148.48,5.0,7.45,0.0,1.6,0.0
2025-01-02 07:21:00,226.14,151.09,10.58,3.78,4.38,4.65,0.0
2025-01-02 07:22:00,200.51,139.69,10.85,0.0,5.86,6.83,0.0
2025-01-02 07:23:00,237.53,142.25,7.73,1.69,0.0,3.01,37.8
2025-01-02 07:24:00,233.74,144.52,5.0,10.12,0.0,3.88,24.29
2025-01-02 07:25:00,225.96,145.74,5.0,13.99,0.0,0.44,1.27
2025-01-02 07:26:00,274.79,141.39,5.0,0.0,0.0,4.82,28.42
2025-01-02 07:27:00,257.91,146.32,13.65,0.46,4.75,0.0,21.79
2025-01-02 07:28:00,220.08,142.73,11.64,6.66,0.18,1.18,0.0
2025-01-02 07:29:00,258.04,144.57,17.73,7.1,0.66,11.21,0.0
2025-01-02 07:30:00,216.44,146.81,5.75,11.38,8.91,10.12,0.0
2025-01-02 07:31:00,258.85,144.65,12.45,10.99,9.38,0.0,23.15
2025-01-02 07:32:00,230.76,142.88,5.0,8.0,0.0,1.05,21.54
2025-01-02 07:33:00,197.39,144.19,6.0,18.01,0.0,0.0,8.93
2025-01-02 07:34:00,223.26,144.27,5.93,5.1,0.0,4.19,0.0
2025-01-02 07:35:00,246.93,143.14,5.0,4.69,0.0,0.02,37.66
2025-01-02 07:36:00,225.81,143.59,10.85,12.55,1.66,0.12,4.19
2025-01-02 07:37:00,245.97,151.02,5.37,8.82,10.76,0.0,0.0
2025-01-02 07:38:00,202.54,146.87,14.96,2.46,2.16,6.82,0.0
2025-01-02 07:39:00,238.74,143.44,5.0,6.18,2.26,4.29,23.65
2025-01-02 07:40:00,234.11,147.41,5.0,13.45,0.0,0.0,15.2
2025-01-02 07:41:00,207.38,143.29,5.02,6.06,0.0,8.06,0.0
2025-01-02 07:42:00,232.37,149.32,14.31,3.86,6.6,9.87,0.0
2025-01-02 07:43:00,195.84,146.1,5.0,0.0,7.67,0.0,0.0
2025-01-02 07:44:00,215.49,144.19,7.28,7.39,1.29,9.66,33.04
2025-01-02 07:45:00,1038.93,146.41,5.0,0.0,7.24,0.0,3.59
2025-01-02 07:46:00,266.77,138.34,9.59,0.0,0.0,0.0,35.61
2025-01-02 07:47:00,200.35,140.12,12.95,15.41,2.83,0.0,0.0
2025-01-02 07:48:00,248.16,139.85,11.54,7.13,0.0,3.69,17.34
2025-01-02 07:49:00,262.77,145.2,5.0,4.69,5.97,3.35,45.08
2025-01-02 07:50:00,208.4,151.55,13.08,0.0,0.0,1.45,0.0
2025-01-02 07:51:00,212.17,153.55,5.0,8.48,0.94,9.16,0.0
2025-01-02 07:52:00,209.29,147.18,9.11,0.0,5.08,0.0,10.83
2025-01-02 07:53:00,219.09,146.63,5.0,4.69,0.0,0.0,5.06
2025-01-02 07:54:00,218.02,137.42,5.0,0.0,0.27,0.0,0.0
2025-01-02 07:55:00,219.5,142.45,6.31,8.88,6.19,0.0,0.0
2025-01-02 07:56:00,209.38,141.47,5.0,3.63,0.0,5.98,3.15
2025-01-02 07:57:00,208.31,142.14,5.42,13.19,11.03,0.02,0.0
2025-01-02 07:58:00,244.78,143.95,13.0,8.68,2.51,3.6,5.33
2025-01-02 07:59:00,201.7,142.74,5.0,2.34,0.0,0.0,3.89
2025-01-02 08:00:00,196.12,136.71,5.0,0.0,7.3,0.32,2.25
2025-01-02 08:01:00,271.14,147.62,7.27,10.27,0.0,12.59,55.49
2025-01-02 08:02:00,212.01,140.33,5.0,0.0,0.0,0.0,0.0
2025-01-02 08:03:00,213.24,145.58,9.8,8.97,2.16,2.95,10.29
2025-01-02 08:04:00,243.18,152.92,8.57,4.77,0.0,1.59,0.0
2025-01-02 08:05:00,206.16,140.95,11.74,9.47,10.1,6.26,0.0
2025-01-02 08:06:00,249.34,134.5,5.0,5.13,8.68,1.57,23.82
2025-01-02 08:07:00,217.32,143.48,12.94,8.83,11.99,0.0,0.0
2025-01-02 08:08:00,226.74,149.03,10.69,10.02,0.02,10.67,0.0
2025-01-02 08:09:00,213.32,152.46,7.27,0.03,0.0,8.83,10.5
2025-01-02 08:10:00,224.87,139.71,6.97,11.7,6.05,0.0,0.0
2025-01-02 08:11:00,243.85,146.61,9.93,8.18,3.8,5.56,8.36
2025-01-02 08:12:00,240.76,142.76,10.39,10.15,0.0,0.0,0.0
2025-01-02 08:13:00,209.54,144.2,5.2,1.69,7.62,0.0,0.0
2025-01-02 08:14:00,198.85,155.2,5.53,0.0,15.31,4.77,1.15
2025-01-02 08:15:00,230.56,138.61,6.95,8.18,0.0,0.0,12.85
2025-01-02 08:16:00,269.7,145.64,6.3,9.34,16.54,0.0,7.32
2025-01-02 08:17:00,229.33,146.49,9.78,3.1,0.0,0.0,13.47
2025-01-02 08:18:00,177.41,148.97,6.44,0.0,1.27,0.0,0.0
2025-01-02 08:19:00,214.0,145.02,16.13,0.0,0.0,2.88,10.55
2025-01-02 08:20:00,260.3,145.86,9.96,11.92,14.3,0.0,0.0
2025-01-02 08:21:00,202.23,143.06,16.76,5.59,0.0,3.01,0.0
2025-01-02 08:22:00,274.96,145.7,10.4,9.46,3.28,0.0,24.59
2025-01-02 08:23:00,205.45,143.25,9.51,0.0,11.59,0.0,0.0
2025-01-02 08:24:00,240.83,147.11,11.16,8.87,0.37,0.0,0.0
2025-01-02 08:25:00,228.34,143.15,14.9,13.36,12.46,11.27,0.0
2025-01-02 08:26:00,228.17,146.13,14.45,3.27,2.23,8.38,3.17
2025-01-02 08:27:00,228.39,144.51,14.85,4.21,6.31,0.0,2.7
2025-01-02 08:28:00,241.15,149.13,5.39,7.34,0.0,9.89,39.51
2025-01-02 08:29:00,212.28,144.42,5.0,4.39,0.04,3.74,2.56
2025-01-02 08:30:00,244.13,137.53,6.68,11.8,0.72,1.81,24.63
2025-01-02 08:31:00,235.69,149.67,13.66,12.12,14.24,3.89,0.0
2025-01-02 08:32:00,178.8,141.0,5.0,7.53,4.04,7.22,0.0
2025-01-02 08:33:00,244.57,142.01,9.77,1.76,4.88,8.68,25.93
2025-01-02 08:34:00,210.79,142.24,6.72,12.96,5.39,2.91,21.03
2025-01-02 08:35:00,225.21,150.12,12.81,1.48,0.64,8.52,0.0
2025-01-02 08:36:00,263.94,136.08,16.04,5.73,0.0,0.0,8.47
2025-01-02 08:37:00,216.03,157.17,8.71,7.41,2.27,5.02,0.0
2025-01-02 08:38:00,253.78,148.85,17.33,0.0,4.95,3.0,0.0
2025-01-02 08:39:00,215.97,145.52,12.89,0.0,0.15,10.64,0.0
2025-01-02 08:40:00,249.66,144.4,7.22,3.3,1.59,5.71,0.0
2025-01-02 08:41:00,219.5,145.77,5.0,11.22,0.0,0.0,0.16
2025-01-02 08:42:00,179.65,146.71,5.0,7.95,16.35,0.0,0.0
2025-01-02 08:43:00,242.32,147.2,6.71,0.0,3.27,3.35,20.43
2025-01-02 08:44:00,212.39,146.85,15.21,1.18,0.0,2.25,4.59
2025-01-02 08:45:00,226.61,144.98,12.54,12.54,0.96,0.0,0.0
2025-01-02 08:46:00,211.66,143.83,5.0,10.93,0.63,13.45,0.0
2025-01-02 08:47:00,167.38,144.02,10.27,0.0,2.46,0.0,7.6
2025-01-02 08:48:00,222.22,143.84,5.0,6.55,12.45,0.0,0.0
2025-01-02 08:49:00,257.65,149.16,9.52,25.35,1.22,4.83,11.93
2025-01-02 08:50:00,218.09,147.0,17.82,10.14,0.0,1.08,0.0
2025-01-02 08:51:00,232.53,132.86,9.75,5.69,9.79,12.73,1.18
2025-01-02 08:52:00,286.01,147.25,14.22,1.18,10.14,5.86,32.88
2025-01-02 08:53:00,188.3,145.4,5.0,2.39,1.98,4.91,1.23
2025-01-02 08:54:00,275.02,144.55,16.67,4.89,0.95,0.0,12.16
2025-01-02 08:55:00,206.63,143.07,7.4,5.29,6.05,0.56,0.0
2025-01-02 08:56:00,237.51,149.12,9.37,0.0,5.7,0.0,21.45
2025-01-02 08:57:00,275.9,148.41,8.88,19.54,7.14,3.97,23.58
2025-01-02 08:58:00,230.94,141.53,14.16,2.96,0.0,8.8,3.69
2025-01-02 08:59:00,232.94,146.25,5.0,4.54,7.36,3.57,2.99
2025-01-02 09:00:00,343.07,140.74,27.2,11.47,3.07,66.79,0.0
2025-01-02 09:01:00,238.63,139.11,26.51,0.55,0.0,55.76,0.0
2025-01-02 09:02:00,252.32,142.12,24.28,10.21,0.0,59.38,0.0
2025-01-02 09:03:00,304.11,148.07,29.63,13.32,0.0,58.57,29.81
2025-01-02 09:04:00,335.36,148.44,23.56,22.16,5.08,60.91,0.0
2025-01-02 09:05:00,325.76,146.68,37.08,10.84,1.0,59.52,33.64
2025-01-02 09:06:00,316.87,147.52,28.97,7.51,0.0,54.11,0.0
2025-01-02 09:07:00,323.19,146.69,26.02,19.21,6.52,56.55,0.0
2025-01-02 09:08:00,319.97,142.06,35.38,0.0,0.0,57.01,0.0
2025-01-02 09:09:00,359.48,146.35,38.23,5.68,0.0,68.28,12.21
2025-01-02 09:10:00,337.29,147.83,21.97,1.55,7.37,60.96,23.91
2025-01-02 09:11:00,306.28,147.64,27.84,0.0,13.05,58.68,0.0
2025-01-02 09:12:00,301.78,149.38,24.55,2.15,0.0,61.89,0.0
2025-01-02 09:13:00,309.08,147.46,20.54,0.32,0.0,74.64,19.32
2025-01-02 09:14:00,281.11,146.03,35.81,0.0,0.32,64.69,0.0
2025-01-02 09:15:00,309.33,148.9,28.19,22.57,7.73,67.1,0.0
2025-01-02 09:16:00,301.35,144.52,30.37,15.2,0.0,59.36,0.0
2025-01-02 09:17:00,312.9,141.1,23.24,6.68,0.0,67.59,0.0
2025-01-02 09:18:00,343.81,143.97,41.01,2.36,4.26,72.89,33.32
2025-01-02 09:19:00,311.9,141.64,20.45,3.56,1.35,57.09,35.73
2025-01-02 09:20:00,292.23,141.92,31.92,0.0,11.26,64.87,0.0
2025-01-02 09:21:00,360.76,144.05,25.53,7.45,0.0,68.41,4.29
2025-01-02 09:22:00,327.17,141.45,29.08,8.05,9.34,70.43,16.46
2025-01-02 09:23:00,252.32,143.39,25.34,6.07,1.29,58.5,0.27
2025-01-02 09:24:00,285.14,137.05,26.08,0.0,0.0,55.07,14.75
2025-01-02 09:25:00,381.26,145.48,29.41,20.22,0.0,69.78,14.61
2025-01-02 09:26:00,332.07,144.63,36.17,0.0,0.0,61.76,0.0
2025-01-02 09:27:00,279.9,141.36,32.25,2.93,0.3,68.38,0.0
2025-01-02 09:28:00,324.12,147.26,29.25,14.91,3.05,72.28,0.0
2025-01-02 09:29:00,298.75,148.37,35.22,7.19,3.83,66.1,0.0
2025-01-02 09:30:00,299.4,138.19,20.15,0.18,2.46,62.62,0.0
2025-01-02 09:31:00,336.63,141.57,30.22,17.89,15.42,66.27,0.0
2025-01-02 09:32:00,299.18,141.55,20.44,5.16,0.0,65.9,27.72
2025-01-02 09:33:00,302.67,140.86,23.82,5.18,4.72,59.89,0.0
2025-01-02 09:34:00,314.4,147.94,22.14,4.18,12.39,75.41,15.41
2025-01-02 09:35:00,293.55,143.85,22.82,17.51,0.0,61.62,0.0
2025-01-02 09:36:00,300.12,143.57,31.43,2.68,0.0,59.49,0.0
2025-01-02 09:37:00,319.99,136.61,29.49,6.29,0.0,63.47,0.0
2025-01-02 09:38:00,306.83,147.17,36.23,9.89,2.56,61.65,0.0
2025-01-02 09:39:00,301.0,139.67,28.83,16.0,8.9,63.32,8.14
2025-01-02 09:40:00,325.6,144.86,25.61,5.2,14.96,55.74,0.0
2025-01-02 09:41:00,313.41,145.73,23.61,4.5,1.77,73.56,0.0
2025-01-02 09:42:00,316.71,150.07,22.43,8.6,0.64,62.95,18.13
2025-01-02 09:43:00,331.26,139.39,23.38,6.15,0.0,62.32,19.26
2025-01-02 09:44:00,272.39,132.55,22.31,10.72,2.14,69.26,0.0
2025-01-02 09:45:00,273.78,145.36,23.23,1.86,1.39,64.39,0.0
2025-01-02 09:46:00,319.03,151.83,27.6,9.93,0.0,57.84,0.0
2025-01-02 09:47:00,270.79,149.58,25.33,9.17,1.58,63.62,0.0
2025-01-02 09:48:00,265.27,145.46,24.62,5.64,6.89,55.93,1.1
2025-01-02 09:49:00,283.53,142.66,20.76,0.0,0.0,63.61,0.0
2025-01-02 09:50:00,255.01,147.85,29.31,6.76,2.28,69.96,0.0
2025-01-02 09:51:00,294.03,140.73,19.59,11.45,4.35,65.41,21.73
2025-01-02 09:52:00,302.85,146.53,22.06,3.33,0.29,54.69,18.83
2025-01-02 09:53:00,265.84,146.65,32.4,0.0,2.82,58.64,5.41
2025-01-02 09:54:00,307.77,148.86,28.7,14.61,0.0,61.89,0.0
2025-01-02 09:55:00,331.74,155.66,24.39,6.76,6.6,59.82,8.27
2025-01-02 09:56:00,275.99,146.19,30.37,3.34,4.59,63.35,0.0
2025-01-02 09:57:00,252.57,142.59,22.06,9.62,0.0,59.92,0.0
2025-01-02 09:58:00,287.75,144.52,29.33,4.98,0.0,61.38,0.0
2025-01-02 09:59:00,289.16,137.55,28.88,13.51,0.0,67.57,21.95
2025-01-02 10:00:00,265.37,141.85,19.35,13.39,0.0,60.57,17.39
2025-01-02 10:01:00,324.84,142.99,20.43,8.56,0.0,63.08,0.0
2025-01-02 10:02:00,330.58,142.53,41.71,11.23,0.0,53.67,9.77
2025-01-02 10:03:00,291.18,145.23,27.23,7.25,6.83,56.2,0.0
2025-01-02 10:04:00,272.53,141.33,27.01,12.69,3.59,57.22,5.92
2025-01-02 10:05:00,336.75,149.11,29.1,7.7,9.7,64.35,14.65
2025-01-02 10:06:00,321.85,144.62,20.49,0.0,3.18,66.14,3.81
2025-01-02 10:07:00,299.31,144.59,34.14,0.4,5.91,67.62,1.82
2025-01-02 10:08:00,316.04,143.31,23.53,14.5,6.1,70.65,15.51
2025-01-02 10:09:00,282.79,145.24,29.15,3.85,7.0,55.09,0.0
2025-01-02 10:10:00,265.66,147.92,21.32,11.64,0.0,51.67,0.0
2025-01-02 10:11:00,279.19,141.16,23.4,2.23,0.0,59.17,0.0
2025-01-02 10:12:00,254.29,141.99,25.01,10.18,0.0,62.77,0.0
2025-01-02 10:13:00,313.19,143.41,33.51,3.2,0.0,66.34,13.16
2025-01-02 10:14:00,301.74,139.24,32.61,1.29,0.03,70.7,1.0
2025-01-02 10:15:00,346.55,141.35,25.76,3.68,4.01,61.9,27.18
2025-01-02 10:16:00,351.96,142.72,25.2,3.77,0.0,53.42,27.15
2025-01-02 10:17:00,327.52,148.12,32.85,3.99,3.67,66.65,21.52
2025-01-02 10:18:00,298.1,145.67,37.32,7.14,0.0,69.64,0.0
2025-01-02 10:19:00,302.75,145.4,25.09,9.48,4.68,67.84,0.99
2025-01-02 10:20:00,273.76,148.03,33.19,0.74,0.0,50.65,0.0
2025-01-02 10:21:00,268.12,144.07,25.27,8.29,0.0,60.71,2.01
2025-01-02 10:22:00,292.01,146.19,29.46,0.0,0.46,64.76,0.0
2025-01-02 10:23:00,290.69,144.21,22.5,14.62,0.0,65.4,0.0
2025-01-02 10:24:00,326.0,145.69,27.86,3.73,5.17,70.49,3.47
2025-01-02 10:25:00,304.23,142.29,31.28,4.27,4.5,66.27,13.44
2025-01-02 10:26:00,330.69,134.87,32.92,18.0,0.0,52.68,20.85
2025-01-02 10:27:00,329.52,144.09,29.49,3.33,0.0,69.37,0.0
2025-01-02 10:28:00,317.21,150.31,22.82,0.0,0.0,53.36,2.41
2025-01-02 10:29:00,306.86,148.33,25.97,1.25,9.18,78.57,0.0
2025-01-02 10:30:00,279.51,148.49,22.04,0.0,0.0,59.97,0.0
2025-01-02 10:31:00,351.54,149.57,26.91,5.51,5.1,69.57,28.3
2025-01-02 10:32:00,328.76,144.98,21.04,4.51,6.68,67.46,32.71
2025-01-02 10:33:00,311.43,145.41,24.66,8.43,9.24,59.33,0.0
2025-01-02 10:34:00,338.16,142.15,29.17,13.2,12.27,61.32,2.23
2025-01-02 10:35:00,293.12,143.36,22.61,6.42,1.22,64.03,1.03
2025-01-02 10:36:00,301.62,147.09,19.06,10.94,0.0,52.29,60.72
2025-01-02 10:37:00,332.41,149.44,34.91,14.42,9.87,61.48,28.71
2025-01-02 10:38:00,313.22,144.07,30.63,4.92,3.94,65.51,0.0
2025-01-02 10:39:00,325.95,142.82,23.35,3.15,0.0,57.68,15.66
2025-01-02 10:40:00,314.99,144.63,29.42,8.81,2.25,64.01,0.0
2025-01-02 10:41:00,324.67,147.03,28.34,7.28,0.0,68.33,18.23
2025-01-02 10:42:00,267.9,138.85,24.54,0.0,0.73,59.34,0.0
2025-01-02 10:43:00,287.25,135.44,28.9,10.53,7.64,55.88,21.89
2025-01-02 10:44:00,296.49,142.42,25.29,0.0,4.73,48.1,0.0
2025-01-02 10:45:00,271.19,139.74,25.38,0.22,0.0,56.2,11.3
2025-01-02 10:46:00,293.11,142.59,23.98,0.0,3.6,54.48,0.6
2025-01-02 10:47:00,316.6,144.03,29.45,0.84,3.19,66.68,0.0
2025-01-02 10:48:00,285.06,142.81,24.67,1.95,8.34,63.93,0.0
2025-01-02 10:49:00,304.99,150.43,33.03,0.0,8.66,62.65,9.82
2025-01-02 10:50:00,290.35,145.93,21.58,4.52,11.8,56.65,10.47
2025-01-02 10:51:00,305.52,145.83,22.09,1.68,3.55,68.77,5.3
2025-01-02 10:52:00,306.79,147.11,26.54,4.08,0.02,55.76,5.09
2025-01-02 10:53:00,316.47,140.07,25.54,0.0,0.0,57.86,9.75
2025-01-02 10:54:00,335.83,148.78,30.97,13.28,4.64,64.98,16.89
2025-01-02 10:55:00,942.93,144.32,24.62,3.6,0.0,66.84,10.98
2025-01-02 10:56:00,281.71,147.31,27.0,6.67,1.8,79.45,0.0
2025-01-02 10:57:00,301.3,140.34,24.96,12.62,1.13,72.86,0.0
2025-01-02 10:58:00,286.84,138.41,34.58,15.32,1.12,59.79,0.0
2025-01-02 10:59:00,296.74,147.9,23.56,0.0,0.0,53.13,27.47
2025-01-02 11:00:00,315.94,146.13,30.16,18.84,0.0,60.71,10.08
2025-01-02 11:01:00,322.23,141.02,24.67,6.92,0.0,68.67,23.3
2025-01-02 11:02:00,289.09,141.15,30.25,9.01,2.86,62.32,0.0
2025-01-02 11:03:00,349.41,149.13,35.9,11.95,7.49,60.16,26.32
2025-01-02 11:04:00,287.92,139.87,28.19,1.77,6.9,54.07,0.0
2025-01-02 11:05:00,266.41,151.19,26.78,1.74,0.05,60.61,2.33
2025-01-02 11:06:00,287.84,141.02,21.49,10.62,0.0,56.45,6.67
2025-01-02 11:07:00,283.21,147.18,17.72,3.08,0.0,65.57,0.0
2025-01-02 11:08:00,362.37,143.31,29.07,9.26,9.68,67.14,2.98
2025-01-02 11:09:00,299.38,147.04,35.18,7.43,0.0,69.37,16.45
2025-01-02 11:10:00,319.52,142.45,27.87,0.0,10.05,58.95,23.74
2025-01-02 11:11:00,282.89,143.97,25.69,0.0,5.22,54.03,19.67
2025-01-02 11:12:00,314.62,144.79,28.19,0.29,0.0,63.21,28.82
2025-01-02 11:13:00,296.38,140.62,28.78,2.33,2.36,59.83,28.69
2025-01-02 11:14:00,294.45,147.59,27.73,0.0,0.89,65.86,14.73
2025-01-02 11:15:00,312.87,142.57,27.11,0.27,3.41,65.09,25.77
2025-01-02 11:16:00,319.46,143.71,28.45,8.3,0.0,73.55,0.0
2025-01-02 11:17:00,382.45,140.65,28.32,10.78,4.43,50.6,46.6
2025-01-02 11:18:00,282.56,134.37,27.12,13.63,4.16,65.22,19.88
2025-01-02 11:19:00,262.23,143.86,34.98,8.98,0.0,48.93,0.0
2025-01-02 11:20:00,288.77,154.27,29.2,0.1,0.0,55.61,15.51
2025-01-02 11:21:00,323.27,147.76,28.66,12.71,6.93,54.96,0.0
2025-01-02 11:22:00,305.55,144.55,17.52,6.89,10.72,51.02,18.99
2025-01-02 11:23:00,325.73,143.57,33.78,9.1,13.46,74.22,15.9
2025-01-02 11:24:00,284.83,144.71,28.66,6.47,0.0,64.89,0.0
2025-01-02 11:25:00,265.27,146.81,24.66,7.77,0.0,57.77,0.0
2025-01-02 11:26:00,319.64,139.9,25.1,10.09,0.0,66.35,13.02
2025-01-02 11:27:00,343.49,149.08,30.51,10.88,0.0,63.18,17.22
2025-01-02 11:28:00,290.01,147.49,28.42,4.38,0.0,52.64,1.22
2025-01-02 11:29:00,279.59,147.5,30.25,9.19,0.11,54.52,7.24
2025-01-02 11:30:00,311.29,146.38,26.61,15.5,0.84,66.36,22.98
2025-01-02 11:31:00,308.45,144.7,31.83,14.08,1.99,62.84,0.0
2025-01-02 11:32:00,348.84,147.32,23.45,8.37,4.84,66.65,42.15
2025-01-02 11:33:00,272.46,146.99,27.3,0.1,2.01,57.15,0.0
2025-01-02 11:34:00,288.18,143.21,20.38,1.0,0.0,67.42,0.0
2025-01-02 11:35:00,277.17,142.33,27.11,10.23,0.0,54.85,26.36
2025-01-02 11:36:00,294.96,145.03,29.94,15.5,3.7,75.01,0.0
2025-01-02 11:37:00,351.22,150.82,33.75,7.56,0.0,58.71,9.98
2025-01-02 11:38:00,319.15,139.67,31.1,15.54,8.6,69.99,0.0
2025-01-02 11:39:00,293.26,138.75,30.45,0.0,0.0,66.51,0.0
2025-01-02 11:40:00,274.64,145.28,23.61,9.67,4.66,67.38,2.38
2025-01-02 11:41:00,316.02,144.83,32.07,3.99,0.0,54.74,30.95
2025-01-02 11:42:00,330.94,145.32,19.81,11.31,0.0,61.77,37.93
2025-01-02 11:43:00,310.92,145.6,25.47,1.48,0.0,66.14,4.09
2025-01-02 11:44:00,301.15,143.73,32.3,0.0,9.8,64.07,11.03
2025-01-02 11:45:00,331.17,150.58,26.56,6.49,4.62,67.1,26.5
2025-01-02 11:46:00,276.3,138.22,24.71,0.0,0.63,58.32,0.0
2025-01-02 11:47:00,353.09,141.31,24.65,5.93,0.89,58.09,52.08
2025-01-02 11:48:00,323.05,144.21,35.17,10.56,0.0,68.95,0.0
2025-01-02 11:49:00,276.53,138.05,35.57,1.78,0.0,57.82,0.0
2025-01-02 11:50:00,325.78,143.92,23.26,12.89,1.91,52.37,18.3
2025-01-02 11:51:00,353.01,151.27,20.26,4.62,6.4,66.38,10.45
2025-01-02 11:52:00,320.58,144.71,28.76,10.75,11.22,66.46,0.0
2025-01-02 11:53:00,323.0,145.55,28.63,5.14,14.12,72.88,25.96
2025-01-02 11:54:00,302.49,139.58,36.37,9.98,5.61,58.58,0.0
2025-01-02 11:55:00,340.51,142.16,32.07,6.13,1.92,59.56,50.13
2025-01-02 11:56:00,266.38,143.12,15.4,0.0,12.88,64.47,0.0
2025-01-02 11:57:00,281.08,143.35,26.61,11.92,13.11,60.64,0.0
2025-01-02 11:58:00,310.13,149.75,22.0,9.52,6.34,66.06,0.0
2025-01-02 11:59:00,349.12,146.85,26.51,4.91,5.99,61.54,13.6
2025-01-02 12:00:00,266.82,140.18,36.18,0.0,0.0,58.41,0.0
2025-01-02 12:01:00,294.85,145.61,26.93,0.0,2.55,57.19,20.44
2025-01-02 12:02:00,277.76,146.62,31.35,0.0,1.69,61.17,0.0
2025-01-02 12:03:00,307.9,149.18,30.25,2.22,5.97,50.82,29.56
2025-01-02 12:04:00,320.63,150.95,22.91,12.69,10.99,52.77,0.0
2025-01-02 12:05:00,342.13,140.56,31.5,12.71,4.52,55.43,30.94
2025-01-02 12:06:00,261.66,141.38,28.54,7.81,0.0,62.37,0.0
2025-01-02 12:07:00,313.17,139.59,35.45,0.21,2.85,59.12,0.0
2025-01-02 12:08:00,242.93,143.69,25.95,7.99,0.0,65.84,0.0
2025-01-02 12:09:00,314.23,146.49,22.09,0.0,0.0,64.19,10.76
2025-01-02 12:10:00,284.42,148.57,33.02,0.0,0.0,55.44,5.14
2025-01-02 12:11:00,316.83,144.32,41.52,5.84,14.02,62.06,0.0
2025-01-02 12:12:00,283.87,143.34,21.12,0.0,0.0,60.34,1.19
2025-01-02 12:13:00,278.2,145.23,27.44,1.62,4.69,61.42,0.0
2025-01-02 12:14:00,292.44,141.28,25.25,2.57,1.69,62.66,0.0
2025-01-02 12:15:00,296.83,152.98,28.0,4.76,0.0,70.82,8.18
2025-01-02 12:16:00,348.81,138.19,35.76,8.65,4.13,66.41,13.19
2025-01-02 12:17:00,339.49,145.36,28.9,10.25,6.47,62.74,17.4
2025-01-02 12:18:00,344.32,152.72,25.82,5.42,0.0,67.14,18.4
2025-01-02 12:19:00,309.52,144.65,26.04,12.81,0.0,74.69,3.0
2025-01-02 12:20:00,347.45,143.86,27.22,13.02,9.61,67.6,38.37
2025-01-02 12:21:00,283.72,143.19,22.8,10.81,2.05,60.01,0.0
2025-01-02 12:22:00,280.39,143.9,28.87,2.24,0.0,73.39,0.0
2025-01-02 12:23:00,335.69,150.12,27.41,0.0,0.0,57.0,19.93
2025-01-02 12:24:00,325.7,135.78,27.9,6.52,0.0,63.53,21.94
2025-01-02 12:25:00,350.81,150.76,32.57,8.43,9.12,67.15,18.28
2025-01-02 12:26:00,294.39,138.93,32.1,0.0,2.86,61.64,25.32
2025-01-02 12:27:00,276.02,143.56,24.79,0.0,0.0,46.35,0.0
2025-01-02 12:28:00,340.6,142.91,23.0,10.65,4.17,55.46,39.03
2025-01-02 12:29:00,266.83,146.98,26.68,0.0,2.92,68.94,0.0
2025-01-02 12:30:00,251.19,138.23,26.48,0.0,0.0,64.96,0.0
2025-01-02 12:31:00,314.55,146.47,26.32,2.32,0.0,70.44,27.48
2025-01-02 12:32:00,268.69,152.72,26.75,1.42,5.31,60.34,0.0
2025-01-02 12:33:00,269.64,139.17,23.99,7.65,0.0,57.36,0.0
2025-01-02 12:34:00,287.65,145.38,24.42,3.18,0.0,59.11,0.0
2025-01-02 12:35:00,277.52,141.98,26.86,6.79,6.16,56.9,5.06
2025-01-02 12:36:00,285.56,146.33,29.32,11.92,0.0,54.95,0.37
2025-01-02 12:37:00,299.18,144.7,33.16,0.0,6.3,57.11,0.0
2025-01-02 12:38:00,299.71,142.06,26.17,14.03,0.0,66.58,0.0
2025-01-02 12:39:00,298.22,146.58,33.61,0.0,0.0,63.53,12.0
2025-01-02 12:40:00,325.24,151.84,37.35,11.42,0.0,55.58,0.0
2025-01-02 12:41:00,260.5,143.86,22.52,0.0,3.71,47.52,7.81
2025-01-02 12:42:00,301.35,147.5,26.73,0.0,1.94,60.65,37.44
2025-01-02 12:43:00,257.64,139.45,26.78,2.28,0.0,61.77,0.0
2025-01-02 12:44:00,293.69,140.8,34.53,11.84,0.0,60.07,6.56
2025-01-02 12:45:00,300.37,146.51,26.81,0.0,3.19,56.99,17.21
2025-01-02 12:46:00,270.53,150.56,26.08,0.0,0.0,57.41,0.0
2025-01-02 12:47:00,333.08,146.05,23.55,5.48,11.22,64.07,0.0
2025-01-02 12:48:00,299.52,143.37,20.81,3.24,0.0,63.31,0.0
2025-01-02 12:49:00,262.28,144.62,29.35,2.19,4.84,57.96,0.0
2025-01-02 12:50:00,309.41,139.62,30.62,0.0,11.07,58.15,3.4
2025-01-02 12:51:00,297.55,147.04,26.09,6.62,4.52,67.68,0.0
2025-01-02 12:52:00,340.85,148.15,26.16,10.24,2.84,59.81,28.11
2025-01-02 12:53:00,279.17,142.82,34.55,0.0,8.99,66.33,0.74
2025-01-02 12:54:00,334.53,142.74,35.42,12.56,2.57,63.19,10.63
2025-01-02 12:55:00,310.49,145.69,26.84,1.58,0.0,50.87,0.0
2025-01-02 12:56:00,276.32,142.88,26.78,8.64,3.75,58.96,5.58
2025-01-02 12:57:00,293.54,144.36,14.59,7.54,8.31,63.6,3.49
2025-01-02 12:58:00,344.96,153.02,27.87,5.91,2.88,66.91,21.2
2025-01-02 12:59:00,272.76,143.64,29.82,0.0,0.0,60.43,0.0
2025-01-02 13:00:00,298.31,143.19,27.21,1.49,0.0,67.23,0.0
2025-01-02 13:01:00,326.83,142.03,27.66,0.0,4.43,73.0,27.54
2025-01-02 13:02:00,299.95,147.6,25.61,6.1,0.48,70.34,15.24
2025-01-02 13:03:00,290.68,143.9,23.94,12.22,0.0,49.89,8.41
2025-01-02 13:04:00,325.7,142.03,40.83,0.0,5.73,62.76,0.0
2025-01-02 13:05:00,327.96,149.91,29.24,3.08,3.81,60.85,0.0
2025-01-02 13:06:00,306.9,150.3,20.05,8.75,0.16,61.1,0.0
2025-01-02 13:07:00,261.17,142.22,25.73,12.62,4.3,61.8,0.0
2025-01-02 13:08:00,248.67,137.16,27.56,0.0,0.0,60.67,4.11
2025-01-02 13:09:00,282.28,148.65,25.61,1.45,3.05,53.76,0.0
2025-01-02 13:10:00,301.87,141.89,31.26,1.75,5.31,71.33,25.14
2025-01-02 13:11:00,322.81,147.79,30.35,9.99,4.29,71.6,10.88
2025-01-02 13:12:00,281.65,136.74,26.42,6.63,4.56,65.52,0.0
2025-01-02 13:13:00,279.17,148.19,28.84,6.57,0.0,62.24,0.0
2025-01-02 13:14:00,317.84,139.78,41.02,6.56,0.0,60.78,12.38
2025-01-02 13:15:00,287.8,147.55,29.26,5.26,0.0,72.69,1.75
2025-01-02 13:16:00,335.3,144.68,31.32,11.33,0.0,69.71,16.6
2025-01-02 13:17:00,315.4,140.81,30.52,0.0,3.65,52.32,49.25
2025-01-02 13:18:00,289.03,143.0,29.87,4.57,0.0,51.3,0.0
2025-01-02 13:19:00,311.68,147.37,29.69,0.85,3.05,75.66,0.0
2025-01-02 13:20:00,319.22,145.05,30.11,0.0,0.0,60.36,39.97
2025-01-02 13:21:00,259.1,146.96,27.72,0.0,0.0,50.76,0.0
2025-01-02 13:22:00,330.48,152.53,31.95,7.27,4.86,59.02,62.38
2025-01-02 13:23:00,315.62,138.37,24.55,5.48,10.71,63.41,0.0
2025-01-02 13:24:00,344.12,151.09,20.44,9.07,9.66,55.18,25.29
2025-01-02 13:25:00,332.36,145.04,25.17,15.53,6.57,61.96,32.02
2025-01-02 13:26:00,302.65,141.03,25.14,4.53,9.52,56.96,0.0
2025-01-02 13:27:00,342.23,139.3,29.84,18.12,0.0,56.71,23.7
2025-01-02 13:28:00,300.53,143.87,26.89,7.26,0.35,62.98,8.04
2025-01-02 13:29:00,270.35,148.31,31.47,7.08,3.62,64.24,0.0
2025-01-02 13:30:00,288.54,144.11,29.74,2.27,2.5,61.0,0.0
2025-01-02 13:31:00,314.81,150.67,39.79,1.83,9.29,54.58,0.0
2025-01-02 13:32:00,342.5,138.82,25.83,6.91,10.06,60.01,30.85
2025-01-02 13:33:00,306.69,144.58,26.87,9.47,0.0,67.3,5.91
2025-01-02 13:34:00,297.84,139.61,20.07,0.0,12.97,58.08,0.0
2025-01-02 13:35:00,345.94,146.08,25.69,7.2,0.0,59.11,45.91
2025-01-02 13:36:00,320.35,148.17,27.44,4.52,4.57,67.98,42.23
2025-01-02 13:37:00,278.59,142.94,32.56,3.56,0.0,51.06,0.0
2025-01-02 13:38:00,306.09,134.21,25.62,3.7,7.59,58.29,0.0
2025-01-02 13:39:00,279.43,145.42,24.64,7.1,0.0,64.91,0.0
2025-01-02 13:40:00,341.12,146.37,27.15,4.15,3.73,64.69,15.64
2025-01-02 13:41:00,289.15,146.24,35.74,0.55,4.55,64.51,30.02
2025-01-02 13:42:00,270.23,149.57,22.55,6.7,6.15,53.37,0.0
2025-01-02 13:43:00,335.52,140.34,28.53,10.97,4.54,61.3,0.0
2025-01-02 13:44:00,312.82,147.34,31.8,7.76,1.45,65.22,0.0
2025-01-02 13:45:00,327.93,149.39,26.34,0.95,0.0,62.22,30.66
2025-01-02 13:46:00,281.45,137.51,26.95,4.57,0.0,69.76,0.0
2025-01-02 13:47:00,350.41,145.9,30.56,15.67,11.38,76.76,1.74
2025-01-02 13:48:00,265.28,142.61,26.81,4.54,0.0,67.18,9.94
2025-01-02 13:49:00,286.34,144.3,31.17,5.28,1.58,72.63,0.0
2025-01-02 13:50:00,303.77,146.01,19.6,0.0,0.0,64.44,0.09
2025-01-02 13:51:00,289.28,142.68,19.55,2.61,0.7,71.05,6.79
2025-01-02 13:52:00,286.91,141.92,28.64,0.9,0.0,56.59,0.0
2025-01-02 13:53:00,282.22,144.76,30.7,2.56,0.0,59.67,0.0
2025-01-02 13:54:00,263.1,140.27,29.27,7.69,0.0,54.82,5.9
2025-01-02 13:55:00,424.73,140.28,23.52,5.22,9.33,71.13,82.77
2025-01-02 13:56:00,303.98,147.34,25.78,11.01,9.72,64.8,13.48
2025-01-02 13:57:00,288.17,140.03,25.59,14.56,0.0,71.65,0.0
2025-01-02 13:58:00,299.29,147.29,32.55,2.26,13.18,59.33,0.0
2025-01-02 13:59:00,292.78,146.47,32.65,3.87,0.0,63.95,13.18
2025-01-02 14:00:00,313.64,137.72,28.41,8.74,0.0,56.6,34.37
2025-01-02 14:01:00,277.07,141.91,32.95,11.06,0.0,55.27,0.0
2025-01-02 14:02:00,293.12,149.4,22.93,13.67,6.1,50.65,1.66
2025-01-02 14:03:00,281.28,140.7,27.55,0.0,0.0,57.32,0.0
2025-01-02 14:04:00,369.55,142.77,27.33,10.83,3.66,70.99,25.24
2025-01-02 14:05:00,318.63,146.47,31.24,7.2,0.0,61.08,19.28
2025-01-02 14:06:00,308.15,147.76,26.16,8.62,11.28,77.7,0.0
2025-01-02 14:07:00,294.6,143.62,26.5,2.3,1.88,71.86,0.0
2025-01-02 14:08:00,319.57,142.23,36.93,15.41,5.26,59.92,0.0
2025-01-02 14:09:00,271.01,150.31,21.89,1.85,2.93,61.37,8.76
2025-01-02 14:10:00,294.17,151.58,35.56,17.12,3.76,61.81,14.88
2025-01-02 14:11:00,276.49,148.54,25.48,4.29,0.0,62.91,0.0
2025-01-02 14:12:00,348.64,144.97,31.31,0.0,0.68,58.19,44.49
2025-01-02 14:13:00,316.56,141.39,25.93,13.51,3.29,64.38,0.0
2025-01-02 14:14:00,306.64,141.3,23.83,8.49,0.0,66.64,10.05
2025-01-02 14:15:00,310.71,146.71,26.53,6.73,12.7,59.89,0.0
2025-01-02 14:16:00,267.23,146.3,21.83,4.43,0.0,55.63,0.0
2025-01-02 14:17:00,328.7,150.23,34.04,7.29,6.32,62.39,1.63
2025-01-02 14:18:00,295.7,147.23,27.37,0.0,0.0,62.36,0.0
2025-01-02 14:19:00,364.66,138.61,29.89,11.03,0.0,67.31,43.63
2025-01-02 14:20:00,280.91,148.83,27.17,15.01,0.0,63.33,0.0
2025-01-02 14:21:00,316.77,140.63,21.64,4.81,2.29,51.24,22.03
2025-01-02 14:22:00,319.14,143.09,23.2,12.01,0.0,67.99,28.27
2025-01-02 14:23:00,328.17,145.62,25.77,2.56,11.27,63.82,52.22
2025-01-02 14:24:00,340.12,152.61,29.95,11.67,0.0,69.92,6.55
2025-01-02 14:25:00,357.12,157.06,30.23,0.0,0.01,65.14,11.14
2025-01-02 14:26:00,258.6,147.05,25.55,0.67,0.0,60.73,5.59
2025-01-02 14:27:00,262.99,143.89,28.13,0.22,5.18,56.42,0.0
2025-01-02 14:28:00,294.93,146.76,35.44,0.0,10.48,63.07,1.7
2025-01-02 14:29:00,329.2,148.17,27.16,0.0,1.36,68.67,32.4
2025-01-02 14:30:00,267.26,143.34,29.75,9.4,1.35,53.05,1.51
2025-01-02 14:31:00,312.68,151.8,25.75,0.0,0.91,66.91,13.77
2025-01-02 14:32:00,333.36,145.54,22.52,6.01,0.0,65.29,16.77
2025-01-02 14:33:00,277.91,146.61,19.89,9.0,0.0,59.08,0.0
2025-01-02 14:34:00,321.99,147.29,31.53,5.79,0.0,65.7,0.0
2025-01-02 14:35:00,318.44,146.31,38.22,0.0,3.44,54.89,0.0
2025-01-02 14:36:00,337.08,147.98,28.07,3.72,5.38,63.09,0.0
2025-01-02 14:37:00,304.35,142.15,26.99,11.36,0.0,59.08,0.0
2025-01-02 14:38:00,345.46,142.39,36.39,12.85,1.12,63.26,38.16
2025-01-02 14:39:00,260.58,140.22,22.01,0.0,0.0,61.47,0.0
2025-01-02 14:40:00,289.96,146.38,23.91,14.89,0.0,62.99,28.78
2025-01-02 14:41:00,307.63,147.74,29.89,0.0,1.7,70.42,0.0
2025-01-02 14:42:00,323.49,146.46,19.82,9.49,0.0,49.89,29.82
2025-01-02 14:43:00,315.3,151.32,29.22,3.62,11.77,60.26,0.0
2025-01-02 14:44:00,332.26,144.6,25.58,8.48,0.0,61.46,46.1
2025-01-02 14:45:00,343.67,147.3,29.41,7.5,1.87,67.46,29.91
2025-01-02 14:46:00,280.11,140.26,30.11,3.55,12.11,67.44,0.0
2025-01-02 14:47:00,335.7,143.08,27.33,10.4,2.74,62.58,0.0
2025-01-02 14:48:00,329.66,147.41,39.13,0.68,5.78,68.55,0.0
2025-01-02 14:49:00,303.27,148.02,32.94,1.77,0.07,69.53,0.0
2025-01-02 14:50:00,296.13,143.45,22.22,0.0,2.18,64.5,0.0
2025-01-02 14:51:00,292.17,144.34,31.63,7.88,5.69,51.25,0.0
2025-01-02 14:52:00,347.02,138.55,31.39,9.74,0.18,61.51,9.17
2025-01-02 14:53:00,280.44,143.2,20.46,10.53,3.75,63.87,0.0
2025-01-02 14:54:00,294.63,148.19,25.02,11.35,0.0,58.55,0.0
2025-01-02 14:55:00,302.99,146.92,23.49,0.0,0.0,63.47,0.0
2025-01-02 14:56:00,291.25,146.63,20.71,5.85,7.23,58.22,7.86
2025-01-02 14:57:00,323.62,144.82,32.09,7.63,5.07,60.07,0.0
2025-01-02 14:58:00,248.61,144.65,29.03,3.44,2.49,62.04,0.0
2025-01-02 14:59:00,325.5,141.98,37.16,9.97,0.97,66.98,0.0
2025-01-02 15:00:00,276.79,147.42,26.94,1.66,0.0,56.03,0.0
2025-01-02 15:01:00,293.94,146.31,28.43,9.37,6.55,74.1,0.0
2025-01-02 15:02:00,293.83,146.59,28.85,6.49,2.31,69.28,0.0
2025-01-02 15:03:00,282.13,142.52,24.17,19.69,4.14,56.99,0.0
2025-01-02 15:04:00,235.71,136.01,23.01,7.27,0.0,61.0,0.87
2025-01-02 15:05:00,297.15,149.01,24.3,10.31,0.0,70.57,7.87
2025-01-02 15:06:00,311.96,142.71,31.07,3.94,0.0,57.87,0.0
2025-01-02 15:07:00,313.69,141.17,34.66,3.72,5.88,68.28,0.0
2025-01-02 15:08:00,289.9,147.4,28.79,1.51,0.0,59.6,0.0
2025-01-02 15:09:00,333.82,143.06,32.66,9.16,0.0,49.12,41.34
2025-01-02 15:10:00,280.96,148.86,28.93,0.0,0.0,65.38,0.0
2025-01-02 15:11:00,312.26,147.09,22.17,15.41,13.5,61.41,0.0
2025-01-02 15:12:00,300.46,147.36,22.93,7.45,0.91,69.22,5.39
2025-01-02 15:13:00,304.71,139.16,29.51,0.0,10.74,63.4,0.0
2025-01-02 15:14:00,291.94,149.47,29.25,2.38,0.0,65.5,0.0
2025-01-02 15:15:00,292.21,145.67,28.76,11.96,0.0,57.54,0.0
2025-01-02 15:16:00,308.81,143.15,21.53,6.04,7.46,65.04,18.42
2025-01-02 15:17:00,351.69,145.2,32.45,8.19,13.58,64.35,0.0
2025-01-02 15:18:00,255.28,137.52,29.26,4.27,0.0,61.14,0.0
2025-01-02 15:19:00,287.38,146.26,30.04,13.11,14.29,62.28,0.0
2025-01-02 15:20:00,305.97,140.51,34.91,0.6,0.0,61.49,7.87
2025-01-02 15:21:00,238.28,139.21,26.46,7.18,10.66,51.58,0.0
2025-01-02 15:22:00,316.41,138.53,31.71,3.51,4.7,63.02,30.54
2025-01-02 15:23:00,300.84,149.07,31.7,9.25,0.0,84.17,0.0
2025-01-02 15:24:00,302.54,142.11,37.33,0.0,0.0,65.85,0.0
2025-01-02 15:25:00,343.27,150.76,23.96,4.64,0.0,69.89,23.9
2025-01-02 15:26:00,277.59,142.48,19.85,0.0,0.0,63.57,0.0
2025-01-02 15:27:00,296.5,137.79,30.6,1.07,0.0,62.29,2.21
2025-01-02 15:28:00,307.89,140.16,29.96,0.0,0.0,54.64,5.91
2025-01-02 15:29:00,271.6,149.57,29.25,0.0,0.0,64.67,0.0
2025-01-02 15:30:00,261.66,144.0,24.81,8.15,0.21,53.06,0.0
2025-01-02 15:31:00,305.11,142.43,28.88,1.34,0.0,60.39,15.75
2025-01-02 15:32:00,270.12,145.26,23.25,0.09,0.0,60.86,0.0
2025-01-02 15:33:00,277.21,146.63,23.6,4.48,0.01,65.1,0.0
2025-01-02 15:34:00,285.06,149.09,24.22,3.94,0.0,58.81,0.0
2025-01-02 15:35:00,309.73,150.42,26.96,13.01,0.59,63.91,0.0
2025-01-02 15:36:00,330.36,143.18,35.47,8.74,5.83,60.54,30.39
2025-01-02 15:37:00,264.03,139.32,22.67,0.0,0.57,70.14,0.0
2025-01-02 15:38:00,277.15,142.97,20.26,0.0,0.0,54.04,0.0
2025-01-02 15:39:00,322.11,145.67,25.07,10.58,15.43,68.54,0.0
2025-01-02 15:40:00,300.77,140.77,25.1,9.9,11.76,61.56,10.8
2025-01-02 15:41:00,328.96,140.8,33.48,4.26,1.81,62.39,23.69
2025-01-02 15:42:00,279.94,146.0,23.93,0.0,0.0,55.83,0.0
2025-01-02 15:43:00,318.48,144.43,25.59,10.31,0.0,61.7,33.89
2025-01-02 15:44:00,259.79,144.76,33.38,8.66,0.0,59.85,0.0
2025-01-02 15:45:00,315.64,141.59,42.06,0.0,5.25,69.64,0.0
2025-01-02 15:46:00,962.11,143.7,34.2,6.56,12.78,55.42,0.0
2025-01-02 15:47:00,295.06,140.93,30.36,11.13,0.0,64.97,18.54
2025-01-02 15:48:00,340.0,148.18,25.84,5.75,1.7,57.05,78.85
2025-01-02 15:49:00,261.31,148.76,21.6,7.36,0.26,54.02,22.65
2025-01-02 15:50:00,282.77,137.24,27.09,6.2,5.04,56.43,0.0
2025-01-02 15:51:00,287.55,140.91,35.94,0.0,0.0,69.77,0.0
2025-01-02 15:52:00,321.44,138.64,25.08,0.0,0.0,62.64,38.24
2025-01-02 15:53:00,307.99,142.02,25.68,13.57,6.61,67.24,8.91
2025-01-02 15:54:00,287.17,144.29,32.77,0.53,0.0,62.55,0.0
2025-01-02 15:55:00,256.64,138.83,27.36,10.06,0.16,58.2,8.7
2025-01-02 15:56:00,349.99,140.94,27.07,7.57,2.04,66.05,20.63
2025-01-02 15:57:00,311.24,140.61,35.93,9.68,0.0,59.44,0.0
2025-01-02 15:58:00,323.15,145.45,20.23,6.09,9.38,68.19,36.1
2025-01-02 15:59:00,267.89,144.9,23.65,0.0,0.0,62.1,10.81
2025-01-02 16:00:00,267.4,141.74,30.56,6.34,0.0,48.54,0.0
2025-01-02 16:01:00,307.1,145.33,22.46,2.76,2.19,70.32,0.0
2025-01-02 16:02:00,247.53,142.44,17.55,4.26,0.0,65.56,0.0
2025-01-02 16:03:00,321.59,143.54,34.54,4.42,9.22,65.15,0.0
2025-01-02 16:04:00,300.92,151.32,28.65,12.26,0.0,65.08,0.0
2025-01-02 16:05:00,313.06,149.99,27.37,12.62,0.0,60.95,0.0
2025-01-02 16:06:00,279.33,139.43,31.31,0.0,0.0,57.89,13.69
2025-01-02 16:07:00,281.12,147.94,25.36,5.02,0.0,67.3,0.0
2025-01-02 16:08:00,286.55,147.87,23.68,0.59,8.1,57.68,0.0
2025-01-02 16:09:00,290.55,140.03,33.75,4.66,9.02,62.03,0.0
2025-01-02 16:10:00,252.52,147.9,24.16,4.19,0.0,56.52,0.0
2025-01-02 16:11:00,314.14,150.78,35.22,4.47,0.0,68.09,2.18
2025-01-02 16:12:00,246.76,140.13,26.71,5.48,4.51,57.73,0.0
2025-01-02 16:13:00,304.83,140.95,25.74,4.34,0.0,73.75,15.28
2025-01-02 16:14:00,315.28,148.69,31.32,8.65,1.64,61.36,0.0
2025-01-02 16:15:00,312.11,145.71,24.77,0.0,0.0,67.56,39.34
2025-01-02 16:16:00,276.73,146.83,28.04,3.4,6.86,59.75,0.0
2025-01-02 16:17:00,306.38,145.99,21.32,12.57,0.0,64.58,1.13
2025-01-02 16:18:00,335.1,146.19,34.4,6.12,0.0,62.85,27.01
2025-01-02 16:19:00,311.56,139.32,40.4,9.18,0.0,71.69,3.97
2025-01-02 16:20:00,341.24,148.81,38.94,8.86,5.93,59.7,19.21
2025-01-02 16:21:00,340.15,149.3,34.35,9.75,9.31,66.03,22.8
2025-01-02 16:22:00,307.06,143.71,27.61,14.31,0.0,57.16,0.0
2025-01-02 16:23:00,306.59,144.45,29.26,9.15,1.68,59.11,25.33
2025-01-02 16:24:00,272.85,138.5,26.03,5.9,0.0,63.75,0.0
2025-01-02 16:25:00,290.97,146.68,34.59,5.36,0.0,66.5,6.08
2025-01-02 16:26:00,291.68,146.91,29.05,0.0,0.88,66.56,0.0
2025-01-02 16:27:00,268.44,144.38,27.38,11.27,3.14,51.4,6.76
2025-01-02 16:28:00,293.16,149.12,29.49,5.23,0.0,63.74,0.0
2025-01-02 16:29:00,316.07,143.29,30.46,12.6,0.75,57.39,1.57
2025-01-02 16:30:00,314.41,146.88,38.08,0.0,0.46,65.85,27.56
2025-01-02 16:31:00,318.15,140.55,32.17,10.97,0.0,63.37,0.0
2025-01-02 16:32:00,340.38,144.53,35.9,14.72,1.39,62.66,36.17
2025-01-02 16:33:00,317.94,143.93,29.38,0.0,5.9,56.43,0.0
2025-01-02 16:34:00,302.46,145.53,23.36,11.44,4.84,49.14,34.85
2025-01-02 16:35:00,341.82,143.15,31.28,0.0,2.74,64.16,9.52
2025-01-02 16:36:00,289.79,144.1,27.83,0.43,10.18,59.26,0.0
2025-01-02 16:37:00,304.11,147.93,27.23,14.29,13.51,65.18,0.0
2025-01-02 16:38:00,367.74,142.88,26.04,0.0,7.02,65.24,32.7
2025-01-02 16:39:00,301.33,138.2,36.35,4.25,9.61,61.45,16.78
2025-01-02 16:40:00,312.02,151.62,33.26,0.21,7.24,68.39,0.0
2025-01-02 16:41:00,329.9,150.15,30.66,11.25,12.2,58.69,0.0
2025-01-02 16:42:00,269.27,139.45,29.71,15.25,0.1,53.83,0.44
2025-01-02 16:43:00,366.14,147.38,28.12,1.05,0.0,62.29,51.22
2025-01-02 16:44:00,269.77,142.61,25.4,11.03,0.0,54.21,0.0
2025-01-02 16:45:00,334.85,145.68,29.6,11.02,9.05,56.22,1.36
2025-01-02 16:46:00,312.41,145.8,23.35,11.94,0.0,67.26,25.44
2025-01-02 16:47:00,335.69,143.69,26.65,5.13,6.64,61.62,20.7
2025-01-02 16:48:00,271.57,141.49,29.64,0.0,0.44,59.0,0.0
2025-01-02 16:49:00,304.63,141.86,22.82,14.69,11.23,65.48,3.5
2025-01-02 16:50:00,305.33,140.96,36.93,0.0,8.45,61.92,0.0
2025-01-02 16:51:00,318.36,141.3,30.25,10.52,8.62,59.2,0.09
2025-01-02 16:52:00,297.99,144.36,27.7,12.31,2.69,64.36,4.74
2025-01-02 16:53:00,301.5,141.76,27.72,5.42,6.22,62.42,0.0
2025-01-02 16:54:00,271.25,147.35,29.82,13.81,0.0,65.85,8.26
2025-01-02 16:55:00,281.48,150.57,39.46,0.0,0.18,56.29,0.0
2025-01-02 16:56:00,363.98,142.3,24.17,11.86,5.88,62.01,46.48
2025-01-02 16:57:00,339.97,145.58,21.02,0.0,5.29,49.93,8.07
2025-01-02 16:58:00,298.58,146.62,29.56,8.21,8.08,51.56,8.53
2025-01-02 16:59:00,294.59,146.51,30.91,2.05,0.05,66.63,14.87
2025-01-02 17:00:00,292.03,144.93,38.73,11.06,0.0,65.29,0.0
2025-01-02 17:01:00,322.12,147.59,25.44,10.12,14.56,69.62,4.42
2025-01-02 17:02:00,295.56,146.55,30.43,4.95,0.0,61.53,0.0
2025-01-02 17:03:00,342.74,139.67,13.11,5.51,0.68,62.12,38.32
2025-01-02 17:04:00,298.43,148.1,26.15,7.01,8.24,57.11,0.0
2025-01-02 17:05:00,244.97,148.17,18.6,3.89,2.35,57.66,0.0
2025-01-02 17:06:00,330.08,141.57,20.06,7.01,7.78,67.75,0.0
2025-01-02 17:07:00,362.03,144.78,33.26,13.55,4.3,80.07,27.95
2025-01-02 17:08:00,284.76,147.36,25.78,10.96,0.0,55.6,0.0
2025-01-02 17:09:00,297.37,143.79,23.04,5.2,2.94,66.32,0.0
2025-01-02 17:10:00,300.85,148.92,31.28,5.81,0.64,55.06,0.0
2025-01-02 17:11:00,307.23,154.08,17.51,11.91,2.24,61.65,25.0
2025-01-02 17:12:00,324.91,141.48,26.7,10.96,0.0,55.37,39.36
2025-01-02 17:13:00,314.36,139.1,29.52,7.78,3.06,60.61,11.58
2025-01-02 17:14:00,296.43,145.84,25.3,0.0,4.27,61.92,0.0
2025-01-02 17:15:00,302.97,147.51,35.52,14.41,3.72,54.96,7.84
2025-01-02 17:16:00,346.6,143.7,28.73,5.86,6.47,57.5,55.73
2025-01-02 17:17:00,303.56,150.44,31.53,0.34,9.65,71.73,29.82
2025-01-02 17:18:00,307.76,139.27,27.64,6.46,2.84,64.03,3.16
2025-01-02 17:19:00,284.95,147.4,29.3,4.77,1.6,58.24,11.85
2025-01-02 17:20:00,303.57,142.2,25.16,4.13,6.97,70.01,4.47
2025-01-02 17:21:00,352.49,151.5,28.89,7.81,0.59,67.57,14.33
2025-01-02 17:22:00,329.02,152.59,24.47,4.99,11.99,59.49,5.69
2025-01-02 17:23:00,285.28,141.56,35.96,5.41,0.0,49.64,9.25
2025-01-02 17:24:00,305.97,142.43,18.83,6.04,2.66,66.05,0.0
2025-01-02 17:25:00,275.69,148.06,25.75,13.1,0.0,50.94,19.01
2025-01-02 17:26:00,269.69,143.08,23.44,8.13,8.01,63.77,0.0
2025-01-02 17:27:00,298.0,144.44,23.01,0.0,1.43,59.3,0.0
2025-01-02 17:28:00,317.73,144.73,25.59,8.2,0.0,53.88,1.24
2025-01-02 17:29:00,276.25,136.95,19.4,0.0,4.81,66.02,8.73
2025-01-02 17:30:00,252.1,144.57,21.95,7.69,5.47,61.64,0.0
2025-01-02 17:31:00,297.21,141.87,26.18,9.23,0.47,74.21,0.0
2025-01-02 17:32:00,326.16,142.65,22.72,8.64,12.81,63.83,14.27
2025-01-02 17:33:00,315.79,150.4,29.18,0.0,6.52,60.11,0.0
2025-01-02 17:34:00,274.86,139.6,23.16,10.94,1.62,71.08,12.41
2025-01-02 17:35:00,300.05,147.88,29.96,3.98,11.73,68.82,26.72
2025-01-02 17:36:00,295.22,143.51,26.94,0.0,10.86,69.85,0.0
2025-01-02 17:37:00,262.3,143.5,30.76,2.9,0.1,59.04,8.21
2025-01-02 17:38:00,280.36,147.79,24.29,9.52,0.28,58.92,0.0
2025-01-02 17:39:00,308.59,145.98,30.69,2.82,5.95,63.59,7.64
2025-01-02 17:40:00,313.01,146.91,32.05,13.55,0.0,52.96,0.0
2025-01-02 17:41:00,253.04,148.5,23.75,0.0,1.52,46.28,13.12
2025-01-02 17:42:00,263.1,143.3,26.87,4.12,2.56,68.42,0.0
2025-01-02 17:43:00,284.95,142.17,35.41,12.54,6.92,61.4,1.99
2025-01-02 17:44:00,296.04,140.28,26.98,12.15,5.02,58.94,0.0
2025-01-02 17:45:00,306.53,141.32,32.68,6.94,0.0,59.35,0.0
2025-01-02 17:46:00,351.01,156.42,34.75,5.31,14.96,67.14,24.89
2025-01-02 17:47:00,325.13,149.6,33.55,1.42,3.62,62.03,42.16
2025-01-02 17:48:00,348.49,139.22,33.81,11.76,8.54,69.11,31.2
2025-01-02 17:49:00,294.54,139.33,23.61,2.31,7.0,65.6,22.24
2025-01-02 17:50:00,346.17,146.55,25.05,13.43,6.48,60.75,27.76
2025-01-02 17:51:00,295.6,146.81,33.75,0.0,11.77,56.53,0.0
2025-01-02 17:52:00,320.75,146.82,26.84,0.0,2.13,64.06,0.0
2025-01-02 17:53:00,302.71,143.6,28.32,8.69,6.03,57.82,0.83
2025-01-02 17:54:00,315.66,144.12,26.73,13.27,0.0,61.7,2.54
2025-01-02 17:55:00,333.33,145.94,25.84,9.61,10.99,76.24,0.47
2025-01-02 17:56:00,277.28,144.97,27.95,6.52,0.0,56.05,0.0
2025-01-02 17:57:00,289.56,135.75,33.94,5.95,0.0,58.86,0.0
2025-01-02 17:58:00,340.88,143.7,31.95,7.73,12.56,57.97,23.78
2025-01-02 17:59:00,327.33,141.22,25.7,8.91,3.99,65.75,14.39
2025-01-02 18:00:00,294.61,145.32,37.09,36.25,0.28,59.98,0.0
2025-01-02 18:01:00,320.96,156.56,21.57,30.99,6.38,57.41,0.0
2025-01-02 18:02:00,334.69,146.09,28.82,35.99,0.0,60.82,0.0
2025-01-02 18:03:00,317.4,143.37,24.89,29.41,0.0,66.29,0.0
2025-01-02 18:04:00,325.72,148.31,32.27,34.12,13.19,58.08,11.57
2025-01-02 18:05:00,317.77,146.55,24.49,30.53,5.98,54.19,0.0
2025-01-02 18:06:00,363.11,146.3,25.42,31.68,5.99,67.91,12.25
2025-01-02 18:07:00,308.59,147.05,31.3,34.38,8.58,65.13,0.0
2025-01-02 18:08:00,343.67,152.85,19.04,33.08,0.83,69.72,0.0
2025-01-02 18:09:00,286.84,140.1,33.35,40.44,0.0,63.84,0.0
2025-01-02 18:10:00,358.18,146.52,40.09,32.12,0.0,64.59,4.26
2025-01-02 18:11:00,315.49,140.92,31.55,23.07,0.0,54.96,0.0
2025-01-02 18:12:00,371.57,146.85,28.93,32.36,9.37,65.7,42.06
2025-01-02 18:13:00,329.26,140.95,35.34,19.36,11.36,63.24,0.0
2025-01-02 18:14:00,338.8,142.95,36.23,29.47,1.28,72.4,0.0
2025-01-02 18:15:00,433.41,143.44,28.61,27.06,6.9,69.2,31.09
2025-01-02 18:16:00,318.18,148.53,23.46,35.58,4.18,60.24,4.18
2025-01-02 18:17:00,317.75,148.3,29.82,24.5,2.74,59.9,0.0
2025-01-02 18:18:00,293.06,139.64,28.6,28.83,0.45,64.8,0.0
2025-01-02 18:19:00,329.88,144.84,30.7,26.1,4.36,60.78,19.95
2025-01-02 18:20:00,316.83,141.79,25.47,26.89,0.0,57.47,0.0
2025-01-02 18:21:00,339.92,139.59,27.82,37.8,7.81,63.46,12.5
2025-01-02 18:22:00,361.8,143.76,32.3,18.34,2.92,57.16,28.44
2025-01-02 18:23:00,280.56,143.39,21.34,37.89,0.0,56.75,0.44
2025-01-02 18:24:00,316.95,154.33,28.59,29.95,0.0,60.08,0.0
2025-01-02 18:25:00,341.08,146.36,24.48,34.88,7.09,59.53,14.11
2025-01-02 18:26:00,325.04,139.11,23.23,30.6,0.0,55.9,11.34
2025-01-02 18:27:00,320.06,142.36,21.8,29.11,0.0,65.15,6.03
2025-01-02 18:28:00,288.63,148.71,27.39,22.89,0.0,63.68,26.19
2025-01-02 18:29:00,328.04,152.98,26.53,31.38,0.0,67.72,0.0
2025-01-02 18:30:00,317.97,138.28,29.92,28.91,4.78,64.6,21.39
2025-01-02 18:31:00,332.48,137.1,27.66,31.4,0.0,66.93,0.0
2025-01-02 18:32:00,279.98,152.11,13.03,17.8,4.04,62.74,0.0
2025-01-02 18:33:00,316.87,146.18,26.1,31.73,2.1,57.51,13.01
2025-01-02 18:34:00,279.72,141.15,27.02,34.8,0.0,56.28,0.0
2025-01-02 18:35:00,309.01,146.76,29.37,23.79,8.8,52.63,0.0
2025-01-02 18:36:00,343.45,134.08,33.12,37.33,0.0,68.84,0.0
2025-01-02 18:37:00,321.97,144.64,25.87,26.13,0.67,58.48,0.0
2025-01-02 18:38:00,340.15,145.94,42.53,20.15,3.0,56.44,0.0
2025-01-02 18:39:00,347.61,148.32,29.27,37.38,4.94,71.06,0.0
2025-01-02 18:40:00,355.68,140.57,32.84,32.94,11.17,50.15,65.29
2025-01-02 18:41:00,294.0,144.97,33.95,20.12,14.96,49.21,8.22
2025-01-02 18:42:00,347.11,140.92,23.23,38.92,8.19,63.79,19.02
2025-01-02 18:43:00,309.03,145.65,33.14,33.23,1.23,64.95,7.06
2025-01-02 18:44:00,340.95,141.04,36.79,26.87,9.31,62.45,0.0
2025-01-02 18:45:00,378.61,142.99,36.25,34.51,0.0,49.69,10.3
2025-01-02 18:46:00,329.01,140.64,20.85,31.42,6.19,53.04,0.0
2025-01-02 18:47:00,341.28,147.23,31.94,26.14,0.0,71.61,3.25
2025-01-02 18:48:00,363.4,148.06,24.5,37.65,0.0,68.91,25.14
2025-01-02 18:49:00,309.22,143.69,31.78,26.18,5.18,73.0,0.0
2025-01-02 18:50:00,329.78,144.78,27.17,28.4,0.0,68.54,27.75
2025-01-02 18:51:00,353.04,138.83,24.9,25.34,4.56,59.15,28.15
2025-01-02 18:52:00,283.87,143.43,29.51,28.45,8.36,56.91,1.98
2025-01-02 18:53:00,330.34,144.42,26.47,25.9,4.84,69.31,26.97
2025-01-02 18:54:00,341.6,155.11,23.68,24.75,5.48,69.89,0.0
2025-01-02 18:55:00,332.68,140.18,24.74,27.48,0.0,68.32,26.26
2025-01-02 18:56:00,333.27,150.48,20.23,28.4,6.36,59.3,0.0
2025-01-02 18:57:00,335.61,148.61,23.32,33.21,0.19,59.83,7.52
2025-01-02 18:58:00,358.72,145.75,22.46,38.75,5.13,61.87,17.45
2025-01-02 18:59:00,328.3,151.66,28.64,40.48,6.37,52.76,0.0
2025-01-02 19:00:00,317.1,146.11,32.88,32.08,43.66,17.12,29.28
2025-01-02 19:01:00,340.32,146.18,29.06,33.73,37.87,12.17,28.51
2025-01-02 19:02:00,376.15,144.41,23.79,27.3,49.25,12.08,70.52
2025-01-02 19:03:00,308.02,149.52,29.7,29.01,44.8,3.87,0.0
2025-01-02 19:04:00,339.11,149.01,31.2,23.66,44.85,12.49,0.0
2025-01-02 19:05:00,363.05,142.12,28.0,41.64,37.94,18.85,0.6
2025-01-02 19:06:00,294.68,139.35,28.56,34.5,34.5,3.16,0.0
2025-01-02 19:07:00,268.45,143.81,31.69,21.01,36.64,17.74,0.0
2025-01-02 19:08:00,322.39,141.42,36.39,24.44,35.61,24.82,23.57
2025-01-02 19:09:00,319.22,144.37,27.02,29.16,43.3,14.19,0.0
2025-01-02 19:10:00,354.82,149.57,31.52,30.34,50.87,19.5,8.19
2025-01-02 19:11:00,316.76,142.79,29.82,25.2,30.89,17.12,27.76
2025-01-02 19:12:00,325.6,144.45,30.02,37.44,47.29,16.1,15.84
2025-01-02 19:13:00,294.22,144.86,29.43,17.42,43.24,12.24,12.71
2025-01-02 19:14:00,323.76,148.02,21.59,25.09,47.49,4.59,20.56
2025-01-02 19:15:00,293.67,135.64,28.43,27.61,45.57,5.1,19.66
2025-01-02 19:16:00,300.07,142.2,24.24,26.7,47.78,11.7,19.42
2025-01-02 19:17:00,289.03,145.47,18.77,26.89,34.88,10.99,0.0
2025-01-02 19:18:00,338.5,149.42,33.68,34.34,38.66,16.49,19.61
2025-01-02 19:19:00,280.95,142.66,28.02,27.09,39.72,0.0,0.0
2025-01-02 19:20:00,294.7,137.12,11.08,36.28,38.13,18.12,22.95
2025-01-02 19:21:00,312.23,147.1,27.32,29.7,44.69,14.43,0.0
2025-01-02 19:22:00,324.8,142.08,32.63,32.73,44.95,7.26,23.08
2025-01-02 19:23:00,317.02,139.87,24.47,34.91,33.83,18.09,15.51
2025-01-02 19:24:00,343.36,142.13,30.7,25.38,45.84,18.43,9.17
2025-01-02 19:25:00,338.3,143.89,35.03,29.32,36.35,14.07,0.0
2025-01-02 19:26:00,319.02,142.2,29.44,31.34,43.42,7.76,0.0
2025-01-02 19:27:00,253.78,135.8,29.93,32.66,43.22,0.02,16.08
2025-01-02 19:28:00,359.38,148.21,25.61,23.15,44.7,10.07,55.54
2025-01-02 19:29:00,269.43,149.72,24.01,27.69,35.2,11.99,0.0
2025-01-02 19:30:00,306.26,147.23,31.05,21.36,42.04,5.76,0.0
2025-01-02 19:31:00,318.74,140.07,32.49,24.81,42.66,13.96,39.05
2025-01-02 19:32:00,364.96,143.82,28.78,43.66,37.31,14.33,36.23
2025-01-02 19:33:00,298.69,144.6,34.05,26.19,34.24,18.88,6.05
2025-01-02 19:34:00,316.86,147.02,26.74,29.57,43.44,0.57,23.78
2025-01-02 19:35:00,310.47,147.3,31.92,33.55,45.21,17.5,8.04
2025-01-02 19:36:00,336.64,141.69,24.49,27.57,41.25,22.59,21.95
2025-01-02 19:37:00,328.66,144.95,30.42,28.29,43.61,11.52,15.43
2025-01-02 19:38:00,382.36,146.45,25.34,37.1,48.17,11.37,36.68
2025-01-02 19:39:00,308.62,150.45,25.12,29.09,35.01,17.69,0.0
2025-01-02 19:40:00,355.84,147.44,33.56,32.93,35.37,5.92,21.98
2025-01-02 19:41:00,313.12,147.78,22.84,21.16,52.56,24.18,0.0
2025-01-02 19:42:00,308.34,144.96,31.02,29.15,40.03,3.76,0.0
2025-01-02 19:43:00,289.08,150.27,25.32,36.51,47.79,0.83,0.0
2025-01-02 19:44:00,335.11,146.26,30.28,31.2,55.85,11.64,0.0
2025-01-02 19:45:00,307.62,141.18,29.89,36.23,47.4,13.85,6.45
2025-01-02 19:46:00,318.63,150.24,30.31,22.61,52.09,16.88,10.78
2025-01-02 19:47:00,353.12,147.42,34.82,25.57,35.71,18.59,15.88
2025-01-02 19:48:00,335.55,142.85,34.23,37.43,43.77,16.66,9.69
2025-01-02 19:49:00,360.81,142.71,30.78,30.18,51.38,18.66,32.05
2025-01-02 19:50:00,297.87,145.81,26.41,34.54,29.14,6.93,0.0
2025-01-02 19:51:00,325.05,146.48,21.45,38.1,45.17,17.92,0.0
2025-01-02 19:52:00,302.67,145.41,27.0,28.94,45.95,14.72,0.0
2025-01-02 19:53:00,348.9,145.87,29.65,28.75,45.55,26.89,14.35
2025-01-02 19:54:00,292.18,151.42,28.38,24.39,39.3,10.91,0.0
2025-01-02 19:55:00,299.98,148.91,28.17,29.53,35.13,16.16,14.27
2025-01-02 19:56:00,347.06,145.39,35.81,26.84,44.07,16.71,14.73
2025-01-02 19:57:00,288.04,148.39,35.96,30.32,36.69,21.47,3.15
2025-01-02 19:58:00,324.4,140.49,32.17,30.33,43.02,15.04,0.0
2025-01-02 19:59:00,339.83,146.22,35.18,31.09,50.1,19.11,49.37
2025-01-02 20:00:00,300.18,151.86,21.62,27.05,42.08,20.92,0.0
2025-01-02 20:01:00,301.17,143.75,28.87,19.74,36.78,13.62,17.52
2025-01-02 20:02:00,342.09,141.23,29.24,32.05,48.23,17.83,15.16
2025-01-02 20:03:00,366.11,142.02,29.84,26.46,52.94,18.21,30.92
2025-01-02 20:04:00,358.84,140.27,25.93,34.61,39.95,14.29,68.44
2025-01-02 20:05:00,286.85,141.48,29.43,22.52,48.18,8.43,0.0
2025-01-02 20:06:00,313.71,143.14,30.43,23.01,36.81,11.75,6.8
2025-01-02 20:07:00,353.88,139.0,29.66,31.11,41.0,19.65,10.69
2025-01-02 20:08:00,316.73,144.69,24.54,37.43,50.75,10.7,0.0
2025-01-02 20:09:00,307.37,148.23,37.87,21.04,41.01,15.58,0.0
2025-01-02 20:10:00,304.91,140.99,22.65,33.64,45.33,12.05,27.53
2025-01-02 20:11:00,308.3,150.7,23.53,36.49,41.88,15.05,0.0
2025-01-02 20:12:00,267.62,146.67,30.03,40.11,34.65,7.14,0.0
2025-01-02 20:13:00,313.95,148.75,27.61,36.79,36.99,15.23,0.0
2025-01-02 20:14:00,341.79,141.99,29.56,41.22,42.72,6.61,52.05
2025-01-02 20:15:00,278.47,148.04,24.93,30.4,54.74,16.29,0.0
2025-01-02 20:16:00,299.95,140.26,32.81,30.88,38.21,5.68,0.0
2025-01-02 20:17:00,326.17,148.18,26.16,34.43,39.16,18.26,0.0
2025-01-02 20:18:00,301.21,145.31,33.71,22.99,38.16,13.05,0.0
2025-01-02 20:19:00,283.77,146.84,21.56,25.97,51.36,11.37,0.0
2025-01-02 20:20:00,344.93,139.92,32.33,32.57,47.41,6.29,0.0
2025-01-02 20:21:00,292.71,141.04,28.66,27.52,39.19,9.93,0.0
2025-01-02 20:22:00,316.43,147.01,27.15,17.08,47.24,4.9,12.45
2025-01-02 20:23:00,318.45,140.83,25.08,32.17,56.46,12.57,11.15
2025-01-02 20:24:00,326.05,146.48,32.64,26.88,40.61,9.04,0.0
2025-01-02 20:25:00,356.76,139.16,15.64,28.22,45.54,0.0,42.92
2025-01-02 20:26:00,307.4,148.02,26.66,34.58,42.23,10.12,13.61
2025-01-02 20:27:00,260.2,139.69,34.29,38.16,36.04,0.91,0.0
2025-01-02 20:28:00,301.01,146.83,24.39,35.3,42.22,18.14,0.0
2025-01-02 20:29:00,335.3,147.13,28.17,22.28,40.06,4.46,0.0
2025-01-02 20:30:00,346.22,141.84,24.76,22.58,33.65,10.65,27.29
2025-01-02 20:31:00,319.66,146.95,34.68,27.84,38.63,8.89,24.02
2025-01-02 20:32:00,307.03,145.67,28.66,29.41,41.66,8.53,0.0
2025-01-02 20:33:00,312.31,142.47,21.17,31.55,49.76,13.91,17.84
2025-01-02 20:34:00,316.0,140.59,27.72,38.8,36.16,11.54,0.0
2025-01-02 20:35:00,257.17,136.77,24.32,40.19,31.76,6.48,0.0
2025-01-02 20:36:00,272.37,146.02,22.01,21.05,41.15,17.43,0.0
2025-01-02 20:37:00,322.73,138.36,26.15,27.51,35.05,14.93,44.3
2025-01-02 20:38:00,333.51,145.01,35.68,16.37,38.01,22.01,9.81
2025-01-02 20:39:00,298.45,143.57,26.0,21.84,40.37,12.21,0.0
2025-01-02 20:40:00,318.25,147.34,30.5,22.72,36.65,5.07,4.24
2025-01-02 20:41:00,313.38,143.42,21.74,34.31,33.98,14.28,11.53
2025-01-02 20:42:00,330.36,143.31,24.1,38.52,30.29,8.56,25.09
2025-01-02 20:43:00,345.5,147.55,28.53,30.29,44.81,18.33,15.62
2025-01-02 20:44:00,305.73,145.96,20.27,26.22,50.34,11.06,0.0
2025-01-02 20:45:00,345.2,145.89,39.96,29.06,46.81,22.8,0.0
2025-01-02 20:46:00,287.81,146.5,27.37,29.93,52.34,14.41,0.0
2025-01-02 20:47:00,290.84,138.48,18.75,29.6,32.79,12.48,4.22
2025-01-02 20:48:00,363.59,147.65,29.5,34.63,35.85,21.26,24.81
2025-01-02 20:49:00,283.23,147.07,32.39,35.03,44.46,19.4,13.04
2025-01-02 20:50:00,302.09,140.56,23.68,31.88,47.05,15.14,0.0
2025-01-02 20:51:00,345.94,143.65,29.22,31.07,49.1,12.46,20.67
2025-01-02 20:52:00,351.56,144.47,36.43,32.18,44.49,14.17,33.59
2025-01-02 20:53:00,275.25,144.09,27.73,18.91,40.38,15.27,0.0
2025-01-02 20:54:00,315.16,145.96,20.51,29.99,40.36,9.25,14.15
2025-01-02 20:55:00,314.01,150.35,30.45,29.95,43.87,7.61,0.0
2025-01-02 20:56:00,292.07,148.95,24.59,30.87,38.13,2.96,2.26
2025-01-02 20:57:00,294.41,139.38,34.71,26.79,49.04,9.23,16.59
2025-01-02 20:58:00,320.65,147.11,32.52,36.89,48.65,13.49,0.0
2025-01-02 20:59:00,319.51,149.94,18.94,27.51,38.88,14.5,0.0
2025-01-02 21:00:00,305.62,146.17,35.02,23.97,52.91,7.71,0.0
2025-01-02 21:01:00,327.12,148.99,31.96,17.44,47.59,20.65,3.77
2025-01-02 21:02:00,304.74,152.67,23.9,27.29,47.74,8.83,13.86
2025-01-02 21:03:00,304.18,148.72,23.18,38.47,36.05,10.85,0.0
2025-01-02 21:04:00,308.39,145.62,24.83,26.18,37.52,1.51,6.65
2025-01-02 21:05:00,337.91,148.8,32.5,38.87,36.41,12.41,3.52
2025-01-02 21:06:00,333.97,145.2,36.9,40.87,45.85,12.94,14.62
2025-01-02 21:07:00,292.35,144.72,26.62,38.21,27.73,5.74,0.6
2025-01-02 21:08:00,335.98,143.22,24.87,23.59,44.7,9.26,29.34
2025-01-02 21:09:00,289.16,150.88,28.55,24.25,42.66,6.65,0.0
2025-01-02 21:10:00,268.82,141.35,24.84,31.0,45.93,5.02,0.0
2025-01-02 21:11:00,323.5,150.75,32.95,27.38,46.61,6.64,5.93
2025-01-02 21:12:00,350.85,146.62,30.4,29.22,47.05,22.25,0.0
2025-01-02 21:13:00,395.83,139.03,33.45,37.79,37.61,19.08,36.87
2025-01-02 21:14:00,281.48,146.09,29.18,25.34,42.74,14.23,0.0
2025-01-02 21:15:00,274.35,136.22,22.17,26.42,43.94,4.27,35.75
2025-01-02 21:16:00,297.03,147.13,30.45,25.32,41.13,15.43,3.92
2025-01-02 21:17:00,317.99,148.16,30.24,26.34,46.48,18.99,4.18
2025-01-02 21:18:00,310.59,142.25,25.27,33.85,47.56,27.46,5.86
2025-01-02 21:19:00,295.28,145.12,25.46,26.46,37.09,15.86,7.06
2025-01-02 21:20:00,351.38,152.44,25.23,29.25,49.23,14.11,0.0
2025-01-02 21:21:00,283.84,142.6,21.12,24.42,35.07,19.22,9.26
2025-01-02 21:22:00,363.01,140.39,29.75,28.15,57.85,13.19,31.33
2025-01-02 21:23:00,319.63,150.55,29.38,32.66,48.5,3.51,24.95
2025-01-02 21:24:00,304.39,152.47,23.09,37.83,41.77,11.7,0.0
2025-01-02 21:25:00,309.6,144.64,24.81,19.29,44.75,20.02,11.41
2025-01-02 21:26:00,394.27,148.67,28.66,27.85,44.43,23.94,47.68
2025-01-02 21:27:00,310.64,149.99,23.13,32.07,38.87,6.91,0.0
2025-01-02 21:28:00,313.03,141.65,29.28,18.98,50.03,12.6,4.77
2025-01-02 21:29:00,302.2,142.68,25.95,31.1,45.91,5.25,0.0
2025-01-02 21:30:00,342.0,149.55,20.28,31.02,50.27,4.17,64.07
2025-01-02 21:31:00,271.16,151.36,18.9,24.49,36.57,7.12,9.5
2025-01-02 21:32:00,313.21,146.88,27.84,27.5,40.44,10.54,14.94
2025-01-02 21:33:00,286.77,141.1,28.06,27.83,41.14,11.01,0.0
2025-01-02 21:34:00,326.75,152.57,20.81,13.13,44.22,8.66,36.81
2025-01-02 21:35:00,269.83,142.5,26.0,27.74,44.39,23.83,4.75
2025-01-02 21:36:00,299.4,143.28,27.4,32.53,36.99,13.29,0.0
2025-01-02 21:37:00,313.62,145.99,21.64,27.88,49.58,11.26,0.0
2025-01-02 21:38:00,326.11,150.84,38.14,32.76,46.69,10.75,9.72
2025-01-02 21:39:00,305.22,148.04,24.54,34.0,49.28,8.76,0.0
2025-01-02 21:40:00,329.57,146.28,28.29,36.77,48.95,12.12,0.0
2025-01-02 21:41:00,367.62,146.48,33.61,38.4,42.09,14.67,40.02
2025-01-02 21:42:00,322.05,144.8,28.98,24.49,38.45,3.23,0.0
2025-01-02 21:43:00,324.92,146.86,35.46,25.95,44.83,13.12,0.0
2025-01-02 21:44:00,295.38,134.51,27.39,31.56,36.14,10.78,30.89
2025-01-02 21:45:00,372.36,143.44,34.21,32.19,48.61,11.05,0.0
2025-01-02 21:46:00,280.26,145.59,25.29,26.05,47.06,13.43,0.0
2025-01-02 21:47:00,286.46,140.02,22.41,26.03,40.14,11.48,0.0
2025-01-02 21:48:00,325.55,146.17,25.4,30.26,38.45,5.57,0.0
2025-01-02 21:49:00,355.74,143.81,34.21,24.93,50.1,10.62,7.79
2025-01-02 21:50:00,290.55,151.65,19.46,30.27,43.35,12.87,3.36
2025-01-02 21:51:00,314.61,150.92,27.09,33.33,37.97,22.94,28.52
2025-01-02 21:52:00,318.83,142.76,25.9,36.14,41.74,9.33,21.16
2025-01-02 21:53:00,326.91,144.02,21.26,28.2,49.37,9.75,0.0
2025-01-02 21:54:00,308.0,144.33,23.03,27.37,43.46,12.81,17.92
2025-01-02 21:55:00,300.37,142.82,19.81,26.69,40.55,3.82,12.78
2025-01-02 21:56:00,342.97,145.4,25.76,51.9,35.66,22.62,0.0
2025-01-02 21:57:00,271.82,141.59,31.77,41.93,43.87,0.89,0.0
2025-01-02 21:58:00,308.44,140.1,21.45,20.77,47.26,15.36,0.0
2025-01-02 21:59:00,321.2,147.11,31.2,30.7,54.65,0.0,0.0
2025-01-02 22:00:00,305.27,147.14,27.48,30.86,33.88,13.35,0.0
2025-01-02 22:01:00,303.54,141.41,20.1,30.88,33.18,3.7,35.92
2025-01-02 22:02:00,275.03,148.21,32.59,33.28,39.96,1.41,0.0
2025-01-02 22:03:00,290.0,142.1,24.43,31.41,41.6,7.47,0.0
2025-01-02 22:04:00,320.52,145.64,27.99,24.57,40.86,13.61,0.0
2025-01-02 22:05:00,319.56,147.91,28.32,34.82,34.44,9.44,18.48
2025-01-02 22:06:00,311.57,144.49,28.13,25.99,34.77,22.95,0.0
2025-01-02 22:07:00,348.3,146.44,31.02,25.16,45.96,8.18,25.44
2025-01-02 22:08:00,312.99,142.56,25.95,26.05,40.71,9.54,14.36
2025-01-02 22:09:00,316.66,143.84,18.25,23.63,43.81,18.13,0.0
2025-01-02 22:10:00,275.74,143.8,28.22,21.02,42.39,8.8,0.0
2025-01-02 22:11:00,322.34,141.64,30.53,32.45,43.1,13.82,24.56
2025-01-02 22:12:00,322.45,143.92,27.01,37.23,43.61,10.5,6.94
2025-01-02 22:13:00,313.18,138.43,30.82,21.67,40.07,7.5,26.1
2025-01-02 22:14:00,306.35,142.66,33.0,29.91,44.34,10.19,0.0
2025-01-02 22:15:00,701.73,143.48,29.09,25.51,38.19,2.63,17.61
2025-01-02 22:16:00,391.44,143.6,23.51,35.5,45.15,9.91,71.95
2025-01-02 22:17:00,284.01,143.66,19.46,32.32,43.87,9.16,15.6
2025-01-02 22:18:00,247.64,144.38,22.43,14.96,33.0,11.09,10.41
2025-01-02 22:19:00,320.53,146.54,34.52,24.57,36.46,29.47,13.46
2025-01-02 22:20:00,302.7,148.12,28.69,24.72,37.91,14.86,31.35
2025-01-02 22:21:00,338.99,142.02,20.68,26.06,51.86,13.75,47.45
2025-01-02 22:22:00,337.86,139.81,27.59,34.04,40.69,9.86,12.2
2025-01-02 22:23:00,284.8,140.46,29.29,20.85,37.22,10.12,0.0
2025-01-02 22:24:00,340.38,142.68,28.66,26.89,42.98,10.4,10.17
2025-01-02 22:25:00,360.66,143.22,28.92,27.12,41.61,12.97,0.0
2025-01-02 22:26:00,266.97,141.54,29.93,29.86,42.03,8.82,0.0
2025-01-02 22:27:00,317.77,139.44,32.74,29.69,40.56,12.1,5.17
2025-01-02 22:28:00,290.36,142.8,30.09,16.0,46.82,7.64,0.0
2025-01-02 22:29:00,330.88,145.35,24.21,34.49,39.58,14.87,20.95
2025-01-02 22:30:00,337.1,147.0,33.69,23.76,37.35,14.86,16.28
2025-01-02 22:31:00,258.89,142.39,22.39,25.91,40.94,4.79,0.0
2025-01-02 22:32:00,345.29,142.97,34.38,44.56,33.58,11.89,0.0
2025-01-02 22:33:00,294.57,140.92,29.96,34.88,45.73,5.33,0.0
2025-01-02 22:34:00,298.59,144.5,33.01,28.19,37.6,14.66,0.0
2025-01-02 22:35:00,367.44,141.23,35.77,32.64,56.79,14.16,34.27
2025-01-02 22:36:00,287.91,146.92,25.87,27.63,29.46,14.47,8.03
2025-01-02 22:37:00,284.64,137.48,29.89,28.08,40.61,11.59,25.41
2025-01-02 22:38:00,326.31,143.19,26.19,24.47,48.95,7.58,0.0
2025-01-02 22:39:00,320.28,145.83,30.11,31.2,40.48,15.13,0.0
2025-01-02 22:40:00,347.0,145.36,35.45,36.29,38.69,13.48,8.91
2025-01-02 22:41:00,313.55,155.4,24.73,12.1,43.95,12.29,41.83
2025-01-02 22:42:00,301.86,146.02,31.77,37.79,31.0,11.73,7.09
2025-01-02 22:43:00,327.19,140.61,31.2,33.26,46.89,12.55,9.07
2025-01-02 22:44:00,297.44,144.24,21.74,29.34,42.96,8.91,0.0
2025-01-02 22:45:00,319.98,137.52,34.66,19.58,46.5,12.17,2.71
2025-01-02 22:46:00,331.97,144.3,39.43,38.45,46.02,23.13,7.56
2025-01-02 22:47:00,285.73,141.29,20.71,34.1,36.74,8.9,3.91
2025-01-02 22:48:00,281.04,148.29,26.17,30.25,38.42,11.39,0.0
2025-01-02 22:49:00,358.32,142.43,24.54,29.9,38.3,12.56,34.55
2025-01-02 22:50:00,299.86,144.16,29.49,39.02,42.6,16.77,1.22
2025-01-02 22:51:00,312.06,142.08,25.16,25.56,41.14,7.78,38.43
2025-01-02 22:52:00,392.44,151.58,38.46,35.6,38.9,7.71,36.8
2025-01-02 22:53:00,288.78,143.34,28.22,26.7,43.46,1.85,0.0
2025-01-02 22:54:00,312.57,151.95,29.66,32.0,44.71,11.64,0.0
2025-01-02 22:55:00,317.19,147.88,23.86,36.44,44.89,9.85,0.0
2025-01-02 22:56:00,343.9,146.55,29.25,28.5,42.07,22.02,21.28
2025-01-02 22:57:00,312.02,146.1,29.04,29.05,43.95,13.96,6.56
2025-01-02 22:58:00,284.37,146.2,21.12,28.72,40.6,7.05,0.0
2025-01-02 22:59:00,314.3,136.91,33.51,37.62,49.3,28.43,0.0
2025-01-02 23:00:00,311.74,143.51,5.07,30.8,40.94,7.19,0.0
2025-01-02 23:01:00,260.75,148.0,9.01,25.35,52.48,0.0,0.0
2025-01-02 23:02:00,298.33,144.43,5.0,20.62,47.35,0.0,0.07
2025-01-02 23:03:00,302.58,139.0,10.28,30.16,41.33,6.88,0.0
2025-01-02 23:04:00,255.0,144.41,6.54,32.78,37.81,0.0,13.0
2025-01-02 23:05:00,296.26,151.44,11.78,32.27,47.84,0.19,7.77
2025-01-02 23:06:00,329.07,149.61,6.03,24.6,36.81,4.15,35.98
2025-01-02 23:07:00,286.74,144.38,19.48,24.3,38.67,0.0,30.68
2025-01-02 23:08:00,335.47,148.43,15.98,30.27,36.83,3.42,27.74
2025-01-02 23:09:00,288.25,143.16,10.52,22.23,40.79,4.57,0.0
2025-01-02 23:10:00,291.3,137.81,13.18,16.75,51.27,0.0,17.29
2025-01-02 23:11:00,236.91,140.93,5.0,28.6,35.93,12.43,0.0
2025-01-02 23:12:00,287.9,150.88,5.0,28.72,41.28,3.71,0.0
2025-01-02 23:13:00,311.69,143.53,10.81,21.42,47.08,3.03,0.0
2025-01-02 23:14:00,280.9,143.65,7.17,40.35,36.26,6.78,0.0
2025-01-02 23:15:00,277.22,143.42,5.0,36.16,43.28,2.69,5.96
2025-01-02 23:16:00,281.73,152.24,15.61,39.2,35.27,0.0,0.0
2025-01-02 23:17:00,311.06,151.13,15.26,35.56,48.73,6.44,0.0
2025-01-02 23:18:00,311.74,153.5,5.0,25.18,46.76,0.0,23.55
2025-01-02 23:19:00,293.43,143.99,13.6,30.96,38.89,9.04,0.0
2025-01-02 23:20:00,276.56,145.81,5.0,33.82,38.32,2.1,0.0
2025-01-02 23:21:00,317.87,138.56,17.01,27.69,56.41,9.16,1.58
2025-01-02 23:22:00,262.52,150.53,15.97,32.48,43.2,2.25,0.0
2025-01-02 23:23:00,272.33,139.95,5.0,34.03,51.1,7.58,8.17
2025-01-02 23:24:00,265.95,145.49,13.19,21.39,44.49,4.16,0.0
2025-01-02 23:25:00,244.27,140.23,7.14,10.73,39.96,1.58,0.0
2025-01-02 23:26:00,245.21,142.27,5.0,34.33,44.54,0.0,0.0
2025-01-02 23:27:00,345.85,141.27,5.0,40.22,38.33,9.67,16.25
2025-01-02 23:28:00,291.32,142.19,9.49,32.41,36.68,0.99,26.62
2025-01-02 23:29:00,315.23,142.47,5.52,40.73,46.29,0.0,0.0
2025-01-02 23:30:00,270.86,142.43,6.62,35.31,41.97,0.29,0.0
2025-01-02 23:31:00,255.77,147.96,5.0,30.35,40.59,15.52,0.0
2025-01-02 23:32:00,272.63,140.2,10.32,31.85,36.7,0.0,0.0
2025-01-02 23:33:00,350.95,145.51,16.01,29.26,40.98,2.88,33.5
2025-01-02 23:34:00,301.05,149.5,5.0,36.34,41.61,4.36,29.92
2025-01-02 23:35:00,306.05,142.57,10.71,18.17,45.04,0.03,44.14
2025-01-02 23:36:00,254.83,141.75,19.32,28.39,35.94,3.03,14.67
2025-01-02 23:37:00,255.21,143.7,9.91,34.14,25.98,0.0,0.0
2025-01-02 23:38:00,275.46,149.34,5.0,29.03,49.01,4.57,0.0
2025-01-02 23:39:00,285.55,145.4,10.48,35.73,45.56,1.43,4.01
2025-01-02 23:40:00,262.08,142.5,7.7,29.92,40.42,5.88,1.45
2025-01-02 23:41:00,265.78,146.56,6.0,25.38,38.99,9.63,0.0
2025-01-02 23:42:00,286.72,140.21,12.44,28.27,52.26,9.25,35.95
2025-01-02 23:43:00,295.23,147.35,5.93,38.27,45.74,5.51,0.0
2025-01-02 23:44:00,299.02,146.26,5.0,43.3,52.24,0.0,0.0
2025-01-02 23:45:00,291.76,143.39,10.96,24.29,46.51,0.0,33.0
2025-01-02 23:46:00,265.87,141.27,11.35,26.42,38.83,8.2,4.13
2025-01-02 23:47:00,259.14,141.08,11.3,30.79,38.34,1.06,0.0
2025-01-02 23:48:00,250.05,146.76,13.74,30.48,33.52,8.25,3.32
2025-01-02 23:49:00,1006.21,149.54,9.57,19.97,40.95,8.65,0.0
2025-01-02 23:50:00,273.73,142.07,12.38,38.23,46.33,0.0,3.76
2025-01-02 23:51:00,320.16,146.46,8.49,29.19,38.25,0.19,18.59
2025-01-02 23:52:00,266.65,136.28,5.0,28.99,42.51,11.54,0.49
2025-01-02 23:53:00,280.57,142.29,6.03,37.58,43.58,0.0,3.27
2025-01-02 23:54:00,298.93,144.5,5.0,25.09,43.62,7.64,23.64
2025-01-02 23:55:00,300.51,140.99,16.37,28.4,52.79,4.35,0.0
2025-01-02 23:56:00,263.54,140.88,8.15,38.22,40.34,0.0,17.38
2025-01-02 23:57:00,297.23,141.95,5.0,25.64,30.1,0.0,0.0
2025-01-02 23:58:00,264.98,145.79,5.0,35.26,46.62,0.0,2.44
2025-01-02 23:59:00,299.88,143.87,5.5,40.39,37.33,0.0,33.39
2025-01-03 00:00:00,284.09,127.56,16.45,31.49,6.75,0.0,27.94
2025-01-03 00:01:00,193.73,128.03,5.0,18.8,4.75,3.15,0.0
2025-01-03 00:02:00,233.38,134.08,14.2,35.14,6.54,6.62,0.88
2025-01-03 00:03:00,239.61,138.34,12.35,31.0,12.4,0.0,0.0
2025-01-03 00:04:00,241.29,125.52,7.12,29.96,0.68,5.2,5.69
2025-01-03 00:05:00,210.94,134.51,9.17,23.45,8.7,11.57,5.28
2025-01-03 00:06:00,293.24,134.4,12.08,35.86,12.21,0.0,18.45
2025-01-03 00:07:00,217.87,142.06,10.62,33.65,0.0,0.42,1.83
2025-01-03 00:08:00,174.0,134.97,7.19,39.21,5.95,0.0,0.0
2025-01-03 00:09:00,248.76,138.04,9.28,39.67,0.76,1.25,4.19
2025-01-03 00:10:00,185.82,137.07,7.61,25.72,13.67,0.0,0.0
2025-01-03 00:11:00,225.55,127.99,6.94,29.52,0.0,11.84,0.99
2025-01-03 00:12:00,244.42,139.58,7.17,33.86,0.0,1.32,0.0
2025-01-03 00:13:00,218.49,137.37,5.0,30.37,0.0,0.0,0.0
2025-01-03 00:14:00,217.92,138.54,5.61,30.14,0.0,7.61,5.5
2025-01-03 00:15:00,248.22,152.21,5.0,23.34,3.27,6.06,5.59
2025-01-03 00:16:00,305.05,128.17,5.0,27.15,1.39,2.1,29.32
2025-01-03 00:17:00,257.5,143.41,5.9,26.95,0.0,3.0,20.53
2025-01-03 00:18:00,216.3,135.36,5.76,27.91,0.0,0.0,0.0
2025-01-03 00:19:00,222.22,137.66,10.34,28.08,0.0,15.0,0.0
2025-01-03 00:20:00,234.18,136.33,8.8,32.76,6.15,4.71,0.0
2025-01-03 00:21:00,218.28,134.81,5.0,22.47,0.0,10.84,0.0
2025-01-03 00:22:00,204.76,134.23,5.0,29.64,0.0,2.76,0.0
2025-01-03 00:23:00,228.67,137.83,7.02,22.55,0.0,0.0,0.0
2025-01-03 00:24:00,246.24,130.44,12.75,26.18,10.99,3.14,0.0
2025-01-03 00:25:00,302.62,139.51,13.73,38.81,7.2,0.0,0.0
2025-01-03 00:26:00,189.62,134.84,5.1,37.75,0.0,3.53,1.98
2025-01-03 00:27:00,269.03,131.99,8.48,27.77,13.9,7.17,0.0
2025-01-03 00:28:00,233.48,134.71,12.39,32.25,7.01,3.5,0.0
2025-01-03 00:29:00,234.73,141.54,9.96,23.78,1.04,11.0,29.85
2025-01-03 00:30:00,234.7,134.37,5.0,25.42,8.83,7.45,0.0
2025-01-03 00:31:00,236.27,137.94,6.15,35.16,3.23,1.66,0.0
2025-01-03 00:32:00,243.24,133.58,8.83,21.56,0.0,7.01,2.3
2025-01-03 00:33:00,213.02,139.54,10.16,23.15,1.73,2.57,0.0
2025-01-03 00:34:00,248.31,139.25,7.63,40.25,1.09,5.47,0.0
2025-01-03 00:35:00,274.46,143.9,15.61,38.22,0.7,6.5,0.0
2025-01-03 00:36:00,195.31,135.81,6.01,23.32,7.46,1.4,0.0
2025-01-03 00:37:00,252.54,139.18,6.73,25.24,10.07,10.32,0.0
2025-01-03 00:38:00,243.12,136.9,11.37,21.56,16.21,10.04,0.0
2025-01-03 00:39:00,237.73,141.69,5.0,29.18,0.0,6.52,23.62
2025-01-03 00:40:00,242.55,133.63,9.68,33.66,9.53,0.0,0.0
2025-01-03 00:41:00,268.53,139.49,5.0,42.64,6.05,0.0,0.0
2025-01-03 00:42:00,227.47,135.73,12.58,22.95,0.0,7.93,29.69
2025-01-03 00:43:00,215.31,136.25,5.0,28.88,4.84,0.0,0.0
2025-01-03 00:44:00,247.52,136.88,5.0,33.93,0.0,1.82,0.0
2025-01-03 00:45:00,187.74,137.52,8.8,32.67,0.0,8.59,0.0
2025-01-03 00:46:00,183.28,136.04,5.5,32.1,0.49,10.22,0.0
2025-01-03 00:47:00,238.53,137.37,7.16,33.19,11.0,11.32,0.0
2025-01-03 00:48:00,225.73,142.82,8.64,21.27,0.0,5.21,22.62
2025-01-03 00:49:00,238.25,140.45,10.5,28.4,0.0,0.0,0.0
2025-01-03 00:50:00,238.76,139.98,10.34,36.72,1.01,4.4,0.0
2025-01-03 00:51:00,244.93,134.69,5.0,25.41,0.0,12.35,0.0
2025-01-03 00:52:00,235.66,132.95,9.84,30.53,0.0,0.0,33.9
2025-01-03 00:53:00,244.25,140.33,16.32,17.47,10.03,0.9,0.0
2025-01-03 00:54:00,251.11,140.01,5.0,24.74,10.7,0.0,0.0
2025-01-03 00:55:00,231.23,142.4,5.0,29.66,0.0,4.9,15.91
2025-01-03 00:56:00,209.56,134.09,13.65,34.89,0.0,0.0,8.49
2025-01-03 00:57:00,288.79,135.59,10.34,26.19,11.94,0.0,37.33
2025-01-03 00:58:00,226.5,129.95,5.49,33.76,3.57,6.7,17.94
2025-01-03 00:59:00,236.48,134.94,7.21,12.82,6.15,0.0,0.0
2025-01-03 01:00:00,259.45,140.49,13.37,37.44,2.43,12.94,0.0
2025-01-03 01:01:00,277.43,134.64,9.97,29.58,4.51,10.09,8.14
2025-01-03 01:02:00,215.96,139.07,6.16,39.08,0.0,0.0,0.0
2025-01-03 01:03:00,212.8,135.75,6.26,33.79,0.0,0.0,2.6
2025-01-03 01:04:00,234.2,137.8,6.36,32.29,0.0,0.0,0.0
2025-01-03 01:05:00,230.32,131.92,9.56,30.62,1.0,8.96,0.0
2025-01-03 01:06:00,244.28,136.85,8.87,16.87,5.17,13.35,23.52
2025-01-03 01:07:00,265.34,124.54,5.06,25.54,3.32,1.21,43.87
2025-01-03 01:08:00,239.96,135.76,6.41,32.85,0.0,1.88,9.99
2025-01-03 01:09:00,245.8,129.99,5.0,38.38,4.65,9.99,0.0
2025-01-03 01:10:00,250.92,141.33,14.11,35.21,0.0,3.9,34.03
2025-01-03 01:11:00,231.09,139.62,14.7,24.88,0.0,1.23,20.48
2025-01-03 01:12:00,236.55,138.37,21.05,29.43,1.71,0.7,0.0
2025-01-03 01:13:00,271.79,142.59,9.57,43.01,9.18,7.79,0.0
2025-01-03 01:14:00,225.04,132.71,6.91,28.06,0.0,0.0,0.0
2025-01-03 01:15:00,212.93,143.5,8.93,25.86,0.0,1.63,0.0
2025-01-03 01:16:00,268.37,140.24,5.37,26.28,9.3,15.68,0.0
2025-01-03 01:17:00,190.55,135.56,5.0,20.84,1.71,0.0,0.0
2025-01-03 01:18:00,252.47,141.05,8.83,28.56,7.73,4.22,8.6
2025-01-03 01:19:00,262.46,132.08,5.0,32.3,3.47,0.0,0.0
2025-01-03 01:20:00,239.98,133.21,10.46,28.85,3.95,0.0,0.0
2025-01-03 01:21:00,260.27,134.07,8.52,39.29,8.62,0.0,0.0
2025-01-03 01:22:00,212.12,134.39,13.2,20.05,3.47,0.0,2.92
2025-01-03 01:23:00,244.93,132.28,9.99,21.36,0.6,1.98,0.0
2025-01-03 01:24:00,264.55,141.4,8.84,30.34,1.66,1.85,30.3
2025-01-03 01:25:00,222.2,135.47,5.0,31.22,0.0,0.17,0.0
2025-01-03 01:26:00,220.82,137.92,5.0,38.37,6.16,3.75,0.0
2025-01-03 01:27:00,210.38,134.23,11.96,33.66,0.0,5.18,7.19
2025-01-03 01:28:00,234.36,129.23,11.23,36.37,10.21,0.0,0.0
2025-01-03 01:29:00,291.27,137.59,15.93,28.77,13.21,8.14,22.02
2025-01-03 01:30:00,242.18,128.86,5.0,41.59,0.0,10.01,7.2
2025-01-03 01:31:00,230.26,136.23,5.0,31.09,0.0,1.96,0.0
2025-01-03 01:32:00,242.5,131.03,5.0,32.81,4.54,1.27,0.0
2025-01-03 01:33:00,226.32,144.46,5.0,30.07,0.0,7.27,0.0
2025-01-03 01:34:00,208.03,140.15,5.0,26.47,2.87,10.92,10.43
2025-01-03 01:35:00,216.09,136.93,10.32,35.29,1.0,0.0,0.0
2025-01-03 01:36:00,240.99,141.56,5.0,28.72,3.69,0.0,13.28
2025-01-03 01:37:00,260.39,133.12,10.83,33.52,0.0,0.0,14.81
2025-01-03 01:38:00,245.73,138.68,6.14,26.79,0.61,9.04,0.0
2025-01-03 01:39:00,229.7,137.31,21.64,23.07,0.65,0.0,0.0
2025-01-03 01:40:00,270.35,137.56,7.26,28.72,0.34,15.94,12.19
2025-01-03 01:41:00,259.28,141.6,17.36,22.98,5.83,0.0,14.16
2025-01-03 01:42:00,219.62,139.44,5.0,31.92,0.0,0.0,23.86
2025-01-03 01:43:00,271.59,137.66,12.07,22.96,0.0,12.45,14.49
2025-01-03 01:44:00,233.82,129.89,10.5,34.13,4.85,0.0,0.0
2025-01-03 01:45:00,247.01,132.67,14.49,22.98,0.0,8.64,0.0
2025-01-03 01:46:00,250.27,136.02,7.5,23.21,0.0,10.55,14.86
2025-01-03 01:47:00,225.75,136.88,6.3,28.67,3.04,2.75,0.0
2025-01-03 01:48:00,207.07,131.99,6.17,27.75,0.05,0.0,0.0
2025-01-03 01:49:00,269.9,146.15,5.0,33.31,0.0,1.09,0.0
2025-01-03 01:50:00,313.31,142.57,14.77,32.28,2.9,3.02,55.27
2025-01-03 01:51:00,230.63,138.92,5.0,25.65,0.0,0.0,0.0
2025-01-03 01:52:00,238.13,136.8,9.32,33.28,0.0,5.87,0.0
2025-01-03 01:53:00,269.68,135.66,6.36,37.91,3.42,5.67,35.04
2025-01-03 01:54:00,277.65,132.7,9.57,34.61,6.72,0.0,18.24
2025-01-03 01:55:00,230.6,136.82,5.0,36.47,7.21,5.89,13.14
2025-01-03 01:56:00,223.38,137.54,17.82,30.0,0.0,0.0,0.0
2025-01-03 01:57:00,247.41,131.54,12.86,30.21,0.08,4.79,0.0
2025-01-03 01:58:00,237.84,137.84,17.8,31.92,3.25,0.0,0.0
2025-01-03 01:59:00,240.72,135.89,8.59,35.28,2.92,7.8,0.0
2025-01-03 02:00:00,260.49,128.88,8.19,30.56,7.94,1.08,18.15
2025-01-03 02:01:00,267.91,133.07,6.67,35.95,0.0,8.88,0.0
2025-01-03 02:02:00,235.1,134.85,9.87,33.09,0.0,12.17,0.0
2025-01-03 02:03:00,254.79,144.06,5.92,36.75,0.06,7.67,1.7
2025-01-03 02:04:00,283.84,138.73,10.82,34.52,2.95,0.0,19.01
2025-01-03 02:05:00,263.73,131.17,7.23,25.79,2.67,0.0,6.03
2025-01-03 02:06:00,218.12,138.45,5.0,24.84,0.0,14.21,7.78
2025-01-03 02:07:00,217.56,130.32,18.06,30.27,0.0,11.06,0.0
2025-01-03 02:08:00,237.55,140.84,15.28,30.66,4.52,0.0,0.0
2025-01-03 02:09:00,223.56,134.62,16.89,26.39,0.1,0.27,0.0
2025-01-03 02:10:00,278.42,136.13,15.7,39.25,4.64,0.0,21.05
2025-01-03 02:11:00,233.65,141.81,5.0,32.26,0.0,0.0,0.0
2025-01-03 02:12:00,229.54,131.36,8.4,32.73,7.01,0.0,1.99
2025-01-03 02:13:00,253.07,130.92,8.21,37.82,1.24,0.0,20.93
2025-01-03 02:14:00,240.98,134.17,14.82,28.51,0.0,0.0,11.82
2025-01-03 02:15:00,233.36,140.66,5.31,37.23,1.07,5.25,0.0
2025-01-03 02:16:00,206.45,130.43,5.0,34.43,5.32,1.23,0.0
2025-01-03 02:17:00,291.41,125.18,5.0,32.39,0.76,1.71,37.91
2025-01-03 02:18:00,207.98,134.7,5.0,24.74,0.0,2.08,0.0
2025-01-03 02:19:00,204.25,138.72,12.3,34.23,6.33,10.79,2.23
2025-01-03 02:20:00,289.47,141.31,5.0,38.84,2.01,8.69,26.4
2025-01-03 02:21:00,221.63,134.66,7.77,38.25,0.0,0.0,0.0
2025-01-03 02:22:00,233.05,134.86,16.61,30.54,0.0,0.0,5.11
2025-01-03 02:23:00,240.01,141.12,15.52,36.08,0.0,6.65,0.0
2025-01-03 02:24:00,247.28,129.03,8.91,27.87,9.46,0.0,25.05
2025-01-03 02:25:00,223.88,134.95,5.0,24.07,0.0,13.03,23.47
2025-01-03 02:26:00,263.6,137.27,5.64,43.17,10.3,7.39,0.0
2025-01-03 02:27:00,213.87,138.31,5.0,33.17,0.0,0.0,0.91
2025-01-03 02:28:00,233.73,134.47,8.62,31.41,0.0,8.38,10.0
2025-01-03 02:29:00,268.49,136.65,5.0,34.29,3.44,0.0,33.19
2025-01-03 02:30:00,240.85,126.55,14.94,28.24,0.0,0.0,16.92
2025-01-03 02:31:00,239.9,133.88,5.0,34.13,6.56,0.0,0.0
2025-01-03 02:32:00,263.42,138.32,5.0,34.98,12.53,4.95,6.69
2025-01-03 02:33:00,266.55,132.58,5.0,24.9,2.88,6.33,16.26
2025-01-03 02:34:00,255.65,136.74,13.83,42.6,0.0,22.69,0.0
2025-01-03 02:35:00,200.51,138.3,5.0,27.95,0.0,2.62,0.0
2025-01-03 02:36:00,231.79,135.14,5.0,29.73,0.0,10.55,0.0
2025-01-03 02:37:00,254.8,137.19,5.0,31.21,0.0,0.32,0.0
2025-01-03 02:38:00,192.59,132.66,8.83,29.23,14.15,1.76,0.0
2025-01-03 02:39:00,221.39,135.68,5.0,32.58,5.28,0.0,0.0
2025-01-03 02:40:00,251.84,138.95,14.34,34.47,6.24,1.59,0.0
2025-01-03 02:41:00,275.85,137.14,16.53,32.19,2.63,7.54,0.0
2025-01-03 02:42:00,259.04,134.16,18.42,33.71,2.77,5.92,6.89
2025-01-03 02:43:00,238.43,137.41,7.19,30.72,7.3,0.0,13.71
2025-01-03 02:44:00,249.66,139.37,14.65,32.9,6.81,0.0,8.31
2025-01-03 02:45:00,191.43,128.31,8.33,34.3,0.27,0.0,0.0
2025-01-03 02:46:00,256.0,141.14,13.25,28.45,11.61,0.0,0.0
2025-01-03 02:47:00,212.57,135.16,7.65,25.2,0.98,0.0,1.75
2025-01-03 02:48:00,228.24,138.21,9.37,26.31,11.67,6.05,0.0
2025-01-03 02:49:00,250.12,141.3,13.1,34.92,0.0,3.88,11.45
2025-01-03 02:50:00,243.66,131.02,5.0,43.11,0.0,9.16,0.0
2025-01-03 02:51:00,198.71,133.67,5.0,22.14,0.0,1.99,0.0
2025-01-03 02:52:00,215.48,135.35,5.19,39.84,2.26,6.1,0.0
2025-01-03 02:53:00,244.9,133.37,5.0,36.79,22.41,0.87,0.0
2025-01-03 02:54:00,270.57,143.45,13.98,29.26,17.58,0.0,28.63
2025-01-03 02:55:00,263.58,133.08,14.71,25.26,7.2,0.32,9.49
2025-01-03 02:56:00,239.73,134.29,6.78,28.84,6.24,4.49,0.0
2025-01-03 02:57:00,230.62,137.33,8.58,29.71,0.0,0.0,36.12
2025-01-03 02:58:00,224.79,131.7,8.72,24.45,15.93,0.0,0.0
2025-01-03 02:59:00,217.21,134.93,7.77,26.51,0.0,6.96,1.79
2025-01-03 03:00:00,224.09,137.78,5.0,25.37,0.0,11.23,0.0
2025-01-03 03:01:00,246.55,135.18,5.0,23.43,0.0,0.0,51.89
2025-01-03 03:02:00,247.9,136.13,5.0,35.82,5.76,0.0,0.0
2025-01-03 03:03:00,208.4,134.39,5.0,12.97,0.0,9.54,18.07
2025-01-03 03:04:00,208.2,130.45,11.13,33.36,0.0,0.18,27.72
2025-01-03 03:05:00,261.63,137.79,7.59,24.35,0.0,13.73,0.0
2025-01-03 03:06:00,256.57,143.53,6.84,41.62,7.78,2.18,6.55
2025-01-03 03:07:00,251.44,136.58,5.0,31.47,9.63,0.0,21.5
2025-01-03 03:08:00,227.96,137.41,6.83,35.17,0.0,0.0,23.5
2025-01-03 03:09:00,199.28,139.28,14.71,33.43,0.0,0.0,0.0
2025-01-03 03:10:00,253.63,131.43,10.38,32.81,5.97,11.04,0.0
2025-01-03 03:11:00,213.74,143.32,9.68,31.45,4.99,0.0,1.36
2025-01-03 03:12:00,226.6,137.32,8.92,25.67,6.3,0.0,0.0
2025-01-03 03:13:00,207.57,143.04,11.78,29.98,6.99,0.0,0.0
2025-01-03 03:14:00,240.2,133.58,13.92,30.77,0.0,1.95,0.0
2025-01-03 03:15:00,261.04,143.78,15.35,36.71,6.26,3.98,11.95
2025-01-03 03:16:00,234.57,139.61,5.0,33.72,5.86,2.66,6.87
2025-01-03 03:17:00,244.67,138.72,5.0,33.05,14.59,0.0,8.09
2025-01-03 03:18:00,235.2,137.44,15.79,26.67,1.52,3.38,0.0
2025-01-03 03:19:00,212.4,135.51,5.0,44.35,0.0,0.27,0.0
2025-01-03 03:20:00,230.82,141.31,9.47,23.35,5.82,5.27,0.0
2025-01-03 03:21:00,224.92,137.07,8.57,34.26,3.11,1.46,0.0
2025-01-03 03:22:00,243.2,128.64,9.42,37.73,4.11,12.97,9.24
2025-01-03 03:23:00,272.69,132.04,5.91,29.09,0.0,7.37,23.15
2025-01-03 03:24:00,260.83,135.76,10.55,28.69,1.5,2.49,0.0
2025-01-03 03:25:00,274.77,137.75,6.92,29.0,4.03,4.96,19.48
2025-01-03 03:26:00,233.16,136.28,7.11,19.52,5.55,5.33,0.0
2025-01-03 03:27:00,268.82,141.38,5.26,27.68,0.63,3.36,29.17
2025-01-03 03:28:00,196.55,128.7,11.85,21.32,8.34,0.0,14.82
2025-01-03 03:29:00,212.48,137.08,5.0,33.77,0.0,0.0,0.0
2025-01-03 03:30:00,279.35,129.24,14.63,32.83,9.63,3.83,22.37
2025-01-03 03:31:00,230.22,139.55,5.9,35.98,0.0,0.0,14.69
2025-01-03 03:32:00,254.24,136.13,7.17,35.24,12.33,11.99,0.0
2025-01-03 03:33:00,211.11,138.19,5.0,20.65,0.0,3.03,0.0
2025-01-03 03:34:00,248.23,133.05,5.0,37.02,4.2,0.0,19.32
2025-01-03 03:35:00,255.04,141.63,5.61,30.56,2.52,15.37,0.0
2025-01-03 03:36:00,282.08,140.68,5.0,34.07,13.61,6.98,11.26
2025-01-03 03:37:00,229.2,138.84,7.1,29.52,1.4,1.58,3.84
2025-01-03 03:38:00,263.51,135.99,5.0,30.39,0.0,0.0,17.78
2025-01-03 03:39:00,173.86,138.83,5.0,26.57,3.47,0.0,0.0
2025-01-03 03:40:00,258.08,133.68,17.91,24.51,4.06,3.54,0.0
2025-01-03 03:41:00,246.12,139.93,5.95,35.8,0.0,14.13,0.0
2025-01-03 03:42:00,288.02,143.11,21.79,25.67,12.73,0.0,0.0
2025-01-03 03:43:00,208.27,140.79,5.86,21.5,3.37,0.0,0.0
2025-01-03 03:44:00,240.36,133.59,10.85,33.21,0.1,0.0,6.71
2025-01-03 03:45:00,232.28,137.95,5.0,31.33,0.0,6.98,0.0
2025-01-03 03:46:00,246.69,131.34,13.53,23.26,11.7,2.28,0.0
2025-01-03 03:47:00,246.19,138.8,6.78,32.16,2.53,0.0,0.0
2025-01-03 03:48:00,213.45,138.31,5.0,27.32,11.49,0.0,0.0
2025-01-03 03:49:00,230.73,129.03,5.0,26.84,0.0,8.04,19.8
2025-01-03 03:50:00,288.56,131.86,8.78,23.45,4.82,3.41,41.96
2025-01-03 03:51:00,193.91,135.38,5.0,44.48,0.0,0.0,0.0
2025-01-03 03:52:00,274.87,135.3,6.95,30.14,7.48,0.0,0.0
2025-01-03 03:53:00,254.17,131.67,11.7,29.85,0.0,3.12,10.54
2025-01-03 03:54:00,257.81,138.06,7.13,31.33,1.19,4.21,0.0
2025-01-03 03:55:00,253.53,137.51,14.92,33.41,8.1,0.0,11.71
2025-01-03 03:56:00,221.86,135.73,8.69,21.29,5.96,0.03,0.0
2025-01-03 03:57:00,191.22,133.49,12.18,29.57,1.9,3.83,0.0
2025-01-03 03:58:00,204.52,140.7,12.39,45.16,0.0,0.35,0.0
2025-01-03 03:59:00,246.59,143.13,11.49,31.3,0.0,0.0,0.0
2025-01-03 04:00:00,224.3,134.57,5.0,26.42,0.0,0.0,0.0
2025-01-03 04:01:00,233.01,134.06,6.12,21.78,3.76,2.49,15.06
2025-01-03 04:02:00,277.01,138.47,7.45,36.99,0.0,3.41,48.14
2025-01-03 04:03:00,239.99,135.08,6.89,34.89,3.82,2.01,0.0
2025-01-03 04:04:00,211.82,135.95,9.65,32.2,0.0,2.48,0.0
2025-01-03 04:05:00,259.54,139.47,5.0,37.13,14.13,0.0,22.95
2025-01-03 04:06:00,267.36,128.87,12.28,25.69,4.11,12.93,8.59
2025-01-03 04:07:00,288.73,141.78,21.08,34.38,12.7,0.0,17.49
2025-01-03 04:08:00,211.43,136.8,6.82,36.55,0.13,2.17,0.0
2025-01-03 04:09:00,238.51,134.86,15.48,26.67,0.0,7.4,0.0
2025-01-03 04:10:00,275.58,136.15,8.39,37.39,0.0,4.12,32.65
2025-01-03 04:11:00,287.53,136.36,5.91,24.06,10.48,2.42,22.09
2025-01-03 04:12:00,219.17,129.58,7.08,36.12,0.0,10.15,0.0
2025-01-03 04:13:00,274.44,142.49,13.05,28.15,2.15,0.0,25.19
2025-01-03 04:14:00,199.67,136.67,6.7,21.66,0.0,0.0,0.0
2025-01-03 04:15:00,249.9,138.28,5.0,36.05,0.46,0.0,0.01
2025-01-03 04:16:00,237.33,140.31,5.0,31.04,3.68,0.0,22.65
2025-01-03 04:17:00,241.5,132.42,5.0,32.76,0.82,0.0,34.02
2025-01-03 04:18:00,215.3,138.4,10.02,26.74,0.0,9.69,0.0
2025-01-03 04:19:00,273.18,135.44,6.84,26.41,13.1,2.08,13.32
2025-01-03 04:20:00,303.57,139.9,7.01,25.93,0.0,12.21,33.28
2025-01-03 04:21:00,241.28,128.0,6.06,36.32,1.14,0.0,8.18
2025-01-03 04:22:00,237.28,136.11,16.32,30.16,0.93,0.0,8.66
2025-01-03 04:23:00,243.29,134.1,5.0,35.6,16.1,10.61,0.0
2025-01-03 04:24:00,221.17,138.24,13.35,26.45,7.19,5.73,0.0
2025-01-03 04:25:00,208.18,138.39,5.0,30.0,9.23,6.4,0.0
2025-01-03 04:26:00,192.74,133.68,11.51,28.0,0.0,0.0,0.0
2025-01-03 04:27:00,225.09,133.66,11.2,23.19,0.0,0.0,0.0
2025-01-03 04:28:00,253.6,136.07,11.98,30.24,3.75,0.0,12.67
2025-01-03 04:29:00,263.83,132.92,6.65,34.73,0.0,6.19,4.73
2025-01-03 04:30:00,213.32,139.88,12.63,26.56,6.68,0.0,0.0
2025-01-03 04:31:00,218.4,135.03,11.87,23.09,0.0,3.27,0.0
2025-01-03 04:32:00,211.58,124.88,5.0,25.62,2.71,0.0,24.63
2025-01-03 04:33:00,231.63,135.01,5.0,20.55,10.3,0.0,21.01
2025-01-03 04:34:00,277.24,132.35,5.41,32.37,0.0,12.3,0.0
2025-01-03 04:35:00,199.06,129.98,8.33,31.59,0.0,0.0,0.0
2025-01-03 04:36:00,225.2,131.56,5.0,25.66,0.0,0.0,46.76
2025-01-03 04:37:00,229.64,136.95,6.96,27.98,6.44,2.02,0.75
2025-01-03 04:38:00,239.18,141.82,7.51,37.82,0.0,1.91,23.75
2025-01-03 04:39:00,238.15,137.76,9.19,30.17,0.0,0.0,0.0
2025-01-03 04:40:00,255.81,134.08,16.22,28.11,0.0,9.1,18.98
2025-01-03 04:41:00,313.63,138.33,9.02,34.3,0.0,0.0,52.2
2025-01-03 04:42:00,236.33,134.67,11.77,30.35,7.1,0.0,0.0
2025-01-03 04:43:00,253.85,133.73,5.0,33.97,11.06,0.32,0.0
2025-01-03 04:44:00,269.69,131.89,5.0,32.38,2.74,4.05,32.91
2025-01-03 04:45:00,233.94,129.5,14.99,31.69,0.0,0.0,0.0
2025-01-03 04:46:00,253.87,134.95,13.12,28.54,2.72,14.28,0.0
2025-01-03 04:47:00,239.67,137.14,5.0,34.67,0.0,0.0,4.02
2025-01-03 04:48:00,260.78,136.12,10.91,26.95,1.69,0.0,38.01
2025-01-03 04:49:00,254.68,134.84,5.0,35.72,7.29,0.0,15.71
2025-01-03 04:50:00,234.28,132.73,8.14,36.18,6.92,4.55,12.26
2025-01-03 04:51:00,212.96,138.94,5.46,28.61,0.0,0.0,0.0
2025-01-03 04:52:00,215.77,131.24,12.19,27.63,4.41,1.04,0.0
2025-01-03 04:53:00,239.13,139.61,10.96,20.26,0.0,0.0,0.0
2025-01-03 04:54:00,241.55,132.5,11.55,17.97,11.97,0.0,21.93
2025-01-03 04:55:00,244.41,133.5,5.0,30.02,4.77,0.0,0.0
2025-01-03 04:56:00,240.45,130.64,6.83,33.92,4.6,10.54,0.0
2025-01-03 04:57:00,259.67,134.5,15.05,33.1,0.0,0.0,0.0
2025-01-03 04:58:00,252.02,140.41,10.69,39.88,9.17,0.0,11.26
2025-01-03 04:59:00,275.11,138.57,7.61,33.04,0.2,5.06,19.28
2025-01-03 05:00:00,232.14,140.42,18.54,30.34,0.0,0.0,12.22
2025-01-03 05:01:00,252.53,138.6,16.33,34.8,7.29,0.0,3.01
2025-01-03 05:02:00,225.7,132.09,7.6,15.11,2.42,4.44,0.0
2025-01-03 05:03:00,235.35,135.19,5.0,31.71,5.01,1.72,0.0
2025-01-03 05:04:00,212.49,133.39,6.02,27.77,0.71,6.34,15.38
2025-01-03 05:05:00,243.69,141.83,9.25,31.96,8.88,9.6,0.0
2025-01-03 05:06:00,274.31,131.72,5.0,50.6,1.8,0.0,33.99
2025-01-03 05:07:00,244.62,140.08,10.95,30.93,4.37,0.0,0.0
2025-01-03 05:08:00,262.96,140.08,5.0,27.29,5.57,0.0,6.25
2025-01-03 05:09:00,227.99,143.83,18.79,22.59,22.69,1.68,0.0
2025-01-03 05:10:00,220.09,134.87,7.52,30.3,0.0,1.01,0.0
2025-01-03 05:11:00,301.37,139.36,15.84,31.84,0.0,8.21,0.0
2025-01-03 05:12:00,252.67,145.63,5.0,25.22,7.84,0.72,0.0
2025-01-03 05:13:00,261.83,134.04,5.92,32.79,0.0,6.78,23.92
2025-01-03 05:14:00,236.32,130.37,5.0,41.2,6.05,0.0,0.0
2025-01-03 05:15:00,229.99,128.99,5.0,33.71,9.09,4.39,0.0
2025-01-03 05:16:00,263.03,139.36,5.0,25.6,0.0,15.89,3.11
2025-01-03 05:17:00,205.63,128.98,5.48,31.19,0.0,11.75,0.0
2025-01-03 05:18:00,215.2,135.02,5.0,34.16,4.58,7.07,0.51
2025-01-03 05:19:00,250.93,138.26,14.54,28.95,0.0,9.21,0.0
2025-01-03 05:20:00,249.39,137.25,5.24,31.28,10.43,4.54,0.0
2025-01-03 05:21:00,190.27,138.21,10.09,17.24,0.0,1.63,0.0
2025-01-03 05:22:00,237.77,137.4,5.34,29.78,4.11,8.72,0.0
2025-01-03 05:23:00,221.22,141.62,7.7,25.31,7.13,0.0,10.7
2025-01-03 05:24:00,202.62,132.7,7.97,27.38,7.17,0.94,11.82
2025-01-03 05:25:00,256.74,133.8,14.19,31.43,15.33,0.0,0.0
2025-01-03 05:26:00,217.51,133.42,10.01,38.2,2.01,0.0,16.44
2025-01-03 05:27:00,245.82,139.83,10.13,26.58,10.77,5.66,0.0
2025-01-03 05:28:00,230.86,140.11,12.09,20.71,0.0,4.08,18.25
2025-01-03 05:29:00,289.14,138.31,15.63,25.75,6.5,0.0,26.18
2025-01-03 05:30:00,255.44,141.24,8.11,27.59,4.42,0.0,17.08
2025-01-03 05:31:00,273.83,131.8,5.0,28.17,7.04,8.44,33.16
2025-01-03 05:32:00,236.16,143.18,5.68,27.62,0.0,1.04,0.0
2025-01-03 05:33:00,225.04,142.6,5.5,23.06,8.67,0.0,10.99
2025-01-03 05:34:00,253.46,139.45,9.14,19.36,5.85,3.97,0.1
2025-01-03 05:35:00,250.87,143.64,19.85,18.67,0.21,6.9,7.16
2025-01-03 05:36:00,278.88,129.88,9.87,34.09,4.13,7.03,26.86
2025-01-03 05:37:00,199.38,134.41,8.77,28.62,2.93,1.3,0.0
2025-01-03 05:38:00,252.23,133.57,6.03,31.69,0.0,0.0,26.29
2025-01-03 05:39:00,194.82,139.39,7.84,31.88,0.0,0.0,0.0
2025-01-03 05:40:00,244.74,132.31,7.44,32.59,0.0,0.0,0.0
2025-01-03 05:41:00,230.32,139.54,5.29,29.39,6.25,1.08,6.07
2025-01-03 05:42:00,247.91,141.99,6.07,23.66,0.0,7.59,0.0
2025-01-03 05:43:00,279.58,139.29,13.46,32.65,7.56,0.0,16.72
2025-01-03 05:44:00,234.51,137.64,5.0,19.85,0.0,2.66,0.0
2025-01-03 05:45:00,252.12,132.56,9.15,31.69,8.65,0.0,36.84
2025-01-03 05:46:00,221.42,133.12,5.0,35.71,5.61,3.48,0.0
2025-01-03 05:47:00,246.13,141.51,6.35,36.57,7.8,1.92,0.0
2025-01-03 05:48:00,231.13,139.63,8.6,26.02,0.31,6.36,0.0
2025-01-03 05:49:00,245.19,136.35,13.41,21.31,0.0,5.16,0.0
2025-01-03 05:50:00,299.49,134.84,9.25,26.68,3.59,0.0,22.4
2025-01-03 05:51:00,250.96,128.41,14.96,39.66,8.54,0.0,19.77
2025-01-03 05:52:00,200.58,132.22,12.21,31.14,0.0,0.0,0.0
2025-01-03 05:53:00,226.45,144.15,9.88,33.39,0.0,9.99,0.0
2025-01-03 05:54:00,242.98,131.39,5.0,26.37,8.5,5.38,0.0
2025-01-03 05:55:00,259.63,137.27,9.99,23.47,7.76,0.0,34.6
2025-01-03 05:56:00,232.8,140.54,5.0,49.12,1.27,0.0,0.0
2025-01-03 05:57:00,176.13,131.49,5.0,21.97,0.0,2.05,1.22
2025-01-03 05:58:00,260.79,137.25,14.0,22.92,5.48,0.49,23.72
2025-01-03 05:59:00,223.4,140.26,17.11,38.1,8.96,12.18,0.0
2025-01-03 06:00:00,265.77,136.56,12.34,45.23,2.76,7.28,4.17
2025-01-03 06:01:00,222.53,147.98,6.63,25.45,0.65,4.11,30.47
2025-01-03 06:02:00,186.95,129.83,5.0,39.14,0.0,0.0,0.0
2025-01-03 06:03:00,256.65,140.74,10.18,26.81,8.24,9.49,19.24
2025-01-03 06:04:00,231.21,135.82,9.18,33.88,2.13,7.13,23.87
2025-01-03 06:05:00,229.22,139.6,5.0,22.96,0.22,3.45,0.0
2025-01-03 06:06:00,222.7,138.27,13.16,23.98,9.51,0.0,0.0
2025-01-03 06:07:00,207.65,133.58,6.08,20.29,0.0,0.0,0.0
2025-01-03 06:08:00,251.23,137.42,9.35,34.4,3.73,3.45,0.0
2025-01-03 06:09:00,256.06,129.08,8.82,31.32,0.0,14.68,0.72
2025-01-03 06:10:00,231.82,138.92,8.49,29.84,0.0,0.23,0.0
2025-01-03 06:11:00,281.49,137.7,5.0,41.15,0.0,0.0,6.73
2025-01-03 06:12:00,263.66,139.06,14.69,25.38,11.85,0.0,18.53
2025-01-03 06:13:00,274.69,140.74,5.83,36.07,5.11,7.27,7.92
2025-01-03 06:14:00,314.55,137.98,17.35,16.7,0.0,1.49,29.41
2025-01-03 06:15:00,229.76,137.1,10.09,31.62,0.0,1.38,20.21
2025-01-03 06:16:00,256.43,132.98,5.0,28.99,5.23,11.27,0.0
2025-01-03 06:17:00,210.83,133.66,15.1,28.01,0.0,5.17,0.0
2025-01-03 06:18:00,215.53,141.26,11.94,19.91,8.09,0.0,0.0
2025-01-03 06:19:00,310.91,142.25,19.42,40.59,4.22,4.57,0.0
2025-01-03 06:20:00,213.82,135.56,5.0,30.29,8.18,2.7,0.0
2025-01-03 06:21:00,252.21,136.69,12.25,31.29,3.25,0.0,33.75
2025-01-03 06:22:00,210.96,132.89,5.0,31.06,4.34,0.95,8.23
2025-01-03 06:23:00,272.05,141.2,6.06,35.25,0.0,10.39,8.58
2025-01-03 06:24:00,247.38,139.17,5.0,20.19,2.02,4.71,15.61
2025-01-03 06:25:00,269.51,144.27,12.78,36.04,5.81,0.81,15.33
2025-01-03 06:26:00,241.94,132.99,5.26,33.88,5.48,14.49,0.0
2025-01-03 06:27:00,248.32,135.0,7.27,42.54,6.21,0.08,0.0
2025-01-03 06:28:00,220.69,137.43,14.45,27.18,6.82,0.0,0.0
2025-01-03 06:29:00,269.45,139.09,11.17,33.59,0.0,4.18,14.22
2025-01-03 06:30:00,274.55,135.65,5.77,28.68,9.84,7.52,19.99
2025-01-03 06:31:00,267.98,133.02,12.63,29.53,11.2,12.69,7.04
2025-01-03 06:32:00,205.64,140.03,6.6,26.14,0.0,0.0,0.0
2025-01-03 06:33:00,214.46,139.39,5.0,30.44,0.0,6.25,7.02
2025-01-03 06:34:00,279.18,132.84,7.62,42.82,0.0,0.0,7.35
2025-01-03 06:35:00,289.0,141.93,16.27,29.68,13.57,0.0,36.69
2025-01-03 06:36:00,245.49,141.19,8.61,34.95,7.37,0.0,0.0
2025-01-03 06:37:00,181.18,137.05,5.0,20.97,5.2,5.8,0.0
2025-01-03 06:38:00,269.96,136.83,5.0,32.78,9.62,4.51,0.0
2025-01-03 06:39:00,236.06,138.72,11.97,26.62,0.0,0.0,0.0
2025-01-03 06:40:00,264.36,133.06,12.97,42.29,3.31,5.66,18.35
2025-01-03 06:41:00,219.69,136.63,6.83,16.84,11.99,5.38,0.0
2025-01-03 06:42:00,243.52,127.9,17.64,33.74,0.0,3.74,0.0
2025-01-03 06:43:00,240.21,140.01,5.75,18.8,1.86,5.5,45.7
2025-01-03 06:44:00,225.02,130.26,13.7,24.15,2.05,6.95,0.0
2025-01-03 06:45:00,219.81,142.52,8.45,21.72,7.91,0.0,1.62
2025-01-03 06:46:00,195.83,135.19,5.0,30.56,0.0,0.0,0.0
2025-01-03 06:47:00,230.44,135.66,9.66,29.04,3.06,0.0,0.0
2025-01-03 06:48:00,240.43,134.0,10.54,35.43,0.78,0.0,3.0
2025-01-03 06:49:00,240.22,135.36,13.66,28.48,0.6,3.93,0.0
2025-01-03 06:50:00,243.15,142.18,7.86,29.75,0.56,4.52,5.85
2025-01-03 06:51:00,229.32,126.56,7.9,35.0,6.43,0.96,14.8
2025-01-03 06:52:00,261.54,141.62,13.66,27.63,0.0,0.0,0.0
2025-01-03 06:53:00,254.53,137.86,11.01,38.32,0.91,16.34,2.02
2025-01-03 06:54:00,241.01,131.68,5.0,27.63,13.25,0.0,0.0
2025-01-03 06:55:00,312.29,132.21,7.39,30.06,4.57,9.53,34.43
2025-01-03 06:56:00,281.75,143.21,5.0,26.73,4.3,0.0,36.23
2025-01-03 06:57:00,246.6,132.73,6.3,33.39,0.0,0.0,10.73
2025-01-03 06:58:00,212.81,131.89,5.0,34.83,0.0,0.0,5.93
2025-01-03 06:59:00,217.81,141.06,9.81,37.11,1.7,6.72,7.56
2025-01-03 07:00:00,221.59,137.86,9.65,3.81,6.98,0.6,25.05
2025-01-03 07:01:00,208.71,132.76,11.0,0.0,2.1,3.48,0.0
2025-01-03 07:02:00,190.91,137.37,7.98,4.79,0.0,0.0,22.36
2025-01-03 07:03:00,245.43,132.41,13.42,4.26,5.12,7.15,28.47
2025-01-03 07:04:00,192.45,140.91,5.0,1.99,5.84,8.59,2.78
2025-01-03 07:05:00,247.49,140.75,10.5,0.79,2.73,10.31,35.54
2025-01-03 07:06:00,246.02,138.64,11.93,8.62,9.38,4.5,40.68
2025-01-03 07:07:00,213.22,137.95,5.0,5.67,6.81,3.34,0.0
2025-01-03 07:08:00,246.64,143.55,5.0,7.24,0.0,0.0,31.7
2025-01-03 07:09:00,264.08,136.51,14.53,4.98,0.0,1.52,29.23
2025-01-03 07:10:00,207.26,131.78,18.69,1.8,0.0,0.0,0.0
2025-01-03 07:11:00,255.47,138.31,10.6,10.08,0.0,3.02,39.2
2025-01-03 07:12:00,248.91,144.85,13.28,8.55,4.2,0.0,0.0
2025-01-03 07:13:00,207.98,132.45,7.59,0.0,0.0,2.85,27.07
2025-01-03 07:14:00,259.49,135.06,5.0,7.54,0.0,0.0,10.62
2025-01-03 07:15:00,178.47,138.17,5.0,0.0,0.0,0.0,15.4
2025-01-03 07:16:00,214.69,136.29,5.0,3.85,14.01,17.7,0.0
2025-01-03 07:17:00,203.59,132.58,6.69,8.02,0.0,0.0,2.83
2025-01-03 07:18:00,224.37,141.0,5.0,4.29,3.34,12.3,0.0
2025-01-03 07:19:00,231.07,145.79,9.85,10.79,4.07,8.26,0.0
2025-01-03 07:20:00,210.36,137.29,14.24,8.21,6.27,0.38,16.46
2025-01-03 07:21:00,212.47,132.89,10.35,6.51,0.0,2.02,21.83
2025-01-03 07:22:00,202.81,130.31,7.38,4.77,9.43,4.87,12.78
2025-01-03 07:23:00,215.64,137.54,15.43,9.7,0.0,7.98,6.08
2025-01-03 07:24:00,253.53,140.92,7.95,15.58,0.0,2.05,26.8
2025-01-03 07:25:00,242.63,138.41,11.17,5.94,8.24,3.74,0.0
2025-01-03 07:26:00,241.3,136.5,13.29,1.9,3.01,8.6,14.37
2025-01-03 07:27:00,189.02,134.15,6.06,2.65,11.48,0.0,0.0
2025-01-03 07:28:00,238.57,132.14,10.23,0.87,2.75,6.8,8.16
2025-01-03 07:29:00,208.49,139.85,7.49,5.72,0.0,1.24,0.0
2025-01-03 07:30:00,230.02,140.16,15.41,0.0,0.41,12.99,0.0
2025-01-03 07:31:00,231.81,130.33,11.71,10.19,5.25,3.22,15.86
2025-01-03 07:32:00,190.1,142.87,5.0,4.02,8.18,7.05,0.0
2025-01-03 07:33:00,207.29,138.8,6.73,3.3,3.11,0.0,0.0
2025-01-03 07:34:00,268.67,142.11,5.0,0.89,8.77,11.27,57.58
2025-01-03 07:35:00,233.16,131.14,7.54,0.5,5.78,5.03,14.11
2025-01-03 07:36:00,223.75,131.04,13.78,1.09,1.57,11.22,28.53
2025-01-03 07:37:00,184.22,135.91,7.54,19.58,0.0,15.07,0.0
2025-01-03 07:38:00,191.01,138.52,5.0,0.2,11.18,0.22,8.39
2025-01-03 07:39:00,219.94,143.69,6.97,8.75,6.44,2.23,0.0
2025-01-03 07:40:00,210.9,139.33,10.91,6.83,0.0,0.0,0.0
2025-01-03 07:41:00,253.31,135.54,13.2,18.41,4.21,9.81,40.47
2025-01-03 07:42:00,255.68,132.4,11.53,13.6,9.1,10.33,0.0
2025-01-03 07:43:00,198.19,141.43,11.49,8.44,0.0,0.0,0.0
2025-01-03 07:44:00,199.28,132.65,5.0,8.06,3.14,1.46,0.0
2025-01-03 07:45:00,218.1,143.02,9.9,5.01,9.32,0.0,30.78
2025-01-03 07:46:00,171.88,135.37,10.48,2.28,5.61,6.71,0.0
2025-01-03 07:47:00,214.84,142.87,15.88,9.69,0.0,2.97,0.0
2025-01-03 07:48:00,241.66,139.22,5.0,23.25,3.9,0.73,28.01
2025-01-03 07:49:00,203.88,135.96,5.0,2.84,0.0,0.0,6.76
2025-01-03 07:50:00,221.64,134.43,7.97,7.76,5.52,0.0,0.0
2025-01-03 07:51:00,209.68,135.14,14.72,5.52,0.0,8.98,17.7
2025-01-03 07:52:00,197.36,138.22,7.51,8.84,3.11,4.66,0.0
2025-01-03 07:53:00,246.39,136.82,6.55,3.08,0.0,6.77,0.0
2025-01-03 07:54:00,216.66,134.13,5.29,0.0,0.0,6.79,13.46
2025-01-03 07:55:00,225.55,135.85,15.15,10.27,0.0,1.65,10.73
2025-01-03 07:56:00,196.0,136.82,5.0,0.0,0.0,8.95,0.0
2025-01-03 07:57:00,224.69,127.99,5.51,10.51,0.0,0.0,15.95
2025-01-03 07:58:00,255.64,138.34,14.23,6.65,0.0,2.22,9.8
2025-01-03 07:59:00,222.58,132.59,6.52,22.0,6.92,0.0,19.1
2025-01-03 08:00:00,212.73,131.89,14.09,1.39,0.46,3.23,14.93
2025-01-03 08:01:00,240.52,129.76,10.04,8.47,16.34,0.0,4.31
2025-01-03 08:02:00,175.18,129.33,13.65,0.0,0.0,0.0,21.37
2025-01-03 08:03:00,201.13,131.09,7.07,0.0,0.0,0.0,0.0
2025-01-03 08:04:00,211.99,133.67,6.13,14.74,0.01,7.63,0.0
2025-01-03 08:05:00,210.24,144.32,10.82,3.72,9.22,0.0,7.55
2025-01-03 08:06:00,203.18,134.4,5.0,3.79,5.79,3.54,0.0
2025-01-03 08:07:00,227.58,137.22,5.8,9.05,0.0,0.0,2.75
2025-01-03 08:08:00,263.9,138.11,16.0,12.98,0.0,3.05,0.0
2025-01-03 08:09:00,223.53,137.03,10.98,0.0,1.28,0.0,0.0
2025-01-03 08:10:00,211.78,136.2,5.23,0.0,0.0,0.0,0.85
2025-01-03 08:11:00,174.83,131.73,10.18,1.34,0.0,2.48,0.0
2025-01-03 08:12:00,247.78,142.31,5.0,17.6,0.0,0.0,6.08
2025-01-03 08:13:00,238.66,143.74,6.17,4.0,11.48,0.0,0.0
2025-01-03 08:14:00,180.98,129.78,5.0,0.47,0.0,0.0,2.88
2025-01-03 08:15:00,177.57,132.41,5.0,1.16,4.79,0.0,8.36
2025-01-03 08:16:00,234.08,135.39,5.0,0.05,8.2,4.34,23.44
2025-01-03 08:17:00,238.39,132.65,5.76,4.19,4.96,0.0,38.86
2025-01-03 08:18:00,254.18,138.53,12.34,8.42,10.98,11.15,13.04
2025-01-03 08:19:00,201.65,133.6,14.31,0.0,5.91,3.62,2.66
2025-01-03 08:20:00,210.15,145.17,5.0,7.19,4.81,6.85,2.85
2025-01-03 08:21:00,212.49,141.27,13.18,1.14,0.0,1.6,0.0
2025-01-03 08:22:00,221.1,137.36,5.0,10.31,0.0,0.0,16.08
2025-01-03 08:23:00,270.64,140.62,6.35,7.85,0.0,2.04,12.26
2025-01-03 08:24:00,151.4,140.93,8.59,6.92,1.75,0.0,3.17
2025-01-03 08:25:00,202.68,134.25,5.5,3.73,10.54,0.0,18.44
2025-01-03 08:26:00,204.7,133.24,5.0,13.19,0.0,0.0,6.55
2025-01-03 08:27:00,226.69,136.82,12.71,0.0,5.24,13.03,0.0
2025-01-03 08:28:00,228.73,139.95,12.76,9.19,13.57,4.03,4.74
2025-01-03 08:29:00,225.47,137.06,8.55,10.35,6.28,2.85,1.47
2025-01-03 08:30:00,245.49,130.2,5.0,9.29,1.1,0.0,34.78
2025-01-03 08:31:00,211.35,133.3,13.6,8.58,0.0,9.18,0.0
2025-01-03 08:32:00,190.24,136.21,13.46,9.73,0.41,6.3,3.26
2025-01-03 08:33:00,218.5,136.21,5.0,5.35,0.0,0.0,5.77
2025-01-03 08:34:00,189.85,144.4,14.93,0.0,0.0,2.48,0.0
2025-01-03 08:35:00,203.52,130.96,5.0,12.01,8.45,0.0,0.0
2025-01-03 08:36:00,251.87,138.53,6.07,8.69,0.0,2.42,32.74
2025-01-03 08:37:00,163.22,142.46,9.45,1.19,5.74,5.37,0.0
2025-01-03 08:38:00,196.4,145.59,9.86,1.6,2.14,3.48,2.89
2025-01-03 08:39:00,194.67,134.89,5.0,1.78,0.37,0.0,0.0
2025-01-03 08:40:00,194.7,138.47,5.0,0.0,11.32,5.48,2.84
2025-01-03 08:41:00,203.75,138.79,10.89,0.61,2.99,4.34,0.0
2025-01-03 08:42:00,219.75,137.29,11.33,3.68,0.0,0.0,8.06
2025-01-03 08:43:00,186.09,136.11,14.59,12.86,1.89,0.0,0.0
2025-01-03 08:44:00,170.04,138.25,8.19,0.0,3.36,0.67,0.0
2025-01-03 08:45:00,197.83,126.38,5.0,0.0,8.16,5.1,0.0
2025-01-03 08:46:00,234.06,139.24,5.0,3.87,6.7,0.0,24.06
2025-01-03 08:47:00,229.99,137.01,8.49,15.37,1.2,0.0,0.0
2025-01-03 08:48:00,210.53,135.62,5.0,1.27,0.0,1.38,0.0
2025-01-03 08:49:00,239.16,144.7,8.84,6.38,0.0,5.59,0.0
2025-01-03 08:50:00,205.57,133.81,9.35,5.44,0.4,0.0,0.0
2025-01-03 08:51:00,233.62,134.9,7.99,2.39,12.58,3.93,13.73
2025-01-03 08:52:00,288.37,144.47,11.06,17.05,0.0,0.0,24.93
2025-01-03 08:53:00,246.67,133.18,9.77,2.77,0.0,0.0,0.0
2025-01-03 08:54:00,284.85,134.31,7.73,13.21,7.39,2.48,21.74
2025-01-03 08:55:00,207.17,135.92,13.84,13.55,0.0,0.0,2.94
2025-01-03 08:56:00,217.89,139.87,5.0,2.57,4.19,10.51,2.52
2025-01-03 08:57:00,200.17,137.34,5.0,6.42,7.61,8.57,0.0
2025-01-03 08:58:00,225.89,131.34,5.95,3.23,15.41,9.21,0.0
2025-01-03 08:59:00,223.35,134.38,9.87,3.29,7.15,0.0,36.87
2025-01-03 09:00:00,320.37,134.08,28.75,12.65,5.54,75.63,0.04
2025-01-03 09:01:00,272.14,136.2,26.67,2.9,7.95,57.15,0.0
2025-01-03 09:02:00,257.43,138.21,30.28,10.01,0.0,54.21,0.0
2025-01-03 09:03:00,311.7,138.18,28.35,12.86,7.04,59.16,0.0
2025-01-03 09:04:00,256.48,129.4,30.64,0.0,5.23,56.83,0.0
2025-01-03 09:05:00,336.97,140.76,28.98,3.94,11.47,66.78,25.85
2025-01-03 09:06:00,244.0,137.52,25.73,0.0,0.0,61.35,0.0
2025-01-03 09:07:00,308.09,142.05,16.39,9.73,4.75,75.52,0.0
2025-01-03 09:08:00,310.86,138.29,38.22,0.85,5.82,70.85,0.0
2025-01-03 09:09:00,278.69,140.91,32.07,0.0,0.0,50.79,36.27
2025-01-03 09:10:00,296.06,138.37,28.71,3.89,16.53,61.04,0.0
2025-01-03 09:11:00,317.83,141.89,23.14,15.58,7.51,54.36,0.0
2025-01-03 09:12:00,316.05,138.6,24.36,13.96,0.0,73.97,12.99
2025-01-03 09:13:00,292.17,136.12,29.85,0.0,0.0,58.72,0.0
2025-01-03 09:14:00,335.23,145.6,24.12,2.4,0.41,66.4,0.0
2025-01-03 09:15:00,302.12,140.06,26.41,10.35,0.0,70.29,0.0
2025-01-03 09:16:00,285.8,138.8,28.3,11.56,0.0,70.64,0.0
2025-01-03 09:17:00,325.84,131.4,29.93,9.4,8.74,59.94,27.74
2025-01-03 09:18:00,271.32,131.36,29.33,0.0,1.3,59.32,7.93
2025-01-03 09:19:00,305.13,137.68,29.39,0.0,10.08,70.41,12.2
2025-01-03 09:20:00,322.35,137.09,25.65,9.09,0.0,57.52,10.02
2025-01-03 09:21:00,255.98,134.05,29.35,7.14,0.0,69.8,0.0
2025-01-03 09:22:00,298.44,137.07,28.26,3.48,0.0,60.97,6.39
2025-01-03 09:23:00,273.03,142.86,24.43,9.55,11.74,61.14,0.0
2025-01-03 09:24:00,295.16,139.29,29.39,0.0,0.0,66.57,7.02
2025-01-03 09:25:00,281.46,131.94,36.84,9.51,1.48,63.51,0.0
2025-01-03 09:26:00,291.07,136.06,28.11,11.38,10.51,71.8,0.0
2025-01-03 09:27:00,275.31,133.29,28.88,5.18,0.0,56.31,0.0
2025-01-03 09:28:00,285.71,134.96,27.05,12.21,9.24,60.56,14.48
2025-01-03 09:29:00,335.26,134.85,23.06,0.0,4.37,72.97,0.0
2025-01-03 09:30:00,284.07,134.6,21.14,10.97,0.0,71.12,0.0
2025-01-03 09:31:00,288.93,131.49,25.46,0.0,10.01,56.19,0.0
2025-01-03 09:32:00,272.62,136.0,18.24,10.28,0.24,59.95,0.0
2025-01-03 09:33:00,314.65,134.27,28.13,12.88,0.0,59.24,0.0
2025-01-03 09:34:00,255.57,124.79,24.74,8.01,0.93,59.49,2.1
2025-01-03 09:35:00,279.86,144.72,28.28,7.17,3.69,60.8,0.0
2025-01-03 09:36:00,308.53,140.86,27.05,0.51,0.96,52.24,34.5
2025-01-03 09:37:00,291.74,135.0,24.06,9.89,8.46,64.31,0.0
2025-01-03 09:38:00,303.36,136.58,23.94,1.03,6.39,65.26,5.37
2025-01-03 09:39:00,297.29,131.82,25.83,5.24,0.0,64.87,0.0
2025-01-03 09:40:00,304.35,143.29,22.54,11.7,5.81,56.33,29.02
2025-01-03 09:41:00,335.44,144.1,32.46,8.21,8.08,56.2,46.21
2025-01-03 09:42:00,324.59,137.14,31.69,5.39,9.4,62.84,22.84
2025-01-03 09:43:00,312.17,140.6,24.16,0.0,8.35,68.53,0.0
2025-01-03 09:44:00,244.02,137.21,28.13,12.79,0.0,53.5,0.0
2025-01-03 09:45:00,273.27,131.16,29.43,14.39,4.24,64.71,0.0
2025-01-03 09:46:00,310.97,134.86,34.84,8.29,11.17,60.42,0.0
2025-01-03 09:47:00,323.69,137.04,34.95,7.17,3.2,60.39,17.97
2025-01-03 09:48:00,298.41,134.69,31.47,2.45,3.79,66.6,9.46
2025-01-03 09:49:00,313.2,135.63,24.61,4.52,2.34,66.67,0.0
2025-01-03 09:50:00,325.72,136.14,36.08,5.56,0.0,63.16,0.0
2025-01-03 09:51:00,293.57,136.18,25.56,11.39,8.09,64.2,0.0
2025-01-03 09:52:00,277.56,136.72,31.51,1.64,1.76,58.93,10.1
2025-01-03 09:53:00,329.13,132.27,29.59,10.96,4.82,70.52,3.73
2025-01-03 09:54:00,322.31,133.64,23.57,0.0,8.7,68.32,0.0
2025-01-03 09:55:00,263.49,131.37,23.63,2.3,0.0,54.75,0.0
2025-01-03 09:56:00,283.73,140.42,27.63,3.3,2.0,55.82,0.0
2025-01-03 09:57:00,317.0,128.09,29.79,9.53,0.0,73.86,9.47
2025-01-03 09:58:00,304.49,141.12,29.84,3.72,9.79,61.51,0.0
2025-01-03 09:59:00,285.91,142.05,31.08,0.55,0.0,59.95,0.0
2025-01-03 10:00:00,337.6,135.3,30.94,7.47,4.93,62.09,23.99
2025-01-03 10:01:00,221.32,126.1,17.94,0.0,9.33,62.65,0.0
2025-01-03 10:02:00,292.15,135.06,34.69,4.02,5.02,76.52,0.7
2025-01-03 10:03:00,315.51,136.25,33.17,10.03,1.96,56.92,1.46
2025-01-03 10:04:00,233.83,132.47,25.86,8.81,12.44,58.78,8.59
2025-01-03 10:05:00,262.43,134.45,22.18,0.0,8.06,67.85,1.08
2025-01-03 10:06:00,303.54,142.63,27.77,9.7,2.51,65.38,34.07
2025-01-03 10:07:00,279.27,139.17,24.53,7.17,0.0,58.26,0.0
2025-01-03 10:08:00,239.47,132.81,26.96,0.0,0.0,43.58,0.0
2025-01-03 10:09:00,313.68,130.12,23.33,7.68,2.28,60.63,12.12
2025-01-03 10:10:00,351.6,135.2,33.29,0.55,20.22,52.5,30.92
2025-01-03 10:11:00,301.47,135.65,21.62,0.0,0.0,75.42,0.0
2025-01-03 10:12:00,340.58,138.49,30.5,5.67,0.0,62.05,65.68
2025-01-03 10:13:00,326.8,134.37,25.06,5.83,11.94,68.54,0.0
2025-01-03 10:14:00,291.63,138.55,28.23,9.02,0.0,68.82,0.0
2025-01-03 10:15:00,323.28,144.25,27.81,4.33,0.0,66.3,17.92
2025-01-03 10:16:00,302.14,139.77,31.48,2.53,2.38,73.7,0.0
2025-01-03 10:17:00,281.44,136.32,31.3,0.01,0.0,70.03,2.27
2025-01-03 10:18:00,299.97,135.78,25.14,6.25,0.29,58.12,18.25
2025-01-03 10:19:00,256.5,135.08,25.73,0.0,0.0,54.25,0.0
2025-01-03 10:20:00,342.08,141.23,32.52,12.92,0.0,70.24,19.1
2025-01-03 10:21:00,321.51,134.0,30.43,0.41,10.61,63.44,18.05
2025-01-03 10:22:00,288.57,136.69,38.76,0.0,4.38,62.54,0.0
2025-01-03 10:23:00,278.39,136.71,30.15,9.92,2.64,59.7,0.0
2025-01-03 10:24:00,281.02,134.5,22.15,5.93,0.66,66.55,11.59
2025-01-03 10:25:00,309.3,131.02,28.68,12.84,5.3,67.09,0.0
2025-01-03 10:26:00,337.8,137.8,21.49,7.77,12.95,64.59,19.62
2025-01-03 10:27:00,287.31,136.26,36.84,15.62,0.0,77.3,0.0
2025-01-03 10:28:00,285.85,138.51,31.55,5.56,0.0,63.6,0.0
2025-01-03 10:29:00,289.4,134.37,29.38,0.0,4.67,49.32,15.49
2025-01-03 10:30:00,278.69,141.39,26.52,3.53,0.0,60.79,12.42
2025-01-03 10:31:00,299.01,133.0,22.64,0.0,0.0,63.89,38.78
2025-01-03 10:32:00,289.84,143.36,34.37,5.15,0.25,59.92,0.0
2025-01-03 10:33:00,266.37,129.52,24.44,4.31,0.0,56.24,7.45
2025-01-03 10:34:00,295.08,138.25,22.27,8.71,0.0,56.18,8.73
2025-01-03 10:35:00,308.16,138.41,25.65,3.18,0.0,59.41,7.56
2025-01-03 10:36:00,293.36,133.33,29.19,2.97,3.09,58.46,23.79
2025-01-03 10:37:00,297.45,138.21,34.22,1.79,0.0,64.42,0.0
2025-01-03 10:38:00,339.28,141.63,31.02,6.0,2.06,64.28,29.33
2025-01-03 10:39:00,296.98,127.64,29.99,10.68,7.58,61.96,0.0
2025-01-03 10:40:00,324.84,138.52,22.89,9.59,13.44,56.19,4.93
2025-01-03 10:41:00,300.16,126.54,28.71,1.71,0.76,65.9,42.53
2025-01-03 10:42:00,312.08,132.65,31.77,0.0,3.92,68.5,3.74
2025-01-03 10:43:00,292.79,143.02,26.05,0.84,0.0,56.75,6.98
2025-01-03 10:44:00,272.82,134.18,27.48,2.69,2.28,69.8,2.64
2025-01-03 10:45:00,253.84,131.81,23.76,2.56,11.8,59.76,0.0
2025-01-03 10:46:00,318.11,135.72,31.17,11.46,0.0,64.52,17.62
2025-01-03 10:47:00,278.5,144.78,21.46,3.44,4.51,64.29,0.0
2025-01-03 10:48:00,266.63,129.18,25.04,7.01,0.0,57.91,0.0
2025-01-03 10:49:00,245.51,132.3,30.39,1.94,0.0,52.47,0.0
2025-01-03 10:50:00,307.48,142.5,39.79,6.84,0.0,61.04,9.65
2025-01-03 10:51:00,357.51,143.94,34.42,0.0,6.23,78.49,9.07
2025-01-03 10:52:00,250.34,136.09,31.56,6.51,0.0,54.38,0.0
2025-01-03 10:53:00,308.7,131.55,33.24,9.46,8.08,60.46,0.0
2025-01-03 10:54:00,288.15,144.89,32.1,0.0,5.73,58.74,0.0
2025-01-03 10:55:00,360.89,142.89,31.63,0.0,8.34,65.74,38.98
2025-01-03 10:56:00,277.52,139.22,23.4,5.43,3.72,65.23,0.0
2025-01-03 10:57:00,267.73,133.26,24.18,1.95,5.3,60.95,19.48
2025-01-03 10:58:00,300.38,136.31,30.42,0.0,0.0,62.17,12.06
2025-01-03 10:59:00,298.26,135.87,25.51,7.54,5.94,72.58,6.97
2025-01-03 11:00:00,312.41,137.83,22.47,22.42,1.24,67.61,20.62
2025-01-03 11:01:00,293.45,142.31,25.69,3.67,13.79,65.59,0.0
2025-01-03 11:02:00,275.99,140.03,28.51,0.0,0.0,62.88,0.0
2025-01-03 11:03:00,260.21,132.2,23.87,10.98,2.18,50.64,0.0
2025-01-03 11:04:00,276.09,142.01,26.21,7.06,5.51,53.38,8.5
2025-01-03 11:05:00,305.31,137.76,22.14,12.39,3.85,66.99,27.05
2025-01-03 11:06:00,329.46,139.26,23.8,5.67,0.0,65.82,0.0
2025-01-03 11:07:00,279.97,142.37,29.37,0.0,0.0,55.31,0.0
2025-01-03 11:08:00,341.2,132.06,20.63,0.0,0.0,66.8,24.92
2025-01-03 11:09:00,267.63,136.36,24.55,2.31,10.49,52.79,0.0
2025-01-03 11:10:00,296.94,134.38,31.17,5.67,6.08,48.04,40.2
2025-01-03 11:11:00,283.36,130.24,28.27,0.0,2.42,62.41,32.45
2025-01-03 11:12:00,273.97,137.9,26.62,4.85,6.77,54.28,0.0
2025-01-03 11:13:00,314.4,146.55,25.11,11.89,5.9,59.25,23.1
2025-01-03 11:14:00,305.16,129.15,28.72,7.1,11.98,74.05,5.98
2025-01-03 11:15:00,299.74,136.38,28.21,1.83,0.96,50.91,20.12
2025-01-03 11:16:00,305.64,139.07,30.62,12.16,0.0,59.45,22.13
2025-01-03 11:17:00,298.52,137.0,24.92,1.01,12.33,59.73,40.61
2025-01-03 11:18:00,268.21,136.06,15.17,0.0,8.27,64.51,14.09
2025-01-03 11:19:00,266.68,131.31,29.35,1.85,3.84,55.76,0.0
2025-01-03 11:20:00,314.07,137.44,19.19,4.63,0.18,65.13,0.0
2025-01-03 11:21:00,265.5,133.48,23.38,9.88,11.67,52.86,13.95
2025-01-03 11:22:00,287.82,127.75,32.08,2.19,0.0,56.58,12.7
2025-01-03 11:23:00,243.34,141.29,34.51,2.0,6.51,65.87,0.0
2025-01-03 11:24:00,319.99,140.34,30.93,3.44,15.81,64.95,18.04
2025-01-03 11:25:00,294.08,136.71,30.32,13.16,0.0,72.88,0.0
2025-01-03 11:26:00,328.71,137.42,32.91,11.05,7.53,49.69,10.73
2025-01-03 11:27:00,305.16,140.81,32.22,10.39,0.0,67.97,0.0
2025-01-03 11:28:00,290.84,137.41,25.92,6.88,0.0,49.43,0.0
2025-01-03 11:29:00,242.11,140.12,29.51,2.27,0.0,64.46,0.0
2025-01-03 11:30:00,323.03,135.32,33.02,4.13,0.0,59.06,0.0
2025-01-03 11:31:00,282.07,141.76,25.59,1.67,13.23,54.97,0.0
2025-01-03 11:32:00,296.08,137.79,14.17,1.13,7.95,67.66,16.14
2025-01-03 11:33:00,278.0,137.28,25.29,8.83,20.65,65.51,4.76
2025-01-03 11:34:00,310.01,131.43,31.88,5.47,7.97,64.16,0.0
2025-01-03 11:35:00,345.32,137.66,44.87,0.0,0.0,51.78,18.01
2025-01-03 11:36:00,271.26,133.18,30.1,12.04,6.79,46.9,0.0
2025-01-03 11:37:00,266.66,133.96,24.83,0.0,0.0,62.58,24.17
2025-01-03 11:38:00,279.1,133.25,29.49,0.4,3.78,53.17,0.0
2025-01-03 11:39:00,289.34,132.24,35.55,7.19,5.65,65.51,9.26
2025-01-03 11:40:00,274.87,145.01,26.98,7.05,0.0,52.87,0.0
2025-01-03 11:41:00,283.73,141.83,22.44,10.65,2.34,50.56,26.79
2025-01-03 11:42:00,292.85,144.19,21.8,16.39,0.0,53.41,0.0
2025-01-03 11:43:00,270.59,131.62,33.1,3.94,7.21,61.22,0.0
2025-01-03 11:44:00,274.93,136.79,25.99,1.31,2.12,68.75,0.0
2025-01-03 11:45:00,323.1,131.33,21.5,5.88,5.35,72.46,0.0
2025-01-03 11:46:00,248.57,133.73,16.93,11.17,0.37,61.27,15.74
2025-01-03 11:47:00,303.29,132.84,21.28,7.95,0.0,58.67,0.0
2025-01-03 11:48:00,279.78,141.47,33.79,3.14,0.0,56.93,0.0
2025-01-03 11:49:00,272.43,134.92,19.85,6.74,2.26,67.97,0.0
2025-01-03 11:50:00,283.43,140.78,28.47,4.58,0.0,57.02,0.0
2025-01-03 11:51:00,324.62,138.92,27.91,0.78,11.89,60.67,0.0
2025-01-03 11:52:00,313.09,145.72,26.48,10.76,7.44,48.95,44.24
2025-01-03 11:53:00,274.3,130.59,20.92,7.9,10.28,53.49,3.76
2025-01-03 11:54:00,305.17,141.55,27.06,1.95,4.61,57.67,0.0
2025-01-03 11:55:00,262.77,141.09,17.96,0.0,5.06,74.01,1.21
2025-01-03 11:56:00,318.36,132.61,27.91,11.45,0.0,72.4,0.0
2025-01-03 11:57:00,319.75,140.54,32.86,9.06,0.0,65.71,0.04
2025-01-03 11:58:00,260.79,137.85,22.43,3.66,2.76,60.78,0.5
2025-01-03 11:59:00,338.15,135.6,28.05,2.22,0.0,58.79,11.56
2025-01-03 12:00:00,264.36,133.21,31.8,2.55,0.0,64.83,0.0
2025-01-03 12:01:00,327.78,133.63,25.04,14.83,12.64,67.97,29.56
2025-01-03 12:02:00,258.15,144.71,20.0,6.39,0.0,65.03,0.0
2025-01-03 12:03:00,255.34,136.51,17.66,6.52,0.0,65.38,0.0
2025-01-03 12:04:00,298.1,139.64,32.11,0.0,7.82,71.55,26.09
2025-01-03 12:05:00,323.02,133.34,32.14,11.5,15.86,65.63,0.0
2025-01-03 12:06:00,327.41,133.39,31.25,12.93,4.49,65.83,29.31
2025-01-03 12:07:00,324.9,140.84,33.11,4.28,4.1,71.78,0.21
2025-01-03 12:08:00,242.51,131.11,27.63,0.0,0.0,57.72,13.71
2025-01-03 12:09:00,305.6,134.85,31.44,6.61,0.0,58.68,0.0
2025-01-03 12:10:00,296.45,136.64,24.9,0.0,8.62,67.99,0.0
2025-01-03 12:11:00,255.19,136.95,31.59,0.18,0.0,60.03,0.0
2025-01-03 12:12:00,296.94,135.79,25.72,1.43,0.0,57.97,5.37
2025-01-03 12:13:00,309.35,138.09,32.88,19.61,0.0,62.27,0.0
2025-01-03 12:14:00,330.15,139.28,28.67,2.51,0.0,62.99,28.21
2025-01-03 12:15:00,291.35,139.45,25.02,0.0,0.0,66.0,11.24
2025-01-03 12:16:00,265.5,132.57,17.66,4.53,6.77,59.72,2.61
2025-01-03 12:17:00,298.55,135.37,26.74,5.26,0.0,71.02,3.76
2025-01-03 12:18:00,342.29,141.29,29.86,8.1,10.06,62.3,2.6
2025-01-03 12:19:00,312.07,140.09,30.85,16.04,9.42,66.67,0.0
2025-01-03 12:20:00,272.32,131.02,24.52,5.56,0.0,54.01,0.0
2025-01-03 12:21:00,291.23,137.91,24.74,4.26,0.0,61.61,0.0
2025-01-03 12:22:00,319.34,128.6,27.04,1.34,12.33,66.41,0.0
2025-01-03 12:23:00,296.75,136.7,17.86,12.39,7.16,57.86,0.0
2025-01-03 12:24:00,296.92,144.1,25.0,0.0,8.24,62.72,13.09
2025-01-03 12:25:00,298.62,132.72,37.8,0.0,0.0,57.15,0.0
2025-01-03 12:26:00,328.45,133.17,22.22,8.2,0.0,55.0,26.38
2025-01-03 12:27:00,299.85,139.56,23.04,11.35,4.51,57.76,14.78
2025-01-03 12:28:00,320.99,130.34,35.39,8.57,0.0,69.65,26.87
2025-01-03 12:29:00,288.36,133.98,28.59,0.0,0.64,60.27,1.53
2025-01-03 12:30:00,277.19,138.89,25.71,5.56,0.0,63.92,0.0
2025-01-03 12:31:00,268.63,133.97,21.35,1.83,0.0,66.88,0.0
2025-01-03 12:32:00,270.29,135.56,26.59,7.7,4.81,58.62,0.0
2025-01-03 12:33:00,259.04,139.48,32.67,0.0,8.4,53.42,0.0
2025-01-03 12:34:00,307.47,138.19,30.39,14.89,0.0,68.5,0.0
2025-01-03 12:35:00,245.24,137.58,28.37,2.03,0.0,61.74,1.13
2025-01-03 12:36:00,280.15,135.15,23.1,8.93,4.74,57.49,5.0
2025-01-03 12:37:00,308.81,137.99,27.55,17.98,2.64,60.94,0.0
2025-01-03 12:38:00,285.19,136.01,21.24,8.36,0.0,60.38,0.0
2025-01-03 12:39:00,257.44,138.34,16.44,0.0,0.0,63.86,0.0
2025-01-03 12:40:00,323.48,134.52,27.9,0.0,9.64,65.77,33.34
2025-01-03 12:41:00,281.83,135.78,35.62,10.03,0.0,70.06,3.1
2025-01-03 12:42:00,316.05,132.55,29.5,14.47,4.08,59.31,0.0
2025-01-03 12:43:00,281.79,136.37,29.12,0.0,0.0,59.41,11.58
2025-01-03 12:44:00,274.31,133.26,28.71,2.98,0.0,53.52,15.41
2025-01-03 12:45:00,319.84,132.05,33.75,11.29,0.0,66.74,0.0
2025-01-03 12:46:00,296.55,137.54,20.58,7.56,7.8,62.73,10.87
2025-01-03 12:47:00,295.54,137.36,26.52,10.21,0.0,60.21,0.0
2025-01-03 12:48:00,343.92,139.64,30.42,5.45,5.7,77.1,34.45
2025-01-03 12:49:00,331.49,134.78,27.87,1.08,7.25,60.49,32.0
2025-01-03 12:50:00,332.19,138.14,28.09,9.54,4.34,66.65,0.0
2025-01-03 12:51:00,330.15,138.71,38.87,1.69,0.0,68.64,12.42
2025-01-03 12:52:00,314.85,138.29,32.32,0.96,8.97,55.37,0.0
2025-01-03 12:53:00,328.52,133.21,37.06,9.24,3.35,70.84,0.0
2025-01-03 12:54:00,276.12,137.11,25.59,10.04,0.0,64.73,0.0
2025-01-03 12:55:00,316.54,137.96,24.15,14.01,0.0,67.52,0.0
2025-01-03 12:56:00,292.65,136.54,33.16,0.0,4.06,54.28,6.12
2025-01-03 12:57:00,255.83,128.16,28.43,0.0,4.6,60.21,11.18
2025-01-03 12:58:00,327.22,137.15,34.27,0.0,7.65,66.36,1.42
2025-01-03 12:59:00,328.3,145.36,25.6,0.0,4.51,68.72,0.0
2025-01-03 13:00:00,321.52,135.07,36.18,9.05,0.21,56.69,0.0
2025-01-03 13:01:00,353.29,133.6,38.84,2.01,8.91,64.42,41.78
2025-01-03 13:02:00,278.64,138.0,28.22,0.21,1.73,68.3,15.9
2025-01-03 13:03:00,331.62,137.76,34.63,9.87,4.61,62.44,24.74
2025-01-03 13:04:00,256.64,141.28,21.27,0.0,8.38,64.81,0.0
2025-01-03 13:05:00,309.49,131.48,30.78,3.83,0.12,68.16,0.0
2025-01-03 13:06:00,286.63,139.43,30.42,7.9,3.61,56.49,0.0
2025-01-03 13:07:00,288.43,138.87,22.61,18.37,5.02,65.99,5.91
2025-01-03 13:08:00,316.85,135.94,31.31,11.55,0.0,69.55,0.0
2025-01-03 13:09:00,280.03,137.86,32.31,0.0,5.83,58.43,0.0
2025-01-03 13:10:00,317.32,140.63,21.96,5.4,0.0,64.34,28.13
2025-01-03 13:11:00,293.84,140.0,31.44,3.8,0.0,49.39,0.0
2025-01-03 13:12:00,241.11,131.94,30.87,0.0,0.0,59.39,13.58
2025-01-03 13:13:00,254.87,139.79,23.76,8.17,1.82,46.71,0.0
2025-01-03 13:14:00,311.55,136.25,29.07,14.15,0.86,61.52,0.0
2025-01-03 13:15:00,287.3,136.8,17.94,6.67,5.69,59.05,0.0
2025-01-03 13:16:00,306.02,136.8,25.53,2.03,2.17,64.01,20.41
2025-01-03 13:17:00,272.63,135.91,23.45,3.6,0.0,70.79,0.0
2025-01-03 13:18:00,287.38,141.28,25.91,4.52,6.78,65.33,0.85
2025-01-03 13:19:00,307.56,136.17,29.95,0.0,0.0,62.81,0.0
2025-01-03 13:20:00,247.07,132.03,25.72,3.53,0.0,53.32,0.0
2025-01-03 13:21:00,300.8,134.93,27.97,0.0,3.35,67.7,0.0
2025-01-03 13:22:00,338.94,137.22,22.58,14.57,0.0,61.25,42.08
2025-01-03 13:23:00,275.58,141.43,24.29,10.8,0.0,73.51,13.37
2025-01-03 13:24:00,257.88,138.92,21.99,1.58,8.5,60.81,0.0
2025-01-03 13:25:00,259.28,133.11,32.73,8.75,3.82,52.03,0.0
2025-01-03 13:26:00,299.72,146.45,33.22,2.55,6.04,68.07,7.83
2025-01-03 13:27:00,335.83,137.57,36.96,14.23,0.0,63.26,0.0
2025-01-03 13:28:00,316.33,141.61,29.38,6.85,0.0,62.89,18.43
2025-01-03 13:29:00,312.68,135.9,35.43,0.0,3.77,58.95,11.13
2025-01-03 13:30:00,293.24,138.64,37.5,3.35,7.87,57.23,7.21
2025-01-03 13:31:00,301.5,139.87,17.73,7.1,0.0,60.15,0.99
2025-01-03 13:32:00,328.6,141.38,35.38,13.66,0.0,54.95,11.38
2025-01-03 13:33:00,263.13,140.74,24.71,5.37,0.0,61.17,0.0
2025-01-03 13:34:00,267.13,140.0,35.75,4.1,8.93,56.92,9.56
2025-01-03 13:35:00,302.78,135.25,19.05,4.66,0.0,64.3,15.27
2025-01-03 13:36:00,250.29,134.22,21.02,6.44,0.0,57.36,0.0
2025-01-03 13:37:00,263.44,137.84,20.11,2.87,0.0,64.72,0.0
2025-01-03 13:38:00,304.82,140.24,20.13,6.83,0.0,58.71,0.0
2025-01-03 13:39:00,278.76,135.62,29.19,9.96,0.0,60.97,4.4
2025-01-03 13:40:00,277.05,140.77,25.88,8.84,0.0,50.98,0.0
2025-01-03 13:41:00,304.7,142.32,30.93,6.81,1.82,68.08,8.43
2025-01-03 13:42:00,286.71,132.84,28.41,14.31,10.75,60.02,5.19
2025-01-03 13:43:00,302.87,133.16,32.42,0.0,10.37,65.62,4.43
2025-01-03 13:44:00,259.34,135.95,23.39,2.27,0.23,58.01,16.14
2025-01-03 13:45:00,266.17,137.74,23.13,0.22,3.18,61.08,0.0
2025-01-03 13:46:00,288.51,134.41,29.79,10.25,0.0,51.27,0.0
2025-01-03 13:47:00,321.33,141.92,27.68,6.37,9.42,68.3,2.37
2025-01-03 13:48:00,289.82,138.2,29.91,10.25,3.03,58.09,0.0
2025-01-03 13:49:00,254.62,136.67,39.01,0.0,4.83,54.55,1.57
2025-01-03 13:50:00,264.38,130.76,22.41,1.36,0.98,68.66,0.0
2025-01-03 13:51:00,305.99,131.24,32.18,0.0,3.85,69.15,23.77
2025-01-03 13:52:00,266.53,137.63,22.77,3.9,3.98,52.71,0.0
2025-01-03 13:53:00,282.07,127.98,23.54,13.7,12.79,58.57,0.0
2025-01-03 13:54:00,309.55,140.56,27.88,5.27,0.0,66.73,0.0
2025-01-03 13:55:00,366.95,135.88,25.71,16.6,0.0,58.18,55.77
2025-01-03 13:56:00,339.69,149.48,25.5,16.2,4.73,65.17,25.02
2025-01-03 13:57:00,348.05,145.74,20.05,8.85,14.45,81.82,34.47
2025-01-03 13:58:00,363.12,135.78,31.32,0.0,0.0,58.47,40.57
2025-01-03 13:59:00,326.95,136.08,23.4,10.27,1.02,62.68,56.84
2025-01-03 14:00:00,321.92,140.49,34.64,6.05,7.29,67.13,7.29
2025-01-03 14:01:00,318.4,143.32,25.42,2.63,0.42,66.13,1.7
2025-01-03 14:02:00,280.05,129.96,24.58,7.46,6.57,67.0,0.0
2025-01-03 14:03:00,312.9,129.36,33.85,9.57,6.43,57.07,0.0
2025-01-03 14:04:00,270.26,134.02,21.07,4.02,4.31,63.66,0.0
2025-01-03 14:05:00,293.6,138.84,19.41,7.3,12.41,53.78,22.34
2025-01-03 14:06:00,329.11,138.5,29.75,2.19,2.38,68.37,21.63
2025-01-03 14:07:00,329.51,140.79,23.19,0.2,3.65,55.96,22.86
2025-01-03 14:08:00,282.7,131.71,24.68,9.96,4.43,49.81,0.0
2025-01-03 14:09:00,293.78,127.24,22.71,13.57,4.41,65.02,24.92
2025-01-03 14:10:00,278.24,139.94,26.16,6.86,0.0,52.23,0.0
2025-01-03 14:11:00,271.51,133.2,24.41,0.0,0.0,73.72,0.0
2025-01-03 14:12:00,320.96,128.43,24.01,3.38,12.05,65.97,0.0
2025-01-03 14:13:00,255.71,137.09,38.54,0.0,8.56,62.9,0.0
2025-01-03 14:14:00,299.42,139.68,30.65,1.56,8.93,55.92,0.0
2025-01-03 14:15:00,293.62,136.02,24.3,10.39,0.0,49.15,26.57
2025-01-03 14:16:00,329.37,134.68,19.22,17.31,0.76,65.33,17.33
2025-01-03 14:17:00,314.63,135.87,33.28,8.2,4.25,54.09,0.0
2025-01-03 14:18:00,330.81,135.03,25.41,14.23,3.9,62.66,24.02
2025-01-03 14:19:00,292.39,131.12,31.57,10.86,16.99,51.99,17.91
2025-01-03 14:20:00,281.33,133.65,26.19,9.76,0.0,61.47,11.01
2025-01-03 14:21:00,293.19,138.59,17.22,8.91,0.0,58.63,19.04
2025-01-03 14:22:00,305.91,137.79,19.76,5.68,1.83,59.53,15.37
2025-01-03 14:23:00,304.45,137.18,26.91,2.88,0.0,58.69,0.0
2025-01-03 14:24:00,299.62,132.53,22.05,10.81,0.0,58.81,15.28
2025-01-03 14:25:00,300.67,135.78,26.66,3.56,5.6,58.59,17.7
2025-01-03 14:26:00,330.96,127.8,22.85,6.3,1.88,60.43,21.28
2025-01-03 14:27:00,303.08,137.22,21.06,11.53,5.26,67.28,0.0
2025-01-03 14:28:00,307.03,142.22,31.93,10.91,3.31,66.73,2.21
2025-01-03 14:29:00,287.73,130.61,27.93,13.79,6.29,56.5,12.82
2025-01-03 14:30:00,308.74,134.16,31.73,14.49,0.0,56.56,38.35
2025-01-03 14:31:00,312.41,137.82,22.71,9.92,0.0,62.1,6.47
2025-01-03 14:32:00,268.67,141.52,21.71,10.5,0.0,50.81,0.0
2025-01-03 14:33:00,266.75,134.72,26.42,0.0,7.16,60.23,0.0
2025-01-03 14:34:00,320.62,133.74,25.95,2.54,5.02,66.28,0.0
2025-01-03 14:35:00,260.55,128.63,28.94,0.6,0.0,61.21,18.99
2025-01-03 14:36:00,311.45,136.92,33.52,2.03,4.61,67.01,13.05
2025-01-03 14:37:00,315.92,144.68,24.58,5.04,0.0,65.3,1.59
2025-01-03 14:38:00,296.94,137.62,27.81,0.0,4.24,60.29,9.31
2025-01-03 14:39:00,273.59,136.42,25.8,3.18,6.03,60.1,0.0
2025-01-03 14:40:00,280.56,137.8,26.31,2.48,6.43,55.69,10.72
2025-01-03 14:41:00,300.33,136.46,20.21,6.54,2.56,55.24,4.53
2025-01-03 14:42:00,297.3,133.26,35.1,18.7,5.68,78.93,0.0
2025-01-03 14:43:00,317.9,139.8,28.44,0.78,0.0,60.31,0.0
2025-01-03 14:44:00,311.65,137.41,27.39,7.26,1.46,78.0,0.0
2025-01-03 14:45:00,266.97,136.58,24.99,1.25,0.0,68.14,0.0
2025-01-03 14:46:00,292.35,132.61,22.97,8.01,0.0,61.65,13.99
2025-01-03 14:47:00,283.6,141.72,30.22,0.0,0.27,62.57,0.0
2025-01-03 14:48:00,330.01,139.17,35.7,5.09,0.0,67.87,2.35
2025-01-03 14:49:00,303.1,134.3,33.51,11.74,9.56,64.94,35.26
2025-01-03 14:50:00,308.58,140.52,31.29,0.0,0.61,61.57,15.41
2025-01-03 14:51:00,236.66,134.52,23.07,0.83,7.16,60.96,0.0
2025-01-03 14:52:00,300.06,133.38,27.53,0.0,0.0,58.46,33.35
2025-01-03 14:53:00,286.05,133.47,30.79,13.68,0.0,57.29,0.0
2025-01-03 14:54:00,279.88,129.42,37.26,1.96,0.0,69.72,0.0
2025-01-03 14:55:00,274.37,138.39,30.69,5.07,8.13,65.86,0.0
2025-01-03 14:56:00,320.34,129.18,23.85,11.74,3.42,47.35,23.05
2025-01-03 14:57:00,320.26,131.59,19.53,2.43,18.04,68.42,5.97
2025-01-03 14:58:00,277.01,128.21,21.95,4.8,0.0,50.29,24.47
2025-01-03 14:59:00,283.28,136.16,31.23,4.73,0.0,57.13,0.0
2025-01-03 15:00:00,293.64,135.91,22.41,0.0,12.11,58.14,0.0
2025-01-03 15:01:00,310.5,135.2,30.53,2.29,5.58,54.64,0.0
2025-01-03 15:02:00,334.07,132.34,30.05,7.28,6.5,63.8,0.0
2025-01-03 15:03:00,300.42,131.82,34.93,4.45,4.9,57.9,0.0
2025-01-03 15:04:00,328.22,138.37,25.77,6.18,0.0,63.84,0.0
2025-01-03 15:05:00,274.17,134.31,30.04,6.27,0.0,48.23,14.05
2025-01-03 15:06:00,332.1,137.77,32.97,12.24,8.16,65.52,22.55
2025-01-03 15:07:00,298.95,132.97,30.35,10.98,0.0,55.26,0.0
2025-01-03 15:08:00,304.87,137.23,20.45,7.14,0.0,61.52,0.0
2025-01-03 15:09:00,246.81,141.72,28.59,8.35,3.05,59.12,0.0
2025-01-03 15:10:00,306.97,138.85,28.42,8.43,5.91,62.11,12.36
2025-01-03 15:11:00,260.6,134.86,33.92,9.11,1.54,52.37,0.0
2025-01-03 15:12:00,288.17,137.54,22.72,7.6,9.59,60.65,0.0
2025-01-03 15:13:00,313.43,135.55,23.46,11.0,9.04,58.7,0.0
2025-01-03 15:14:00,236.56,136.54,23.96,4.34,4.7,49.83,0.0
2025-01-03 15:15:00,340.74,135.21,28.18,22.91,4.88,67.9,0.0
2025-01-03 15:16:00,261.02,135.85,24.5,5.93,0.0,60.96,0.0
2025-01-03 15:17:00,270.73,137.36,22.51,2.32,4.76,61.05,0.0
2025-01-03 15:18:00,281.15,132.53,25.86,0.0,0.0,70.54,0.0
2025-01-03 15:19:00,290.16,132.44,35.43,5.6,1.6,50.82,11.63
2025-01-03 15:20:00,318.25,130.95,23.22,7.56,12.08,57.88,26.55
2025-01-03 15:21:00,310.05,130.11,23.93,12.64,5.49,62.48,10.97
2025-01-03 15:22:00,262.96,131.64,26.42,3.42,0.0,65.77,0.0
2025-01-03 15:23:00,255.42,137.15,23.12,3.89,0.0,61.34,0.0
2025-01-03 15:24:00,303.24,132.94,22.11,6.09,7.91,73.68,0.0
2025-01-03 15:25:00,1376.85,138.56,34.11,12.15,4.21,59.94,9.08
2025-01-03 15:26:00,283.92,136.65,41.71,3.6,0.61,50.36,0.0
2025-01-03 15:27:00,298.99,128.63,29.33,8.12,16.27,68.04,0.0
2025-01-03 15:28:00,262.33,139.13,28.39,12.14,1.21,63.86,9.59
2025-01-03 15:29:00,295.21,139.75,20.7,3.16,15.38,63.09,15.18
2025-01-03 15:30:00,288.41,132.53,31.84,11.53,3.05,65.58,0.0
2025-01-03 15:31:00,294.58,138.19,24.32,10.25,0.0,61.01,25.74
2025-01-03 15:32:00,302.87,133.08,32.97,6.6,7.0,60.85,9.63
2025-01-03 15:33:00,305.49,136.9,30.01,2.45,13.49,57.21,14.15
2025-01-03 15:34:00,290.13,131.45,21.73,2.73,0.0,62.9,28.83
2025-01-03 15:35:00,283.73,129.34,26.84,0.0,0.0,62.12,2.26
2025-01-03 15:36:00,308.46,134.98,32.91,4.91,12.75,55.99,0.0
2025-01-03 15:37:00,273.86,136.01,30.1,2.49,0.0,70.49,1.48
2025-01-03 15:38:00,318.89,134.92,30.54,18.04,1.41,64.5,2.15
2025-01-03 15:39:00,268.11,131.77,20.05,3.45,0.0,57.02,0.0
2025-01-03 15:40:00,259.77,134.91,25.76,0.0,9.12,66.28,3.75
2025-01-03 15:41:00,318.37,137.59,32.0,0.0,0.0,64.79,49.18
2025-01-03 15:42:00,286.48,136.33,34.72,0.0,0.82,57.52,13.46
2025-01-03 15:43:00,259.27,137.24,28.89,4.27,2.12,57.23,0.0
2025-01-03 15:44:00,328.04,133.83,23.69,16.08,1.78,56.51,25.63
2025-01-03 15:45:00,285.8,141.2,27.27,4.36,3.49,67.18,0.0
2025-01-03 15:46:00,285.23,131.8,34.17,0.63,4.99,69.32,0.0
2025-01-03 15:47:00,356.62,138.46,19.84,11.64,2.45,70.49,70.04
2025-01-03 15:48:00,306.8,141.24,31.89,8.53,0.2,69.5,23.11
2025-01-03 15:49:00,314.0,138.43,20.37,5.29,0.0,61.5,0.0
2025-01-03 15:50:00,260.31,135.7,29.98,0.0,0.0,56.16,0.0
2025-01-03 15:51:00,316.72,134.4,32.08,10.13,1.29,74.88,2.64
2025-01-03 15:52:00,336.28,140.65,29.54,6.59,14.74,70.09,10.56
2025-01-03 15:53:00,304.1,130.82,27.22,9.32,9.83,59.74,0.39
2025-01-03 15:54:00,320.21,132.63,30.99,12.5,12.81,63.88,0.0
2025-01-03 15:55:00,261.15,134.92,28.82,12.4,15.28,58.9,0.0
2025-01-03 15:56:00,291.48,141.46,30.98,2.45,0.0,58.03,0.0
2025-01-03 15:57:00,293.2,138.03,26.57,6.95,4.35,60.33,0.0
2025-01-03 15:58:00,259.33,132.64,28.67,1.4,2.57,51.23,19.84
2025-01-03 15:59:00,365.53,135.27,36.4,12.82,4.8,66.94,21.03
2025-01-03 16:00:00,305.31,134.05,17.86,9.95,0.0,67.6,38.12
2025-01-03 16:01:00,295.38,133.67,34.72,8.12,0.92,59.45,0.0
2025-01-03 16:02:00,316.86,140.42,35.2,8.89,1.97,55.32,14.98
2025-01-03 16:03:00,288.44,131.02,32.13,0.0,0.0,57.31,0.0
2025-01-03 16:04:00,294.07,142.94,33.23,3.66,13.12,63.76,0.0
2025-01-03 16:05:00,296.34,139.82,19.74,9.71,10.23,65.54,0.0
2025-01-03 16:06:00,318.3,140.87,33.05,8.53,1.71,60.48,1.57
2025-01-03 16:07:00,345.75,134.66,24.89,16.95,3.43,68.47,26.48
2025-01-03 16:08:00,280.23,135.91,18.75,5.54,12.8,57.45,2.62
2025-01-03 16:09:00,286.76,130.78,21.89,12.09,2.49,68.45,9.43
2025-01-03 16:10:00,298.89,134.41,22.28,12.49,11.05,66.3,1.41
2025-01-03 16:11:00,327.93,138.48,32.98,4.16,4.15,56.8,20.56
2025-01-03 16:12:00,288.92,141.69,28.56,3.8,0.45,67.5,0.0
2025-01-03 16:13:00,262.56,132.08,28.34,1.31,3.94,62.36,0.0
2025-01-03 16:14:00,265.93,135.05,33.82,13.85,0.0,57.28,6.16
2025-01-03 16:15:00,308.16,135.9,36.71,2.86,0.0,65.69,5.99
2025-01-03 16:16:00,280.98,130.93,29.75,6.09,1.03,62.39,0.0
2025-01-03 16:17:00,277.01,138.87,26.36,10.93,5.24,66.96,14.3
2025-01-03 16:18:00,283.16,133.61,28.28,1.95,0.0,68.31,16.16
2025-01-03 16:19:00,293.14,135.73,31.6,3.32,0.0,59.65,5.47
2025-01-03 16:20:00,307.65,134.7,17.88,2.11,3.3,63.13,30.98
2025-01-03 16:21:00,256.62,133.35,23.92,0.0,3.1,47.8,0.0
2025-01-03 16:22:00,262.98,136.48,32.67,5.81,2.13,68.19,0.11
2025-01-03 16:23:00,317.56,135.65,24.58,21.46,0.0,64.31,39.8
2025-01-03 16:24:00,278.72,135.02,36.03,0.16,0.0,55.47,10.69
2025-01-03 16:25:00,286.25,133.59,16.92,13.13,3.49,67.71,43.33
2025-01-03 16:26:00,271.84,137.79,25.28,0.0,0.0,57.29,0.0
2025-01-03 16:27:00,309.49,143.12,16.58,3.86,0.0,70.9,5.27
2025-01-03 16:28:00,322.89,137.07,32.84,9.74,9.31,61.56,0.0
2025-01-03 16:29:00,250.17,140.49,26.46,3.05,0.0,57.8,6.46
2025-01-03 16:30:00,297.43,130.95,35.4,0.28,0.0,64.05,0.0
2025-01-03 16:31:00,352.49,137.14,20.21,9.58,3.69,71.75,5.78
2025-01-03 16:32:00,267.44,132.12,26.67,12.27,0.0,56.68,0.0
2025-01-03 16:33:00,272.35,130.6,27.62,11.81,0.0,69.67,2.72
2025-01-03 16:34:00,310.02,133.55,27.78,10.85,16.28,59.38,0.0
2025-01-03 16:35:00,279.32,141.28,24.84,6.04,0.31,63.07,3.47
2025-01-03 16:36:00,290.86,140.31,31.47,1.53,0.0,62.68,13.32
2025-01-03 16:37:00,316.67,137.48,27.42,2.77,2.72,63.22,18.25
2025-01-03 16:38:00,312.78,130.38,29.66,5.77,4.15,62.54,0.0
2025-01-03 16:39:00,283.59,135.72,31.55,2.54,6.04,55.97,0.0
2025-01-03 16:40:00,286.13,137.72,28.02,9.04,0.0,63.83,0.0
2025-01-03 16:41:00,294.42,137.21,35.37,7.48,0.0,46.93,2.97
2025-01-03 16:42:00,288.26,129.13,33.71,7.99,0.0,56.83,15.76
2025-01-03 16:43:00,288.96,132.95,17.53,13.43,0.0,56.84,19.36
2025-01-03 16:44:00,305.57,136.25,33.57,15.81,0.0,52.13,0.0
2025-01-03 16:45:00,273.93,138.65,19.7,7.86,0.0,52.97,3.42
2025-01-03 16:46:00,318.51,127.72,24.17,5.2,1.22,69.87,42.25
2025-01-03 16:47:00,263.8,135.86,22.24,0.0,0.0,62.39,0.0
2025-01-03 16:48:00,299.41,137.08,26.66,21.94,2.38,51.42,0.9
2025-01-03 16:49:00,298.91,139.91,28.99,8.57,0.0,70.49,0.0
2025-01-03 16:50:00,321.47,139.28,36.3,17.2,0.0,68.78,18.0
2025-01-03 16:51:00,315.66,138.84,30.69,0.0,9.44,74.02,0.0
2025-01-03 16:52:00,326.06,133.31,25.03,10.78,8.95,66.14,18.32
2025-01-03 16:53:00,268.19,128.88,30.14,0.0,0.0,51.15,0.0
2025-01-03 16:54:00,284.56,134.94,25.41,4.45,0.0,69.11,3.91
2025-01-03 16:55:00,301.1,140.51,23.47,9.12,1.18,58.72,9.68
2025-01-03 16:56:00,297.47,142.08,32.67,0.0,14.33,62.92,0.0
2025-01-03 16:57:00,303.69,139.35,30.54,0.0,0.88,65.84,0.0
2025-01-03 16:58:00,277.22,138.23,29.94,9.59,0.0,61.53,0.0
2025-01-03 16:59:00,263.46,138.03,29.73,10.57,4.95,52.25,22.4
2025-01-03 17:00:00,291.82,134.28,33.5,0.97,2.2,67.32,0.0
2025-01-03 17:01:00,273.73,135.99,32.62,0.0,0.16,65.21,13.71
2025-01-03 17:02:00,284.89,143.18,30.74,0.0,0.0,68.42,0.0
2025-01-03 17:03:00,251.94,132.74,16.82,0.0,0.0,61.76,0.0
2025-01-03 17:04:00,261.13,142.97,24.74,3.47,15.41,71.4,0.0
2025-01-03 17:05:00,285.99,135.22,25.89,2.27,4.16,65.79,26.85
2025-01-03 17:06:00,280.18,141.81,30.37,5.34,0.0,66.31,4.98
2025-01-03 17:07:00,276.62,130.88,18.52,8.42,15.55,58.57,0.0
2025-01-03 17:08:00,329.26,138.85,30.06,16.61,7.08,76.14,4.29
2025-01-03 17:09:00,320.09,133.56,22.33,6.71,6.31,65.42,0.0
2025-01-03 17:10:00,309.55,130.85,24.72,8.04,5.6,57.93,22.72
2025-01-03 17:11:00,257.45,137.38,32.84,3.56,0.0,57.57,0.0
2025-01-03 17:12:00,352.84,140.55,37.11,5.66,6.7,58.0,25.85
2025-01-03 17:13:00,291.12,133.13,26.34,10.87,0.0,66.15,0.0
2025-01-03 17:14:00,294.84,130.51,37.73,2.57,0.0,57.97,11.79
2025-01-03 17:15:00,314.72,136.14,27.29,12.3,0.32,61.81,5.09
2025-01-03 17:16:00,300.12,136.16,25.77,9.11,0.0,61.85,0.0
2025-01-03 17:17:00,274.84,138.7,23.0,13.58,0.0,65.48,0.95
2025-01-03 17:18:00,295.41,140.31,26.16,0.0,5.59,69.1,1.71
2025-01-03 17:19:00,331.78,136.27,24.01,24.15,3.92,70.7,10.72
2025-01-03 17:20:00,296.01,143.93,25.6,2.98,5.76,57.94,18.3
2025-01-03 17:21:00,329.22,137.41,37.21,3.36,9.94,61.09,9.63
2025-01-03 17:22:00,315.81,135.12,25.89,11.13,4.56,61.25,10.38
2025-01-03 17:23:00,343.12,130.06,34.74,5.52,1.31,69.24,29.11
2025-01-03 17:24:00,318.48,135.46,25.51,4.95,6.87,72.18,0.0
2025-01-03 17:25:00,254.36,135.16,26.15,0.0,5.78,64.27,0.0
2025-01-03 17:26:00,294.22,140.35,19.22,16.95,5.38,64.8,0.0
2025-01-03 17:27:00,307.32,138.36,28.21,14.21,5.57,65.73,0.0
2025-01-03 17:28:00,332.53,131.79,26.32,11.63,0.0,56.9,1.55
2025-01-03 17:29:00,326.79,137.2,38.31,5.15,17.41,58.0,0.0
2025-01-03 17:30:00,298.31,139.19,24.37,11.4,3.63,65.74,0.0
2025-01-03 17:31:00,323.52,142.62,31.63,2.75,6.21,67.11,12.49
2025-01-03 17:32:00,285.07,140.06,28.74,11.23,0.0,52.88,3.51
2025-01-03 17:33:00,356.33,139.55,24.34,18.87,2.55,70.21,5.37
2025-01-03 17:34:00,287.34,136.75,27.92,9.8,8.28,60.42,0.0
2025-01-03 17:35:00,321.54,138.06,38.93,13.45,0.77,56.61,43.23
2025-01-03 17:36:00,291.46,141.51,29.24,14.85,1.32,71.75,0.0
2025-01-03 17:37:00,303.29,131.18,29.1,21.31,16.95,62.31,0.0
2025-01-03 17:38:00,295.9,135.11,26.22,2.92,5.08,70.15,0.0
2025-01-03 17:39:00,317.78,133.42,32.61,2.44,2.6,58.08,41.92
2025-01-03 17:40:00,285.09,138.02,16.91,3.54,0.53,60.2,1.28
2025-01-03 17:41:00,295.69,141.43,20.08,5.87,6.62,49.1,35.75
2025-01-03 17:42:00,249.77,134.12,28.35,0.0,7.09,56.78,0.0
2025-01-03 17:43:00,306.91,126.95,20.49,7.08,1.35,62.23,31.2
2025-01-03 17:44:00,271.19,134.86,27.9,5.69,0.0,61.56,0.0
2025-01-03 17:45:00,288.63,140.16,28.15,8.28,0.0,56.37,0.0
2025-01-03 17:46:00,280.93,138.66,30.78,2.49,0.0,77.66,1.37
2025-01-03 17:47:00,308.47,138.22,35.08,6.9,2.35,58.9,29.49
2025-01-03 17:48:00,309.38,135.39,20.19,7.51,3.24,65.07,0.0
2025-01-03 17:49:00,298.95,131.39,26.37,9.2,10.26,62.12,0.0
2025-01-03 17:50:00,273.55,138.57,26.49,0.86,0.0,60.16,0.0
2025-01-03 17:51:00,260.41,133.17,21.24,16.4,6.19,72.07,0.0
2025-01-03 17:52:00,319.41,145.24,24.15,21.3,0.48,70.6,0.0
2025-01-03 17:53:00,336.76,138.79,39.79,9.85,6.08,67.66,0.0
2025-01-03 17:54:00,313.01,134.19,44.58,0.0,2.42,67.37,22.27
2025-01-03 17:55:00,341.27,134.06,27.98,11.11,4.55,49.33,72.75
2025-01-03 17:56:00,245.62,136.14,22.2,1.69,0.0,70.01,0.0
2025-01-03 17:57:00,280.47,135.55,26.99,11.11,7.19,59.6,15.12
2025-01-03 17:58:00,363.14,140.98,18.74,10.66,7.39,68.38,28.43
2025-01-03 17:59:00,280.77,137.25,20.34,11.7,0.0,54.02,0.0
2025-01-03 18:00:00,340.6,133.58,27.53,25.47,4.71,68.47,25.34
2025-01-03 18:01:00,311.68,144.07,33.5,27.93,1.31,64.95,0.0
2025-01-03 18:02:00,320.43,136.71,29.53,30.26,7.29,68.09,0.0
2025-01-03 18:03:00,291.92,139.58,28.42,38.99,5.65,63.55,7.56
2025-01-03 18:04:00,286.17,134.08,26.27,28.14,0.0,62.77,0.0
2025-01-03 18:05:00,346.72,137.96,31.89,24.83,12.25,70.88,21.09
2025-01-03 18:06:00,304.63,137.75,25.84,32.94,7.48,74.13,14.32
2025-01-03 18:07:00,301.11,128.95,32.03,27.99,0.0,50.28,21.97
2025-01-03 18:08:00,353.11,144.57,31.79,33.03,10.91,69.42,0.28
2025-01-03 18:09:00,342.61,141.67,33.94,26.19,5.29,67.31,18.08
2025-01-03 18:10:00,261.35,134.92,23.94,20.97,6.43,49.59,24.9
2025-01-03 18:11:00,393.1,132.1,25.59,32.08,7.97,60.04,49.85
2025-01-03 18:12:00,354.94,137.9,43.42,35.99,0.0,72.92,2.58
2025-01-03 18:13:00,315.07,136.86,36.06,25.2,3.48,60.82,0.0
2025-01-03 18:14:00,345.79,137.93,27.11,24.1,1.34,67.59,18.17
2025-01-03 18:15:00,300.05,137.27,22.71,30.08,0.03,62.48,0.0
2025-01-03 18:16:00,295.87,138.53,28.71,27.37,3.44,62.18,0.0
2025-01-03 18:17:00,302.5,142.3,36.06,31.98,0.0,62.77,0.0
2025-01-03 18:18:00,322.75,138.78,31.55,26.76,7.7,55.93,0.0
2025-01-03 18:19:00,331.93,132.31,34.98,24.58,7.57,68.23,0.0
2025-01-03 18:20:00,321.88,141.96,28.1,30.69,5.84,65.4,0.0
2025-01-03 18:21:00,321.59,143.07,35.63,29.54,5.18,62.23,0.0
2025-01-03 18:22:00,306.64,149.12,32.54,23.68,13.74,56.6,6.07
2025-01-03 18:23:00,316.46,132.01,29.75,30.88,0.91,66.76,0.0
2025-01-03 18:24:00,362.55,137.48,30.28,25.75,0.0,64.4,26.3
2025-01-03 18:25:00,313.48,128.18,34.46,28.39,0.0,73.77,5.31
2025-01-03 18:26:00,306.13,138.72,30.86,33.97,0.0,67.76,0.0
2025-01-03 18:27:00,286.54,134.32,23.6,29.81,3.71,61.7,0.0
2025-01-03 18:28:00,300.72,144.2,16.12,32.9,2.78,53.14,0.0
2025-01-03 18:29:00,325.13,133.41,34.98,34.99,3.51,60.15,0.0
2025-01-03 18:30:00,302.45,129.75,26.83,28.04,0.0,65.78,1.69
2025-01-03 18:31:00,341.8,134.62,38.34,36.27,11.78,70.4,0.0
2025-01-03 18:32:00,292.74,128.61,26.65,32.59,0.0,58.34,0.0
2025-01-03 18:33:00,294.68,139.51,29.38,18.48,1.07,65.23,0.0
2025-01-03 18:34:00,343.91,128.25,30.64,35.53,0.0,59.33,22.03
2025-01-03 18:35:00,318.14,136.62,41.1,28.67,0.0,64.55,0.0
2025-01-03 18:36:00,359.12,128.2,29.96,38.52,5.01,60.68,0.0
2025-01-03 18:37:00,297.28,135.23,34.73,30.38,0.0,66.08,3.99
2025-01-03 18:38:00,347.8,143.08,33.28,28.76,4.47,53.57,7.47
2025-01-03 18:39:00,326.11,137.95,24.14,34.33,8.98,61.68,0.92
2025-01-03 18:40:00,383.83,133.05,33.83,30.31,0.95,56.28,37.81
2025-01-03 18:41:00,304.25,136.38,34.49,26.53,11.54,69.03,0.0
2025-01-03 18:42:00,348.23,136.58,31.78,28.34,7.55,67.8,9.1
2025-01-03 18:43:00,343.93,138.4,33.6,23.53,6.44,64.67,15.67
2025-01-03 18:44:00,317.79,131.04,22.73,30.73,0.8,64.68,0.0
2025-01-03 18:45:00,325.82,138.88,34.55,33.67,2.35,57.91,0.0
2025-01-03 18:46:00,342.06,125.69,26.5,30.0,0.0,55.38,38.33
2025-01-03 18:47:00,306.48,133.99,27.1,33.92,1.63,57.18,0.0
2025-01-03 18:48:00,352.12,134.56,28.05,29.93,0.0,67.2,47.38
2025-01-03 18:49:00,365.63,139.04,32.54,27.63,3.86,75.43,0.0
2025-01-03 18:50:00,357.77,136.6,29.36,44.14,3.29,63.96,51.12
2025-01-03 18:51:00,288.45,130.89,22.92,24.65,2.59,71.1,0.0
2025-01-03 18:52:00,315.97,132.57,21.78,27.39,0.0,56.34,40.28
2025-01-03 18:53:00,374.88,137.3,38.37,32.23,14.08,63.41,11.94
2025-01-03 18:54:00,316.76,136.19,25.49,41.56,14.71,53.77,0.0
2025-01-03 18:55:00,291.28,134.19,29.18,28.05,0.31,55.92,4.34
2025-01-03 18:56:00,349.84,134.58,26.84,37.65,6.85,62.67,21.04
2025-01-03 18:57:00,308.35,139.29,24.41,28.05,9.23,60.99,0.0
2025-01-03 18:58:00,318.46,134.44,30.89,27.15,0.0,64.69,0.0
2025-01-03 18:59:00,320.83,136.16,30.83,25.18,8.75,65.31,0.0
2025-01-03 19:00:00,335.4,145.19,27.62,32.4,39.01,10.71,24.61
2025-01-03 19:01:00,339.28,130.81,30.21,39.62,37.56,20.7,19.63
2025-01-03 19:02:00,249.74,129.1,24.17,23.03,41.32,9.68,0.0
2025-01-03 19:03:00,315.91,139.64,27.99,33.88,39.53,6.88,17.01
2025-01-03 19:04:00,291.64,133.79,24.52,30.2,44.06,7.87,9.55
2025-01-03 19:05:00,275.88,135.24,36.06,24.62,40.79,17.59,0.0
2025-01-03 19:06:00,290.96,133.38,25.95,29.58,28.96,17.51,2.48
2025-01-03 19:07:00,278.76,135.47,24.02,21.89,38.92,6.81,0.0
2025-01-03 19:08:00,338.83,142.9,31.01,31.47,47.18,15.8,3.48
2025-01-03 19:09:00,293.36,139.72,34.5,32.99,46.89,13.91,0.0
2025-01-03 19:10:00,303.41,139.96,31.15,24.46,42.94,12.21,0.0
2025-01-03 19:11:00,298.19,130.84,24.14,21.09,40.68,11.78,0.0
2025-01-03 19:12:00,278.69,131.9,33.08,27.18,44.55,14.19,0.0
2025-01-03 19:13:00,312.12,125.15,27.3,33.77,43.74,14.62,0.0
2025-01-03 19:14:00,309.41,133.27,26.59,23.4,41.43,17.11,0.0
2025-01-03 19:15:00,288.97,140.34,25.44,31.55,33.72,10.52,5.12
2025-01-03 19:16:00,282.51,138.58,23.01,26.27,55.11,8.28,2.61
2025-01-03 19:17:00,291.68,135.62,28.17,22.32,42.84,2.22,2.4
2025-01-03 19:18:00,271.72,136.42,33.63,28.73,40.54,5.08,0.0
2025-01-03 19:19:00,315.07,133.75,28.31,38.57,41.47,13.25,11.23
2025-01-03 19:20:00,294.86,137.33,26.73,38.64,43.29,16.88,17.45
2025-01-03 19:21:00,326.28,139.57,38.02,25.09,43.04,16.78,0.0
2025-01-03 19:22:00,382.54,130.04,25.36,42.77,47.71,13.92,40.96
2025-01-03 19:23:00,331.55,137.71,29.79,27.06,45.08,20.33,9.46
2025-01-03 19:24:00,317.35,140.24,31.14,30.66,47.24,11.56,4.59
2025-01-03 19:25:00,306.76,134.85,26.09,43.83,48.31,2.93,6.06
2025-01-03 19:26:00,294.18,139.31,33.52,30.48,46.65,11.3,0.0
2025-01-03 19:27:00,333.93,147.77,24.67,27.27,42.23,19.8,0.0
2025-01-03 19:28:00,266.83,136.09,28.43,27.43,43.73,10.98,0.0
2025-01-03 19:29:00,274.64,138.08,25.7,25.34,50.63,12.67,0.0
2025-01-03 19:30:00,289.64,133.56,21.96,23.01,32.63,9.55,40.09
2025-01-03 19:31:00,317.45,137.23,24.59,43.62,47.6,14.42,3.44
2025-01-03 19:32:00,318.47,138.35,26.81,32.09,45.15,8.16,0.0
2025-01-03 19:33:00,312.68,137.29,21.92,22.01,38.74,19.64,12.66
2025-01-03 19:34:00,248.31,132.43,26.13,24.12,53.08,17.72,0.0
2025-01-03 19:35:00,315.73,137.33,29.08,40.92,31.34,11.11,18.85
2025-01-03 19:36:00,319.48,142.36,27.76,41.21,35.39,16.36,0.0
2025-01-03 19:37:00,330.13,138.3,32.85,22.89,46.03,8.22,5.09
2025-01-03 19:38:00,312.92,140.36,24.01,26.86,41.8,5.27,15.68
2025-01-03 19:39:00,327.04,135.56,30.15,38.18,45.64,21.62,0.0
2025-01-03 19:40:00,318.51,139.51,25.23,42.35,26.95,23.04,0.0
2025-01-03 19:41:00,285.1,137.63,26.07,31.27,32.13,10.13,14.87
2025-01-03 19:42:00,333.24,132.7,32.61,36.29,43.42,19.4,14.86
2025-01-03 19:43:00,329.78,137.78,19.73,25.79,44.78,21.13,35.23
2025-01-03 19:44:00,284.95,132.54,23.66,28.13,34.38,11.95,0.0
2025-01-03 19:45:00,339.22,133.98,28.83,29.96,47.66,6.57,0.0
2025-01-03 19:46:00,304.58,137.27,34.77,23.98,35.68,3.73,0.0
2025-01-03 19:47:00,335.92,137.7,33.11,30.24,38.75,6.88,24.74
2025-01-03 19:48:00,315.22,131.75,28.22,28.82,42.47,16.95,22.0
2025-01-03 19:49:00,315.35,140.72,22.29,25.22,38.09,12.68,14.37
2025-01-03 19:50:00,282.73,138.8,21.03,27.19,38.04,11.61,24.9
2025-01-03 19:51:00,288.64,133.69,22.4,23.36,44.24,22.27,0.0
2025-01-03 19:52:00,333.2,130.36,16.52,40.16,42.74,19.1,37.51
2025-01-03 19:53:00,262.89,135.93,27.49,23.61,43.29,1.38,0.0
2025-01-03 19:54:00,281.95,134.72,27.32,32.06,35.02,15.22,0.0
2025-01-03 19:55:00,328.61,136.96,26.86,37.62,46.86,21.6,0.0
2025-01-03 19:56:00,284.11,135.06,34.78,27.19,41.69,11.11,0.0
2025-01-03 19:57:00,247.82,128.48,28.85,29.23,37.55,0.18,0.0
2025-01-03 19:58:00,318.74,134.95,39.03,24.37,46.23,3.29,20.19
2025-01-03 19:59:00,324.7,135.29,25.52,34.69,45.65,14.34,14.93
2025-01-03 20:00:00,312.54,139.04,30.76,22.16,46.54,14.05,0.0
2025-01-03 20:01:00,299.38,133.72,26.81,41.94,42.13,5.2,0.21
2025-01-03 20:02:00,276.78,143.22,34.42,15.23,32.63,7.89,0.0
2025-01-03 20:03:00,271.44,128.86,24.72,23.42,39.68,7.28,0.0
2025-01-03 20:04:00,303.06,141.75,22.55,35.91,32.63,8.65,21.82
2025-01-03 20:05:00,341.84,135.61,31.65,26.81,49.09,19.19,14.41
2025-01-03 20:06:00,325.4,139.95,34.27,27.76,44.8,6.11,0.0
2025-01-03 20:07:00,350.79,136.83,29.35,36.75,41.28,14.6,13.39
2025-01-03 20:08:00,296.82,141.07,30.01,27.91,40.48,14.37,17.12
2025-01-03 20:09:00,312.12,134.96,38.93,26.56,34.52,22.37,16.66
2025-01-03 20:10:00,289.92,132.11,28.78,18.69,38.46,23.29,0.0
2025-01-03 20:11:00,325.72,142.19,27.13,19.03,36.79,4.59,37.19
2025-01-03 20:12:00,292.68,136.05,28.88,20.62,37.56,10.91,10.78
2025-01-03 20:13:00,331.31,137.39,27.3,37.98,38.62,8.58,35.33
2025-01-03 20:14:00,294.34,141.45,33.01,25.64,43.72,2.74,15.44
2025-01-03 20:15:00,322.75,132.38,27.98,32.99,43.85,12.74,15.36
2025-01-03 20:16:00,298.05,138.89,22.4,31.03,47.85,15.05,0.0
2025-01-03 20:17:00,350.98,134.15,37.99,25.33,50.52,7.15,0.0
2025-01-03 20:18:00,279.05,135.98,28.95,28.33,33.22,4.23,6.27
2025-01-03 20:19:00,273.23,136.8,23.13,20.52,47.23,13.01,0.0
2025-01-03 20:20:00,309.52,130.51,32.96,23.02,49.3,9.96,0.0
2025-01-03 20:21:00,290.53,133.39,28.77,33.79,44.27,13.44,0.0
2025-01-03 20:22:00,325.35,141.91,25.87,21.59,39.69,16.39,0.0
2025-01-03 20:23:00,341.57,140.05,28.71,30.06,33.9,13.44,22.86
2025-01-03 20:24:00,334.08,136.26,33.78,36.3,35.43,3.79,20.51
2025-01-03 20:25:00,271.43,137.48,23.05,28.32,41.92,2.52,0.0
2025-01-03 20:26:00,348.03,135.33,35.18,34.19,42.82,12.07,14.42
2025-01-03 20:27:00,311.08,141.93,32.13,14.92,30.1,14.11,23.83
2025-01-03 20:28:00,337.39,135.71,24.39,30.16,52.73,20.27,4.17
2025-01-03 20:29:00,303.94,137.44,33.46,28.77,32.92,9.32,5.11
2025-01-03 20:30:00,284.15,141.09,32.29,32.13,40.56,13.08,0.0
2025-01-03 20:31:00,301.75,133.4,44.16,38.42,34.36,10.1,4.57
2025-01-03 20:32:00,397.23,142.74,28.56,35.18,44.07,12.03,52.77
2025-01-03 20:33:00,292.34,130.39,21.24,40.02,46.23,8.72,0.0
2025-01-03 20:34:00,298.93,143.03,24.94,31.51,51.34,3.7,0.0
2025-01-03 20:35:00,327.98,135.02,27.15,27.9,40.44,13.75,6.7
2025-01-03 20:36:00,285.22,135.54,40.45,36.79,36.98,18.53,0.0
2025-01-03 20:37:00,295.99,128.95,23.72,27.55,45.29,17.73,5.22
2025-01-03 20:38:00,345.0,134.69,37.24,32.33,45.18,14.81,16.0
2025-01-03 20:39:00,288.98,132.35,26.65,31.91,42.16,27.08,1.83
2025-01-03 20:40:00,311.92,134.08,30.47,29.84,38.01,0.0,24.3
2025-01-03 20:41:00,302.08,135.96,25.58,28.29,44.61,2.74,0.0
2025-01-03 20:42:00,312.67,140.34,32.7,23.81,45.84,21.03,0.0
2025-01-03 20:43:00,313.5,137.34,25.0,34.15,36.47,20.42,0.0
2025-01-03 20:44:00,289.42,137.74,25.74,42.09,44.54,17.18,0.0
2025-01-03 20:45:00,287.39,132.13,30.82,20.55,42.94,13.59,0.0
2025-01-03 20:46:00,329.15,132.99,22.15,40.39,41.97,25.47,0.0
2025-01-03 20:47:00,296.1,143.7,30.32,27.02,29.17,7.63,20.53
2025-01-03 20:48:00,300.14,133.57,39.15,36.24,50.29,10.84,0.0
2025-01-03 20:49:00,332.12,143.13,31.69,35.11,37.92,19.79,0.0
2025-01-03 20:50:00,299.0,135.54,30.31,29.94,40.57,13.39,0.0
2025-01-03 20:51:00,323.35,136.52,26.6,28.16,44.18,2.41,44.35
2025-01-03 20:52:00,319.27,140.79,29.1,21.53,46.08,29.35,17.59
2025-01-03 20:53:00,324.16,141.6,25.29,30.45,39.67,13.83,0.0
2025-01-03 20:54:00,324.07,136.07,32.3,26.13,40.49,14.69,11.12
2025-01-03 20:55:00,350.6,134.96,27.88,33.21,39.02,6.29,25.37
2025-01-03 20:56:00,305.45,136.28,26.27,30.69,48.18,17.05,0.0
2025-01-03 20:57:00,319.68,137.86,29.18,31.93,38.46,11.33,0.0
2025-01-03 20:58:00,318.41,140.07,24.96,20.33,41.39,3.62,16.51
2025-01-03 20:59:00,327.53,136.53,29.86,31.81,37.21,16.36,25.16
2025-01-03 21:00:00,299.79,138.98,26.62,39.93,48.57,3.81,0.0
2025-01-03 21:01:00,306.06,143.06,25.0,17.46,33.18,12.76,5.87
2025-01-03 21:02:00,282.73,138.03,29.44,40.07,41.94,7.91,0.0
2025-01-03 21:03:00,313.31,137.75,24.75,21.85,26.14,8.83,28.19
2025-01-03 21:04:00,310.41,130.43,22.49,36.66,43.11,11.38,23.62
2025-01-03 21:05:00,291.17,125.99,34.35,29.59,29.25,12.11,0.0
2025-01-03 21:06:00,311.54,138.06,18.97,35.7,40.82,12.21,0.0
2025-01-03 21:07:00,340.21,136.13,30.71,33.01,45.22,3.8,23.7
2025-01-03 21:08:00,306.6,134.45,29.39,26.59,44.5,17.41,0.0
2025-01-03 21:09:00,334.75,137.48,27.34,28.35,47.29,8.1,16.74
2025-01-03 21:10:00,332.91,136.27,33.33,35.96,44.81,3.3,37.47
2025-01-03 21:11:00,322.64,141.02,26.61,24.05,49.92,16.99,9.47
2025-01-03 21:12:00,332.55,136.85,35.83,25.46,34.96,6.49,43.28
2025-01-03 21:13:00,287.22,133.52,19.43,36.12,38.58,8.63,32.7
2025-01-03 21:14:00,311.86,140.47,21.91,30.78,40.8,3.23,0.0
2025-01-03 21:15:00,294.72,135.64,26.24,17.15,49.04,8.23,0.0
2025-01-03 21:16:00,321.85,138.61,17.05,35.08,40.3,11.15,0.0
2025-01-03 21:17:00,301.35,134.6,25.41,28.3,34.99,8.53,0.0
2025-01-03 21:18:00,341.02,133.91,33.74,26.73,42.21,18.72,12.83
2025-01-03 21:19:00,284.87,136.84,14.85,35.41,33.98,10.16,0.0
2025-01-03 21:20:00,304.53,136.56,18.69,31.2,47.15,13.06,8.98
2025-01-03 21:21:00,255.35,138.43,34.68,25.72,27.9,8.54,0.0
2025-01-03 21:22:00,337.01,135.43,28.56,17.51,44.92,23.43,28.63
2025-01-03 21:23:00,269.34,129.16,24.1,32.06,38.7,9.59,5.95
2025-01-03 21:24:00,262.68,134.78,23.62,22.74,40.85,17.28,0.0
2025-01-03 21:25:00,280.74,139.68,30.7,27.98,41.59,0.0,2.18
2025-01-03 21:26:00,282.4,135.32,33.6,25.24,43.68,15.39,0.0
2025-01-03 21:27:00,266.21,135.52,36.34,13.92,41.38,14.61,0.0
2025-01-03 21:28:00,288.33,140.45,35.22,28.38,47.95,8.16,5.66
2025-01-03 21:29:00,318.14,133.66,28.16,39.3,38.04,16.83,0.0
2025-01-03 21:30:00,304.03,130.34,24.52,24.97,40.56,10.62,0.0
2025-01-03 21:31:00,337.23,135.87,36.93,28.44,38.67,18.58,17.95
2025-01-03 21:32:00,258.49,134.57,23.43,25.73,41.83,7.64,0.0
2025-01-03 21:33:00,270.69,132.64,15.03,28.18,48.02,2.93,17.91
2025-01-03 21:34:00,283.47,135.81,23.22,34.17,41.0,7.81,0.0
2025-01-03 21:35:00,300.53,138.47,26.41,32.48,39.45,13.21,0.79
2025-01-03 21:36:00,299.41,136.47,25.42,33.05,35.85,9.44,0.0
2025-01-03 21:37:00,298.4,137.74,24.85,26.44,37.43,13.77,0.0
2025-01-03 21:38:00,340.3,143.76,28.98,36.85,44.97,9.71,5.58
2025-01-03 21:39:00,311.29,135.14,32.4,25.41,39.31,20.09,12.76
2025-01-03 21:40:00,374.56,137.62,31.86,37.36,39.01,21.01,27.18
2025-01-03 21:41:00,314.59,134.47,27.79,33.88,39.75,11.97,0.0
2025-01-03 21:42:00,335.34,133.12,25.93,37.96,37.46,15.58,16.99
2025-01-03 21:43:00,288.28,134.17,20.52,29.82,32.7,11.93,13.64
2025-01-03 21:44:00,302.1,134.59,27.11,35.77,46.39,17.28,0.0
2025-01-03 21:45:00,275.58,137.95,21.91,21.21,47.4,13.96,0.0
2025-01-03 21:46:00,312.07,145.9,30.08,19.55,45.67,10.29,0.0
2025-01-03 21:47:00,292.62,133.64,34.59,21.06,44.09,10.12,0.0
2025-01-03 21:48:00,261.94,134.84,23.05,17.67,40.17,10.19,0.0
2025-01-03 21:49:00,321.46,136.26,32.62,35.19,51.07,10.58,0.0
2025-01-03 21:50:00,301.2,138.09,32.84,32.84,41.62,15.18,7.83
2025-01-03 21:51:00,347.83,137.56,33.21,34.73,47.91,9.62,22.38
2025-01-03 21:52:00,316.39,141.64,23.1,31.35,32.14,8.21,5.55
2025-01-03 21:53:00,319.45,126.8,28.81,28.78,32.47,17.53,9.53
2025-01-03 21:54:00,311.97,126.96,36.08,27.57,41.05,8.82,13.18
2025-01-03 21:55:00,323.51,134.52,31.91,37.47,50.1,11.94,18.27
2025-01-03 21:56:00,318.8,140.9,24.54,22.04,44.19,17.56,10.86
2025-01-03 21:57:00,279.46,130.25,29.28,29.27,40.74,10.3,8.93
2025-01-03 21:58:00,347.75,124.48,25.23,48.18,53.41,10.07,2.02
2025-01-03 21:59:00,274.99,138.79,43.54,17.1,44.28,8.02,0.0
2025-01-03 22:00:00,343.29,137.48,25.28,38.13,45.42,8.89,0.0
2025-01-03 22:01:00,356.22,132.15,16.45,32.14,48.91,10.99,59.79
2025-01-03 22:02:00,306.38,132.57,30.75,32.28,35.35,10.82,17.53
2025-01-03 22:03:00,353.01,132.63,27.04,36.79,45.47,13.04,48.73
2025-01-03 22:04:00,297.07,136.95,31.9,22.11,37.73,13.99,0.0
2025-01-03 22:05:00,309.23,134.0,30.56,21.12,46.46,10.62,0.66
2025-01-03 22:06:00,306.81,138.48,13.62,25.71,40.45,1.83,32.9
2025-01-03 22:07:00,296.7,125.09,24.72,29.31,46.14,25.73,20.01
2025-01-03 22:08:00,313.09,133.08,32.02,23.12,45.83,18.24,0.0
2025-01-03 22:09:00,310.44,132.0,25.54,33.05,39.18,17.14,0.0
2025-01-03 22:10:00,311.59,135.48,20.75,25.26,44.9,11.89,0.0
2025-01-03 22:11:00,334.62,134.36,25.79,45.88,33.06,18.37,0.79
2025-01-03 22:12:00,333.02,139.7,29.06,32.94,47.94,12.96,29.09
2025-01-03 22:13:00,306.62,129.07,32.75,30.89,53.48,2.84,7.57
2025-01-03 22:14:00,301.6,136.69,33.57,42.02,30.65,16.75,0.0
2025-01-03 22:15:00,324.27,138.74,29.28,24.5,41.51,12.27,2.58
2025-01-03 22:16:00,303.38,143.93,28.38,33.0,35.16,3.86,0.0
2025-01-03 22:17:00,307.68,134.58,28.61,27.95,29.16,23.69,0.0
2025-01-03 22:18:00,309.4,137.81,29.67,29.46,47.86,14.84,5.5
2025-01-03 22:19:00,330.75,129.29,37.32,25.17,35.28,17.01,26.37
2025-01-03 22:20:00,327.34,126.94,25.88,28.9,42.05,9.5,56.26
2025-01-03 22:21:00,302.8,139.89,30.38,45.8,52.57,14.09,0.0
2025-01-03 22:22:00,367.13,136.49,30.09,39.93,40.33,18.36,23.15
2025-01-03 22:23:00,310.49,141.22,32.12,33.58,41.94,3.36,0.0
2025-01-03 22:24:00,319.62,131.01,18.07,37.86,43.27,20.0,6.52
2025-01-03 22:25:00,323.7,138.59,35.27,33.08,33.42,13.61,3.09
2025-01-03 22:26:00,313.99,143.98,26.07,38.72,34.34,17.28,4.95
2025-01-03 22:27:00,304.94,138.19,28.88,24.24,40.01,11.27,0.0
2025-01-03 22:28:00,331.82,137.61,30.04,34.03,38.61,16.44,34.0
2025-01-03 22:29:00,281.98,136.54,26.2,28.34,47.58,0.33,0.0
2025-01-03 22:30:00,295.68,130.22,28.92,28.54,34.2,21.5,3.89
2025-01-03 22:31:00,328.47,141.93,30.79,33.61,53.96,5.28,15.93
2025-01-03 22:32:00,329.72,134.06,27.01,28.4,39.33,12.68,0.0
2025-01-03 22:33:00,362.18,138.53,26.4,36.77,60.47,12.89,51.24
2025-01-03 22:34:00,307.6,130.26,29.2,38.94,33.72,10.81,11.55
2025-01-03 22:35:00,289.53,131.79,29.05,7.4,42.81,4.93,7.79
2025-01-03 22:36:00,361.53,142.25,26.6,43.01,50.87,20.1,34.39
2025-01-03 22:37:00,313.45,135.12,27.52,32.89,37.05,17.2,0.0
2025-01-03 22:38:00,294.2,142.32,33.71,38.73,43.63,10.67,2.11
2025-01-03 22:39:00,313.75,136.2,34.88,31.95,33.95,18.0,0.0
2025-01-03 22:40:00,267.73,129.14,29.36,23.55,41.63,18.53,0.0
2025-01-03 22:41:00,299.99,140.08,37.7,32.26,41.46,20.53,0.0
2025-01-03 22:42:00,270.8,134.15,24.23,31.77,41.74,10.91,0.0
2025-01-03 22:43:00,338.64,139.3,30.4,33.3,41.64,16.08,0.0
2025-01-03 22:44:00,251.64,136.61,27.29,25.79,41.73,4.37,11.59
2025-01-03 22:45:00,306.32,130.34,24.29,29.58,41.79,7.38,0.0
2025-01-03 22:46:00,366.55,137.17,30.63,36.02,34.05,14.64,5.47
2025-01-03 22:47:00,303.99,145.29,31.71,17.76,40.21,9.4,25.31
2025-01-03 22:48:00,295.91,138.48,29.43,29.37,35.45,11.08,7.9
2025-01-03 22:49:00,298.01,136.28,32.49,37.67,48.79,1.78,0.0
2025-01-03 22:50:00,265.49,140.81,18.11,33.95,44.64,10.5,0.0
2025-01-03 22:51:00,283.42,137.35,22.92,30.3,43.52,10.29,9.54
2025-01-03 22:52:00,322.0,137.35,30.76,18.04,39.16,22.47,9.41
2025-01-03 22:53:00,301.7,132.14,26.96,36.72,35.18,0.0,0.0
2025-01-03 22:54:00,312.2,137.44,22.46,30.63,32.35,33.38,0.0
2025-01-03 22:55:00,329.49,140.65,29.28,26.27,43.69,15.45,0.0
2025-01-03 22:56:00,294.48,133.16,20.23,23.38,42.94,8.71,8.09
2025-01-03 22:57:00,322.29,142.21,23.43,35.87,43.89,13.16,0.0
2025-01-03 22:58:00,317.04,136.14,30.61,36.2,39.01,12.5,12.44
2025-01-03 22:59:00,349.89,132.96,27.74,35.04,49.04,13.87,0.0
2025-01-03 23:00:00,284.97,140.5,11.33,36.37,42.29,0.0,0.0
2025-01-03 23:01:00,238.17,135.36,5.44,31.23,39.87,0.0,0.0
2025-01-03 23:02:00,270.89,139.55,5.0,38.48,38.07,0.0,9.3
2025-01-03 23:03:00,303.54,135.34,10.91,36.79,49.81,10.05,18.75
2025-01-03 23:04:00,329.05,136.27,5.41,33.13,35.14,6.46,18.74
2025-01-03 23:05:00,363.76,138.48,5.0,28.58,58.84,0.0,50.16
2025-01-03 23:06:00,261.2,137.67,15.27,35.02,42.52,0.0,0.0
2025-01-03 23:07:00,261.91,128.53,5.0,35.74,44.13,12.71,0.0
2025-01-03 23:08:00,272.96,132.02,8.24,28.88,38.73,5.07,0.0
2025-01-03 23:09:00,267.11,140.23,5.0,33.16,42.15,6.23,0.0
2025-01-03 23:10:00,262.77,135.98,7.77,29.72,34.72,0.0,0.0
2025-01-03 23:11:00,278.48,134.41,5.0,25.38,50.93,0.0,10.11
2025-01-03 23:12:00,295.4,131.07,11.43,28.31,34.03,6.7,0.87
2025-01-03 23:13:00,316.61,132.19,13.32,27.02,37.51,5.98,0.0
2025-01-03 23:14:00,269.9,128.42,6.19,28.33,35.24,10.69,0.0
2025-01-03 23:15:00,253.71,136.1,5.0,26.85,43.0,10.84,11.58
2025-01-03 23:16:00,270.3,134.11,12.39,30.61,45.77,8.67,0.0
2025-01-03 23:17:00,291.52,132.64,5.0,34.09,43.79,0.0,14.3
2025-01-03 23:18:00,225.07,136.24,12.02,19.62,46.28,0.0,0.0
2025-01-03 23:19:00,260.12,137.96,5.0,29.75,40.54,7.84,7.99
2025-01-03 23:20:00,274.8,144.88,5.0,33.31,42.44,4.3,7.91
2025-01-03 23:21:00,274.25,130.46,5.0,31.39,39.26,7.76,27.22
2025-01-03 23:22:00,282.9,141.15,10.56,34.9,39.06,10.97,0.0
2025-01-03 23:23:00,274.53,140.4,11.89,35.54,44.21,0.0,3.14
2025-01-03 23:24:00,296.3,133.39,18.83,42.94,39.9,0.0,54.76
2025-01-03 23:25:00,263.62,137.32,5.0,40.76,41.13,6.34,0.0
2025-01-03 23:26:00,282.29,134.68,5.0,34.06,38.56,8.01,9.14
2025-01-03 23:27:00,250.19,137.25,5.0,26.33,44.04,0.0,3.91
2025-01-03 23:28:00,324.68,142.54,5.0,23.99,42.31,12.07,29.28
2025-01-03 23:29:00,301.54,138.93,6.52,26.93,50.23,4.77,36.2
2025-01-03 23:30:00,271.32,138.54,10.14,36.69,44.58,4.87,0.0
2025-01-03 23:31:00,295.48,134.79,13.23,39.86,46.95,0.0,0.0
2025-01-03 23:32:00,241.39,130.57,5.0,26.23,39.32,1.57,1.83
2025-01-03 23:33:00,260.35,135.67,18.48,22.51,52.33,0.0,0.0
2025-01-03 23:34:00,286.21,141.33,9.12,26.44,55.67,2.48,2.06
2025-01-03 23:35:00,292.37,130.4,8.31,27.73,45.4,0.0,24.22
2025-01-03 23:36:00,259.02,132.29,5.98,38.05,47.48,1.67,14.25
2025-01-03 23:37:00,276.69,137.01,9.5,35.48,43.28,1.62,0.0
2025-01-03 23:38:00,281.08,132.57,14.66,24.03,33.44,6.98,0.0
2025-01-03 23:39:00,255.98,133.34,7.55,36.7,40.13,0.0,0.64
2025-01-03 23:40:00,281.47,134.81,5.0,32.34,41.41,2.07,0.0
2025-01-03 23:41:00,256.97,131.05,5.0,36.82,34.93,2.01,1.67
2025-01-03 23:42:00,254.24,132.61,9.15,33.21,37.46,7.18,0.0
2025-01-03 23:43:00,277.43,139.32,6.2,42.64,43.25,0.0,0.0
2025-01-03 23:44:00,292.99,131.28,5.0,31.74,52.71,12.93,24.77
2025-01-03 23:45:00,251.72,130.12,10.76,34.11,47.16,0.26,0.0
2025-01-03 23:46:00,250.4,133.99,9.46,31.21,49.69,0.0,8.4
2025-01-03 23:47:00,319.06,139.44,11.82,45.78,38.57,5.65,23.01
2025-01-03 23:48:00,256.48,135.72,10.52,21.49,52.04,2.0,0.0
2025-01-03 23:49:00,328.9,134.65,18.98,40.55,46.74,3.53,30.59
2025-01-03 23:50:00,266.26,136.69,5.0,39.56,42.05,0.0,0.0
2025-01-03 23:51:00,332.1,129.53,5.46,41.22,51.19,2.11,34.75
2025-01-03 23:52:00,295.26,138.49,5.0,22.91,42.0,0.0,35.75
2025-01-03 23:53:00,313.55,138.04,14.68,30.0,46.27,4.07,14.07
2025-01-03 23:54:00,285.78,134.87,16.7,37.43,47.12,4.72,0.0
2025-01-03 23:55:00,292.8,140.53,5.0,27.12,37.06,11.05,2.97
2025-01-03 23:56:00,249.35,132.0,13.36,26.38,36.71,0.0,6.71
2025-01-03 23:57:00,314.07,141.02,11.6,24.24,52.44,0.0,50.11
2025-01-03 23:58:00,288.79,137.13,6.73,35.65,44.44,6.08,0.0
2025-01-03 23:59:00,229.59,135.16,5.0,37.1,40.8,2.24,0.0
2025-01-04 00:00:00,232.96,123.41,8.17,27.28,6.35,0.0,19.66
2025-01-04 00:01:00,227.31,123.06,20.18,34.65,3.42,4.73,4.54
2025-01-04 00:02:00,227.45,128.37,12.25,34.57,0.0,0.0,0.0
2025-01-04 00:03:00,213.13,119.19,8.06,31.19,1.42,0.0,0.0
2025-01-04 00:04:00,249.96,120.44,12.91,41.73,0.0,0.0,7.27
2025-01-04 00:05:00,282.32,127.64,8.72,42.11,4.62,8.3,34.41
2025-01-04 00:06:00,224.7,121.11,6.21,25.43,1.63,5.9,0.0
2025-01-04 00:07:00,239.54,127.09,5.0,35.89,0.0,1.14,1.93
2025-01-04 00:08:00,279.81,130.29,13.99,43.64,0.0,4.34,0.0
2025-01-04 00:09:00,247.38,121.88,18.64,37.48,2.39,10.31,11.36
2025-01-04 00:10:00,240.44,126.22,17.64,19.52,3.45,0.0,10.85
2025-01-04 00:11:00,216.73,118.88,16.28,29.72,0.0,8.56,26.8
2025-01-04 00:12:00,173.85,126.51,7.04,26.33,14.92,0.0,2.73
2025-01-04 00:13:00,220.7,124.29,6.67,25.14,0.0,3.99,0.0
2025-01-04 00:14:00,207.31,125.38,6.33,27.33,0.0,0.0,5.74
2025-01-04 00:15:00,254.05,120.91,13.15,37.61,8.89,2.08,0.0
2025-01-04 00:16:00,253.77,116.85,6.71,40.49,4.82,10.41,26.68
2025-01-04 00:17:00,285.8,125.5,5.0,37.34,13.98,1.86,51.58
2025-01-04 00:18:00,219.02,115.24,13.11,46.7,9.02,0.0,18.32
2025-01-04 00:19:00,262.86,122.22,11.07,33.63,5.56,0.0,37.48
2025-01-04 00:20:00,289.04,127.26,7.11,34.68,0.0,7.09,50.15
2025-01-04 00:21:00,198.1,124.26,5.54,37.54,0.0,12.04,0.0
2025-01-04 00:22:00,234.15,131.29,5.0,45.82,11.27,0.3,0.0
2025-01-04 00:23:00,232.16,127.59,12.32,40.78,4.35,0.0,0.0
2025-01-04 00:24:00,185.15,120.88,8.95,29.86,3.08,0.0,16.68
2025-01-04 00:25:00,217.93,123.6,5.68,28.77,0.0,4.76,10.17
2025-01-04 00:26:00,245.14,123.3,14.58,39.82,3.26,0.0,0.0
2025-01-04 00:27:00,226.26,117.16,11.13,28.34,15.08,0.0,0.0
2025-01-04 00:28:00,228.95,119.73,13.84,33.63,2.37,0.0,21.76
2025-01-04 00:29:00,237.44,121.25,12.22,27.92,7.75,0.0,0.0
2025-01-04 00:30:00,242.95,115.35,10.85,37.56,0.0,0.0,0.0
2025-01-04 00:31:00,214.94,123.68,10.86,26.56,12.73,0.65,12.14
2025-01-04 00:32:00,227.78,122.5,6.31,26.43,8.7,0.0,0.0
2025-01-04 00:33:00,192.21,116.8,12.25,23.56,4.15,2.75,0.0
2025-01-04 00:34:00,248.17,125.11,5.0,39.42,5.52,0.0,1.02
2025-01-04 00:35:00,284.29,126.36,13.2,44.12,12.92,7.26,25.53
2025-01-04 00:36:00,229.24,124.4,5.0,31.41,7.11,0.0,0.0
2025-01-04 00:37:00,219.67,122.2,5.0,34.05,6.54,7.61,4.63
2025-01-04 00:38:00,270.34,125.86,9.98,35.51,6.02,0.0,38.36
2025-01-04 00:39:00,266.68,126.21,8.0,36.99,0.97,0.0,12.48
2025-01-04 00:40:00,215.63,124.72,7.67,38.32,0.0,0.0,2.46
2025-01-04 00:41:00,259.47,120.19,5.65,39.2,0.0,5.1,24.92
2025-01-04 00:42:00,204.22,124.6,9.91,34.21,0.0,0.0,8.53
2025-01-04 00:43:00,256.33,128.27,15.72,30.26,4.69,2.08,0.0
2025-01-04 00:44:00,226.03,121.11,11.16,28.62,0.94,5.17,15.01
2025-01-04 00:45:00,244.68,131.88,7.46,36.25,0.0,0.0,0.0
2025-01-04 00:46:00,221.36,121.39,8.97,27.17,6.98,0.0,0.0
2025-01-04 00:47:00,242.65,123.62,9.54,35.29,0.0,0.0,38.1
2025-01-04 00:48:00,237.41,120.8,5.0,27.88,4.6,0.0,34.28
2025-01-04 00:49:00,228.09,124.38,8.69,37.29,5.81,0.0,12.59
2025-01-04 00:50:00,230.68,116.52,5.18,49.34,6.49,13.56,0.23
2025-01-04 00:51:00,263.82,121.31,8.03,41.61,5.71,8.42,26.91
2025-01-04 00:52:00,209.74,119.12,5.0,23.86,3.94,0.0,0.0
2025-01-04 00:53:00,227.21,124.03,7.76,36.23,9.42,5.92,0.0
2025-01-04 00:54:00,288.71,127.47,11.42,36.43,8.35,0.0,26.58
2025-01-04 00:55:00,243.48,126.08,6.62,32.09,17.66,0.0,2.11
2025-01-04 00:56:00,222.72,114.01,8.22,29.99,2.13,0.0,9.72
2025-01-04 00:57:00,221.03,131.66,7.29,32.49,0.0,0.0,0.0
2025-01-04 00:58:00,189.25,124.67,10.51,30.55,0.0,0.0,0.82
2025-01-04 00:59:00,275.8,120.39,5.0,36.18,4.02,12.25,0.0
2025-01-04 01:00:00,204.02,124.12,6.25,31.56,11.41,0.0,0.0
2025-01-04 01:01:00,223.29,124.2,5.0,26.78,10.27,7.69,0.0
2025-01-04 01:02:00,219.22,120.82,14.79,37.77,1.5,0.0,3.93
2025-01-04 01:03:00,189.47,124.28,9.98,30.27,0.0,0.0,13.22
2025-01-04 01:04:00,205.44,121.06,10.32,31.6,0.0,7.97,0.0
2025-01-04 01:05:00,244.38,121.87,5.0,35.63,14.97,4.47,20.31
2025-01-04 01:06:00,246.12,120.75,11.93,39.98,5.99,2.67,0.0
2025-01-04 01:07:00,257.04,117.76,14.9,29.81,7.66,0.0,0.0
2025-01-04 01:08:00,213.97,124.08,14.96,28.71,3.12,0.16,5.41
2025-01-04 01:09:00,235.83,125.83,5.0,36.89,1.23,5.41,0.0
2025-01-04 01:10:00,240.07,125.55,5.0,26.75,0.0,0.0,24.94
2025-01-04 01:11:00,182.43,126.77,5.0,37.99,0.0,0.0,0.0
2025-01-04 01:12:00,260.49,124.79,7.99,35.7,0.0,4.55,13.08
2025-01-04 01:13:00,226.47,121.36,6.59,41.52,3.19,0.0,0.0
2025-01-04 01:14:00,206.89,126.85,9.26,33.11,1.81,1.55,0.0
2025-01-04 01:15:00,248.29,118.06,9.87,42.05,6.48,1.89,49.01
2025-01-04 01:16:00,277.37,119.89,9.48,33.13,1.58,10.9,22.2
2025-01-04 01:17:00,200.57,119.63,11.66,37.31,0.0,0.0,0.0
2025-01-04 01:18:00,248.84,127.81,5.0,34.0,4.5,5.45,0.0
2025-01-04 01:19:00,273.02,127.26,12.8,36.2,9.94,0.0,11.15
2025-01-04 01:20:00,239.27,125.44,5.0,50.83,10.25,0.0,4.72
2025-01-04 01:21:00,225.44,127.78,9.91,33.31,0.48,0.0,10.64
2025-01-04 01:22:00,209.58,119.97,5.0,43.34,5.99,0.0,0.0
2025-01-04 01:23:00,241.92,124.89,13.97,40.5,0.0,1.55,14.01
2025-01-04 01:24:00,267.62,122.99,5.0,36.13,8.33,9.61,4.63
2025-01-04 01:25:00,201.78,126.88,5.0,22.67,0.0,0.0,0.0
2025-01-04 01:26:00,243.42,123.03,14.31,32.04,7.42,0.0,0.0
2025-01-04 01:27:00,219.48,121.95,5.0,42.98,0.0,0.0,25.03
2025-01-04 01:28:00,255.4,125.66,13.74,35.85,0.0,0.0,0.0
2025-01-04 01:29:00,246.49,127.0,7.36,42.12,7.31,0.7,0.88
2025-01-04 01:30:00,215.92,120.82,5.0,38.04,0.0,0.0,0.0
2025-01-04 01:31:00,222.75,123.25,9.89,38.49,2.52,0.0,0.0
2025-01-04 01:32:00,209.07,119.26,9.26,34.25,0.0,7.99,8.24
2025-01-04 01:33:00,246.36,113.5,8.79,38.68,0.0,6.95,30.3
2025-01-04 01:34:00,224.04,124.29,6.66,29.63,4.77,0.0,0.0
2025-01-04 01:35:00,225.11,125.93,13.96,33.23,0.0,3.84,0.0
2025-01-04 01:36:00,256.06,124.54,15.78,34.76,6.38,0.0,12.24
2025-01-04 01:37:00,190.94,115.69,5.0,26.74,0.0,5.89,22.47
2025-01-04 01:38:00,236.6,122.09,8.09,32.65,0.0,1.44,0.0
2025-01-04 01:39:00,203.16,114.62,10.35,40.11,0.0,3.09,0.0
2025-01-04 01:40:00,256.86,128.97,10.57,44.59,0.0,1.64,8.7
2025-01-04 01:41:00,209.87,119.15,5.0,39.25,4.14,0.0,0.0
2025-01-04 01:42:00,201.69,128.51,5.22,26.82,0.0,0.0,0.0
2025-01-04 01:43:00,274.12,127.28,11.59,37.51,0.0,10.73,19.88
2025-01-04 01:44:00,220.32,119.89,6.61,32.28,2.35,0.0,19.37
2025-01-04 01:45:00,157.01,118.96,11.16,31.1,0.0,0.77,17.49
2025-01-04 01:46:00,251.0,124.89,9.11,41.04,5.17,8.5,0.0
2025-01-04 01:47:00,248.92,120.11,9.59,42.41,6.11,6.86,21.23
2025-01-04 01:48:00,218.69,123.9,12.06,28.33,5.71,0.0,29.73
2025-01-04 01:49:00,213.74,121.56,5.0,41.25,0.0,6.96,0.0
2025-01-04 01:50:00,267.74,116.37,21.93,36.44,0.0,2.75,34.24
2025-01-04 01:51:00,201.79,114.57,8.86,29.0,5.45,0.0,0.0
2025-01-04 01:52:00,215.2,124.4,5.0,33.18,12.72,4.37,0.0
2025-01-04 01:53:00,298.39,121.25,11.31,38.28,0.0,0.0,31.6
2025-01-04 01:54:00,219.34,121.28,7.8,24.34,2.67,0.0,15.05
2025-01-04 01:55:00,210.77,126.28,5.0,43.94,0.0,0.0,11.52
2025-01-04 01:56:00,234.61,128.19,12.74,32.5,9.22,0.0,0.0
2025-01-04 01:57:00,293.2,122.4,5.0,43.65,0.31,0.0,36.05
2025-01-04 01:58:00,212.92,122.13,11.06,40.09,0.0,0.0,0.0
2025-01-04 01:59:00,206.74,125.49,12.77,30.14,8.11,6.68,5.86
2025-01-04 02:00:00,262.32,118.06,10.07,34.52,0.0,0.0,13.56
2025-01-04 02:01:00,241.5,124.38,18.82,41.25,3.77,9.44,0.0
2025-01-04 02:02:00,185.87,125.7,6.39,27.63,8.6,0.0,1.3
2025-01-04 02:03:00,265.13,126.21,10.24,32.26,0.78,8.57,29.45
2025-01-04 02:04:00,252.53,115.74,5.0,31.51,6.43,12.25,13.75
2025-01-04 02:05:00,221.52,120.45,10.22,42.05,0.5,0.0,0.67
2025-01-04 02:06:00,264.06,119.98,10.19,40.17,13.58,6.7,22.6
2025-01-04 02:07:00,237.87,123.89,7.33,38.94,0.0,4.15,1.27
2025-01-04 02:08:00,196.58,125.41,8.8,43.52,0.0,0.0,0.0
2025-01-04 02:09:00,267.53,129.48,8.69,31.05,5.71,0.43,0.0
2025-01-04 02:10:00,242.93,121.51,7.76,36.6,0.0,0.0,0.0
2025-01-04 02:11:00,224.22,121.5,6.2,29.98,1.27,5.89,0.0
2025-01-04 02:12:00,238.97,128.09,13.79,34.83,0.0,2.21,22.88
2025-01-04 02:13:00,237.11,124.68,8.22,24.49,0.0,4.82,0.0
2025-01-04 02:14:00,247.75,128.56,16.93,44.89,4.12,0.0,0.0
2025-01-04 02:15:00,196.85,124.65,5.0,27.77,1.31,2.42,0.0
2025-01-04 02:16:00,219.51,118.86,14.42,28.83,0.0,0.0,16.57
2025-01-04 02:17:00,221.42,118.16,6.82,38.29,0.0,11.68,0.31
2025-01-04 02:18:00,173.97,117.29,5.0,32.96,0.91,12.34,10.92
2025-01-04 02:19:00,245.32,126.14,9.91,33.59,0.0,0.0,13.62
2025-01-04 02:20:00,218.89,128.25,14.29,37.75,3.11,0.0,0.0
2025-01-04 02:21:00,235.35,130.89,14.14,33.12,0.0,13.61,0.6
2025-01-04 02:22:00,261.33,126.86,14.18,45.92,0.0,0.24,1.86
2025-01-04 02:23:00,190.24,128.14,5.0,28.64,8.98,7.26,1.62
2025-01-04 02:24:00,276.0,121.17,8.91,38.73,11.96,5.53,21.7
2025-01-04 02:25:00,203.53,118.87,5.0,28.45,0.34,3.14,36.56
2025-01-04 02:26:00,243.1,126.89,5.0,44.62,7.73,4.71,0.0
2025-01-04 02:27:00,215.29,125.16,6.69,31.61,8.42,0.0,1.93
2025-01-04 02:28:00,242.11,123.92,5.0,34.76,0.0,1.69,0.0
2025-01-04 02:29:00,210.52,125.04,7.53,33.49,0.0,0.48,0.0
2025-01-04 02:30:00,278.74,124.78,6.28,34.29,0.0,8.64,55.8
2025-01-04 02:31:00,224.37,128.63,5.0,39.27,2.15,13.42,0.0
2025-01-04 02:32:00,231.76,128.67,9.88,37.08,7.61,2.06,11.32
2025-01-04 02:33:00,213.78,125.67,6.83,20.63,3.59,1.85,0.0
2025-01-04 02:34:00,230.55,126.87,12.92,29.18,0.0,4.42,10.58
2025-01-04 02:35:00,243.58,125.55,5.0,25.22,5.21,0.0,22.86
2025-01-04 02:36:00,260.34,121.65,11.06,25.85,7.58,0.0,22.82
2025-01-04 02:37:00,282.87,126.52,5.0,39.28,3.82,13.78,0.0
2025-01-04 02:38:00,213.73,117.91,6.96,38.33,0.0,0.0,22.4
2025-01-04 02:39:00,222.48,127.71,9.16,37.26,0.0,7.0,0.0
2025-01-04 02:40:00,269.67,118.71,9.5,35.65,13.18,8.18,1.45
2025-01-04 02:41:00,250.25,124.63,8.41,37.69,0.0,0.0,30.76
2025-01-04 02:42:00,243.02,120.11,9.18,38.89,1.4,8.91,6.37
2025-01-04 02:43:00,280.26,125.71,11.93,33.47,0.0,7.43,54.02
2025-01-04 02:44:00,183.52,123.36,5.0,30.99,3.5,9.48,4.81
2025-01-04 02:45:00,240.97,117.11,12.35,28.62,0.0,0.0,1.48
2025-01-04 02:46:00,248.41,125.17,13.57,24.19,12.56,0.0,12.79
2025-01-04 02:47:00,194.32,121.18,5.69,35.53,0.0,4.37,0.0
2025-01-04 02:48:00,238.82,127.02,5.71,29.5,0.0,5.9,0.0
2025-01-04 02:49:00,249.89,123.5,7.23,33.8,8.65,0.0,27.15
2025-01-04 02:50:00,283.79,125.07,13.53,27.15,4.07,0.0,41.94
2025-01-04 02:51:00,201.5,119.66,5.0,36.2,0.0,7.98,0.0
2025-01-04 02:52:00,233.33,121.13,9.04,41.63,3.91,0.0,10.22
2025-01-04 02:53:00,258.82,121.66,5.0,38.07,6.61,1.4,9.02
2025-01-04 02:54:00,220.62,126.92,5.0,30.43,5.33,3.9,10.9
2025-01-04 02:55:00,254.2,130.2,10.13,38.58,13.75,10.8,0.0
2025-01-04 02:56:00,224.99,120.27,15.17,35.19,0.0,0.0,0.0
2025-01-04 02:57:00,253.76,127.8,5.72,30.71,0.87,10.37,9.71
2025-01-04 02:58:00,219.72,114.81,7.18,37.73,0.0,4.11,0.0
2025-01-04 02:59:00,193.52,118.71,5.0,41.54,7.72,8.96,10.36
2025-01-04 03:00:00,168.6,119.66,5.0,29.3,0.02,3.81,0.0
2025-01-04 03:01:00,192.77,118.08,5.0,37.71,5.12,0.68,0.0
2025-01-04 03:02:00,262.65,117.16,15.41,23.54,7.64,0.48,23.29
2025-01-04 03:03:00,202.31,125.14,5.0,39.34,3.78,0.0,0.0
2025-01-04 03:04:00,251.32,122.64,5.58,34.61,2.42,0.0,24.24
2025-01-04 03:05:00,264.98,125.01,7.63,38.45,2.37,0.0,0.0
2025-01-04 03:06:00,246.06,126.25,13.33,37.27,0.0,6.61,6.7
2025-01-04 03:07:00,274.46,124.55,5.0,24.3,6.01,1.58,25.53
2025-01-04 03:08:00,212.79,126.12,5.0,36.03,3.54,0.0,9.24
2025-01-04 03:09:00,224.66,123.21,5.0,40.7,0.0,0.0,0.0
2025-01-04 03:10:00,212.55,118.74,9.02,32.89,11.77,4.02,20.63
2025-01-04 03:11:00,237.16,127.72,12.27,30.75,0.0,7.0,28.9
2025-01-04 03:12:00,222.7,121.14,5.0,21.42,4.13,0.0,3.73
2025-01-04 03:13:00,209.86,119.75,6.08,32.26,0.34,0.0,0.0
2025-01-04 03:14:00,245.72,122.78,22.14,35.87,0.0,0.0,33.71
2025-01-04 03:15:00,247.06,119.84,5.0,37.89,0.0,14.12,3.62
2025-01-04 03:16:00,213.53,121.82,5.0,39.75,6.92,1.91,0.0
2025-01-04 03:17:00,256.62,124.87,14.59,37.26,9.65,4.45,0.0
2025-01-04 03:18:00,246.04,124.89,8.27,42.22,3.42,5.66,19.22
2025-01-04 03:19:00,235.11,119.9,5.0,43.37,8.04,17.27,0.0
2025-01-04 03:20:00,208.33,121.54,9.01,32.37,0.0,0.0,0.0
2025-01-04 03:21:00,247.52,127.79,16.84,30.78,0.0,9.69,0.0
2025-01-04 03:22:00,216.5,125.48,9.23,30.42,0.83,2.9,0.0
2025-01-04 03:23:00,216.31,131.79,5.0,34.89,7.88,2.8,6.84
2025-01-04 03:24:00,258.85,128.21,5.59,39.52,9.43,0.0,0.0
2025-01-04 03:25:00,203.63,128.07,5.36,27.5,1.68,3.77,0.0
2025-01-04 03:26:00,214.44,117.94,8.95,25.8,0.0,15.24,0.0
2025-01-04 03:27:00,243.99,126.55,11.59,27.04,5.82,0.54,0.0
2025-01-04 03:28:00,241.06,123.28,18.93,46.02,0.0,0.0,8.12
2025-01-04 03:29:00,233.29,121.29,5.0,26.63,6.45,5.41,0.0
2025-01-04 03:30:00,258.18,124.16,5.0,38.95,5.82,0.0,0.0
2025-01-04 03:31:00,244.83,127.27,5.0,32.67,9.44,6.0,10.58
2025-01-04 03:32:00,178.53,125.5,7.91,40.94,2.96,8.19,0.0
2025-01-04 03:33:00,252.36,119.98,7.83,31.22,8.81,4.74,18.91
2025-01-04 03:34:00,235.54,126.46,5.0,38.35,6.77,7.24,0.0
2025-01-04 03:35:00,229.66,120.94,15.6,33.93,12.89,1.37,0.0
2025-01-04 03:36:00,262.73,124.36,9.49,35.71,10.97,3.9,0.0
2025-01-04 03:37:00,276.28,122.28,5.0,38.47,0.0,1.71,0.0
2025-01-04 03:38:00,228.88,122.62,5.5,34.93,6.66,15.6,16.49
2025-01-04 03:39:00,274.44,126.56,13.22,24.11,10.52,0.0,39.87
2025-01-04 03:40:00,253.81,119.33,12.11,36.83,1.64,0.0,16.73
2025-01-04 03:41:00,268.27,131.27,5.0,48.53,0.0,3.55,15.72
2025-01-04 03:42:00,277.65,116.21,7.89,41.75,9.76,12.22,0.0
2025-01-04 03:43:00,247.38,121.1,9.5,43.34,2.38,2.84,3.03
2025-01-04 03:44:00,205.06,124.97,9.83,30.38,4.02,5.07,0.0
2025-01-04 03:45:00,227.21,125.83,17.89,31.21,0.0,1.62,0.0
2025-01-04 03:46:00,227.41,123.09,9.57,41.66,0.0,3.69,0.0
2025-01-04 03:47:00,230.97,123.26,13.97,40.68,0.0,2.04,0.0
2025-01-04 03:48:00,274.04,125.13,11.74,35.75,3.41,8.97,34.39
2025-01-04 03:49:00,220.01,122.57,5.0,30.12,0.0,0.0,0.0
2025-01-04 03:50:00,201.41,129.06,6.3,40.22,0.0,0.0,0.0
2025-01-04 03:51:00,251.64,126.85,9.73,30.68,8.07,10.93,16.88
2025-01-04 03:52:00,244.97,126.98,12.89,24.44,0.0,6.72,48.56
2025-01-04 03:53:00,210.38,119.63,11.32,27.39,0.0,0.0,16.3
2025-01-04 03:54:00,248.2,123.17,20.72,48.05,13.31,11.68,0.0
2025-01-04 03:55:00,191.62,122.29,11.61,41.18,1.5,5.33,0.0
2025-01-04 03:56:00,278.8,119.47,6.76,30.48,9.4,0.0,40.42
2025-01-04 03:57:00,192.95,124.93,5.0,35.37,0.0,0.33,0.0
2025-01-04 03:58:00,159.98,121.34,5.2,37.81,2.09,0.68,1.49
2025-01-04 03:59:00,241.93,126.11,17.14,45.02,0.0,6.14,13.33
2025-01-04 04:00:00,235.51,119.21,8.8,26.81,19.08,0.0,0.0
2025-01-04 04:01:00,247.65,130.37,5.0,36.65,2.73,0.0,0.0
2025-01-04 04:02:00,242.07,119.91,7.93,33.31,5.51,0.0,17.03
2025-01-04 04:03:00,218.33,124.37,5.0,41.67,6.33,3.45,0.0
2025-01-04 04:04:00,192.84,126.66,6.15,41.89,0.0,3.03,0.0
2025-01-04 04:05:00,206.21,121.21,13.55,27.09,0.0,0.0,0.0
2025-01-04 04:06:00,240.67,126.9,5.0,38.62,1.82,4.31,0.0
2025-01-04 04:07:00,227.24,118.58,9.08,31.71,4.2,0.0,5.36
2025-01-04 04:08:00,255.04,129.3,5.0,32.7,5.67,9.16,19.86
2025-01-04 04:09:00,234.01,123.55,6.94,32.34,8.21,1.58,0.0
2025-01-04 04:10:00,217.3,121.11,13.75,45.56,0.0,1.53,0.0
2025-01-04 04:11:00,213.05,122.3,12.71,28.88,0.0,0.0,4.21
2025-01-04 04:12:00,178.41,126.73,5.0,29.85,1.23,8.01,0.08
2025-01-04 04:13:00,230.24,121.15,6.63,31.72,6.17,1.88,0.0
2025-01-04 04:14:00,235.42,120.49,6.25,38.63,3.32,5.09,9.66
2025-01-04 04:15:00,245.39,122.61,7.51,25.65,4.49,0.0,14.04
2025-01-04 04:16:00,203.93,118.78,7.99,39.16,11.42,8.87,15.21
2025-01-04 04:17:00,281.64,130.77,16.77,32.61,6.12,1.85,0.0
2025-01-04 04:18:00,270.4,121.23,9.26,25.62,4.64,1.08,21.29
2025-01-04 04:19:00,228.1,126.82,10.27,32.97,1.93,0.0,18.89
2025-01-04 04:20:00,226.73,124.33,9.24,33.08,9.51,0.0,0.0
2025-01-04 04:21:00,248.68,119.55,5.0,33.89,1.4,2.63,35.78
2025-01-04 04:22:00,284.39,123.47,8.2,33.31,5.18,3.02,21.8
2025-01-04 04:23:00,200.98,126.63,6.5,31.48,0.0,0.0,0.0
2025-01-04 04:24:00,222.48,122.74,14.95,34.5,0.0,2.67,0.0
2025-01-04 04:25:00,251.78,128.26,11.62,33.3,4.51,0.0,16.73
2025-01-04 04:26:00,256.99,127.58,8.6,26.78,5.01,8.23,34.42
2025-01-04 04:27:00,254.43,127.17,14.81,25.6,9.53,0.0,0.0
2025-01-04 04:28:00,214.93,121.65,11.69,31.32,3.68,0.89,0.0
2025-01-04 04:29:00,218.89,119.17,5.0,36.99,7.84,1.91,5.9
2025-01-04 04:30:00,210.13,121.04,5.3,20.39,0.85,10.35,1.62
2025-01-04 04:31:00,210.22,124.28,7.39,41.91,3.71,0.0,0.0
2025-01-04 04:32:00,232.89,125.67,7.34,32.53,6.52,2.52,12.44
2025-01-04 04:33:00,181.8,114.81,7.81,28.22,0.18,8.47,0.0
2025-01-04 04:34:00,240.7,123.46,5.0,48.12,13.71,0.0,6.1
2025-01-04 04:35:00,166.85,124.12,5.0,28.09,11.07,0.0,0.0
2025-01-04 04:36:00,255.37,122.38,12.26,33.28,5.47,11.58,34.22
2025-01-04 04:37:00,222.97,128.66,8.72,29.21,4.07,0.0,0.0
2025-01-04 04:38:00,239.92,125.18,6.99,25.95,13.91,10.04,15.9
2025-01-04 04:39:00,242.04,128.73,9.71,47.17,0.0,6.57,10.36
2025-01-04 04:40:00,260.49,122.63,5.0,36.11,2.17,7.04,21.8
2025-01-04 04:41:00,218.21,127.24,5.0,37.0,0.0,3.17,16.3
2025-01-04 04:42:00,242.11,130.03,7.64,37.49,2.22,1.84,1.75
2025-01-04 04:43:00,228.08,128.74,6.16,38.59,0.0,0.0,20.32
2025-01-04 04:44:00,242.65,119.12,22.07,20.22,3.06,12.65,0.0
2025-01-04 04:45:00,202.46,122.48,5.0,36.8,0.0,0.0,0.0
2025-01-04 04:46:00,161.72,122.11,5.59,40.06,0.0,0.0,0.0
2025-01-04 04:47:00,212.39,125.45,5.0,24.73,0.0,13.97,11.87
2025-01-04 04:48:00,236.81,126.24,19.31,30.97,13.36,0.0,0.0
2025-01-04 04:49:00,224.53,120.14,5.0,29.04,0.0,0.0,0.0
2025-01-04 04:50:00,253.22,123.76,9.4,35.17,2.95,11.21,0.0
2025-01-04 04:51:00,243.49,115.41,15.75,33.19,1.26,9.49,6.54
2025-01-04 04:52:00,236.63,129.26,10.44,44.73,0.0,0.0,0.0
2025-01-04 04:53:00,227.86,121.44,6.47,33.86,1.71,15.74,0.0
2025-01-04 04:54:00,224.48,123.72,9.69,28.06,0.0,0.0,0.88
2025-01-04 04:55:00,264.48,122.25,6.88,33.05,7.11,0.0,51.38
2025-01-04 04:56:00,245.94,128.08,5.0,37.17,8.02,9.09,11.07
2025-01-04 04:57:00,192.7,112.14,7.44,42.0,1.57,0.0,0.0
2025-01-04 04:58:00,251.5,123.43,13.02,36.95,3.2,0.0,2.44
2025-01-04 04:59:00,224.24,123.07,11.39,40.64,11.27,0.0,0.0
2025-01-04 05:00:00,215.0,121.68,5.0,26.03,0.0,0.0,0.0
2025-01-04 05:01:00,230.13,130.4,5.0,26.88,1.33,0.0,3.94
2025-01-04 05:02:00,204.82,119.94,12.36,17.89,0.0,6.51,0.0
2025-01-04 05:03:00,247.56,126.58,5.0,38.19,0.0,5.26,0.0
2025-01-04 05:04:00,210.84,124.92,5.0,47.16,4.33,0.18,0.0
2025-01-04 05:05:00,181.23,128.54,5.0,32.19,0.0,0.0,8.31
2025-01-04 05:06:00,181.31,120.82,14.41,38.27,4.11,0.0,0.0
2025-01-04 05:07:00,236.83,120.56,15.8,33.84,6.6,0.0,16.12
2025-01-04 05:08:00,244.37,127.88,13.07,36.93,0.76,0.0,14.71
2025-01-04 05:09:00,211.89,125.19,7.24,29.8,9.06,2.51,0.0
2025-01-04 05:10:00,230.98,117.31,15.18,45.76,0.0,0.0,0.0
2025-01-04 05:11:00,202.9,121.33,5.0,26.64,0.0,5.49,2.88
2025-01-04 05:12:00,215.6,125.04,9.66,27.21,0.12,0.0,0.0
2025-01-04 05:13:00,206.21,126.84,7.57,31.47,0.0,4.16,0.0
2025-01-04 05:14:00,203.0,120.77,6.45,40.72,0.0,0.0,4.33
2025-01-04 05:15:00,228.42,111.83,8.92,28.48,0.0,11.36,12.0
2025-01-04 05:16:00,188.2,125.58,13.75,38.8,6.56,0.0,0.0
2025-01-04 05:17:00,253.23,118.61,16.04,29.42,16.39,2.88,12.15
2025-01-04 05:18:00,199.03,115.42,5.0,39.78,3.66,0.0,0.0
2025-01-04 05:19:00,207.31,112.16,8.96,32.99,0.0,0.0,7.22
2025-01-04 05:20:00,235.87,126.75,8.61,36.42,10.29,0.97,1.4
2025-01-04 05:21:00,217.18,124.01,7.49,41.1,7.2,2.33,0.0
2025-01-04 05:22:00,240.82,122.59,7.08,29.21,0.84,7.61,0.0
2025-01-04 05:23:00,243.65,129.05,5.0,39.55,15.81,0.0,0.0
2025-01-04 05:24:00,269.99,126.04,9.87,37.94,8.96,8.32,20.07
2025-01-04 05:25:00,251.93,129.96,5.0,41.51,1.88,4.2,11.48
2025-01-04 05:26:00,198.56,117.92,11.61,36.98,0.0,0.0,0.0
2025-01-04 05:27:00,219.55,123.35,10.06,39.02,0.0,5.08,6.72
2025-01-04 05:28:00,229.6,117.02,14.23,36.57,1.39,9.53,0.0
2025-01-04 05:29:00,226.38,122.57,6.35,30.33,0.0,4.66,0.0
2025-01-04 05:30:00,194.33,122.5,15.15,31.53,5.14,3.88,2.08
2025-01-04 05:31:00,218.0,126.0,5.0,37.54,0.0,7.01,9.54
2025-01-04 05:32:00,216.28,123.67,6.2,33.43,0.0,0.0,0.0
2025-01-04 05:33:00,238.41,125.99,11.56,35.69,2.52,1.76,25.77
2025-01-04 05:34:00,230.04,126.31,11.18,37.92,1.86,3.12,23.65
2025-01-04 05:35:00,262.14,132.11,9.76,50.0,2.5,0.0,24.08
2025-01-04 05:36:00,260.88,122.23,5.0,29.05,0.0,8.78,12.85
2025-01-04 05:37:00,232.69,119.73,5.0,38.56,1.71,3.0,3.26
2025-01-04 05:38:00,227.36,124.48,10.76,37.75,0.0,0.0,0.0
2025-01-04 05:39:00,231.94,120.28,15.04,27.38,10.67,0.0,1.73
2025-01-04 05:40:00,221.91,129.42,5.0,31.82,5.66,0.0,0.68
2025-01-04 05:41:00,190.56,122.36,9.34,27.94,0.0,0.0,25.0
2025-01-04 05:42:00,217.46,121.23,9.1,31.04,0.0,0.0,19.36
2025-01-04 05:43:00,218.56,121.61,8.42,39.02,4.45,8.62,0.0
2025-01-04 05:44:00,235.09,126.37,7.7,44.4,6.54,0.0,10.29
2025-01-04 05:45:00,193.74,122.86,12.46,29.38,1.05,0.41,1.15
2025-01-04 05:46:00,230.29,120.93,8.17,26.69,4.39,0.0,0.0
2025-01-04 05:47:00,238.12,130.15,5.66,35.45,6.51,14.29,0.0
2025-01-04 05:48:00,237.05,120.07,5.0,36.91,5.91,0.0,0.0
2025-01-04 05:49:00,202.68,123.63,6.49,31.42,0.0,0.0,10.18
2025-01-04 05:50:00,210.05,126.1,5.0,26.24,5.24,1.27,0.0
2025-01-04 05:51:00,267.19,116.97,14.63,24.92,0.0,8.61,26.71
2025-01-04 05:52:00,229.81,125.41,8.5,39.07,2.69,0.0,0.0
2025-01-04 05:53:00,230.08,119.27,9.8,35.8,8.29,1.54,0.0
2025-01-04 05:54:00,218.09,126.78,5.0,39.91,0.0,0.0,0.0
2025-01-04 05:55:00,253.92,119.64,6.62,41.52,4.14,0.0,31.79
2025-01-04 05:56:00,249.53,126.26,14.13,26.62,1.15,4.87,24.45
2025-01-04 05:57:00,222.89,127.92,5.52,36.64,0.0,7.21,0.0
2025-01-04 05:58:00,222.55,126.94,7.92,28.69,3.1,2.98,0.0
2025-01-04 05:59:00,251.1,124.5,5.0,34.84,5.39,7.3,24.04
2025-01-04 06:00:00,177.0,122.57,12.22,43.48,0.0,0.0,0.0
2025-01-04 06:01:00,233.67,121.19,6.55,45.59,0.0,0.0,14.32
2025-01-04 06:02:00,239.85,129.38,5.36,29.79,0.0,0.0,6.62
2025-01-04 06:03:00,201.63,120.69,10.32,21.98,0.0,0.0,2.7
2025-01-04 06:04:00,249.23,119.34,7.02,32.53,3.11,14.09,9.02
2025-01-04 06:05:00,220.28,126.15,5.0,34.0,8.16,0.0,6.43
2025-01-04 06:06:00,268.59,120.31,12.62,39.77,4.12,5.97,7.86
2025-01-04 06:07:00,256.62,119.69,9.13,40.19,6.52,9.6,12.84
2025-01-04 06:08:00,209.41,117.72,5.0,34.73,10.55,3.4,0.0
2025-01-04 06:09:00,210.25,121.56,11.79,29.37,0.0,0.0,19.73
2025-01-04 06:10:00,237.27,123.16,10.42,45.43,0.0,0.0,0.0
2025-01-04 06:11:00,217.35,124.46,11.18,35.72,0.0,4.08,9.73
2025-01-04 06:12:00,214.09,127.3,6.03,34.51,4.05,0.0,0.0
2025-01-04 06:13:00,244.43,125.6,8.79,47.57,0.0,4.57,7.13
2025-01-04 06:14:00,228.13,122.73,8.95,34.56,9.98,0.28,0.0
2025-01-04 06:15:00,202.36,122.7,7.11,38.73,2.91,3.5,0.0
2025-01-04 06:16:00,253.42,125.53,10.3,38.27,0.0,5.41,0.0
2025-01-04 06:17:00,234.02,128.58,8.54,38.01,0.0,0.0,10.88
2025-01-04 06:18:00,244.78,124.0,13.67,38.74,6.39,2.87,0.0
2025-01-04 06:19:00,209.37,121.62,5.0,37.8,0.33,2.32,0.0
2025-01-04 06:20:00,178.02,119.52,7.72,32.79,0.0,0.0,0.0
2025-01-04 06:21:00,240.09,117.71,12.3,40.56,5.31,3.96,0.0
2025-01-04 06:22:00,224.75,126.16,5.0,34.54,0.0,8.01,0.0
2025-01-04 06:23:00,207.77,125.8,11.29,40.4,4.02,0.0,0.0
2025-01-04 06:24:00,245.73,125.8,15.8,32.73,5.37,4.34,10.54
2025-01-04 06:25:00,244.5,122.98,5.0,30.43,5.78,4.07,5.86
2025-01-04 06:26:00,218.17,129.12,12.38,29.75,0.0,6.37,0.0
2025-01-04 06:27:00,186.83,121.56,9.93,37.76,11.87,0.0,0.0
2025-01-04 06:28:00,183.23,127.31,5.0,40.46,0.48,0.0,0.0
2025-01-04 06:29:00,205.39,123.34,12.16,30.57,0.96,5.93,0.0
2025-01-04 06:30:00,223.95,121.06,6.93,30.55,3.87,4.66,0.0
2025-01-04 06:31:00,235.12,125.86,5.44,39.76,4.99,0.0,3.98
2025-01-04 06:32:00,228.41,125.13,8.68,33.04,2.19,8.93,1.56
2025-01-04 06:33:00,228.8,124.92,7.22,28.13,3.34,0.0,0.0
2025-01-04 06:34:00,243.34,123.82,5.0,44.81,0.0,0.0,10.46
2025-01-04 06:35:00,211.37,123.34,10.49,19.68,4.81,11.39,0.0
2025-01-04 06:36:00,245.11,133.05,12.2,33.25,3.79,0.0,5.91
2025-01-04 06:37:00,233.31,128.23,5.0,34.07,6.55,1.15,6.37
2025-01-04 06:38:00,229.93,126.38,9.23,34.78,6.07,10.54,3.42
2025-01-04 06:39:00,213.04,123.94,5.0,36.8,0.68,3.85,0.0
2025-01-04 06:40:00,296.1,127.52,13.59,39.63,3.58,8.27,26.39
2025-01-04 06:41:00,229.48,125.56,5.0,19.4,0.0,0.0,17.67
2025-01-04 06:42:00,251.44,123.6,5.0,25.94,10.55,4.67,0.0
2025-01-04 06:43:00,251.85,122.28,10.65,39.43,0.0,0.0,0.0
2025-01-04 06:44:00,233.94,123.17,11.09,35.8,4.31,1.92,0.0
2025-01-04 06:45:00,222.45,110.81,13.89,32.54,6.04,0.0,3.68
2025-01-04 06:46:00,244.02,124.33,5.0,37.95,0.0,6.95,7.58
2025-01-04 06:47:00,219.03,121.54,7.29,33.32,0.0,8.09,0.0
2025-01-04 06:48:00,244.89,129.86,5.0,32.91,13.74,5.13,0.0
2025-01-04 06:49:00,266.76,123.57,13.13,31.39,9.25,0.0,19.7
2025-01-04 06:50:00,221.56,118.74,17.75,30.66,0.99,5.57,0.0
2025-01-04 06:51:00,255.86,123.29,5.0,39.17,0.0,8.63,3.14
2025-01-04 06:52:00,244.41,119.31,15.55,41.31,8.39,10.25,0.0
2025-01-04 06:53:00,199.65,125.39,10.56,41.09,0.0,0.0,0.0
2025-01-04 06:54:00,192.46,124.66,12.86,35.34,8.29,7.51,0.0
2025-01-04 06:55:00,250.72,127.32,12.98,40.07,6.52,15.24,0.0
2025-01-04 06:56:00,210.79,120.33,9.25,39.42,0.0,3.92,0.0
2025-01-04 06:57:00,235.82,123.63,12.49,36.62,3.21,0.0,5.87
2025-01-04 06:58:00,247.49,118.03,6.88,32.76,4.88,0.0,0.0
2025-01-04 06:59:00,266.75,126.3,10.67,32.91,10.3,4.97,17.38
2025-01-04 07:00:00,209.11,125.57,10.94,2.11,0.0,3.52,7.18
2025-01-04 07:01:00,190.31,125.47,7.05,9.4,15.12,2.22,5.21
2025-01-04 07:02:00,212.7,123.5,5.37,9.74,5.34,1.43,0.0
2025-01-04 07:03:00,183.63,125.15,7.12,3.72,3.4,0.0,0.0
2025-01-04 07:04:00,194.3,129.91,11.15,0.0,0.0,0.0,0.26
2025-01-04 07:05:00,212.15,122.35,11.05,4.66,14.83,2.41,10.75
2025-01-04 07:06:00,196.35,124.05,17.5,6.59,2.92,5.99,9.96
2025-01-04 07:07:00,200.96,119.15,5.0,9.64,0.0,0.0,0.0
2025-01-04 07:08:00,217.37,120.02,15.98,0.6,6.3,2.16,10.85
2025-01-04 07:09:00,206.79,123.88,7.18,15.08,2.16,2.46,1.66
2025-01-04 07:10:00,207.05,127.91,8.26,8.73,0.0,1.55,31.13
2025-01-04 07:11:00,226.97,122.47,9.67,12.6,0.0,9.11,21.45
2025-01-04 07:12:00,161.93,122.55,6.17,0.0,6.8,0.04,0.0
2025-01-04 07:13:00,204.26,121.86,5.49,5.45,2.86,0.0,14.95
2025-01-04 07:14:00,203.8,121.35,17.04,0.0,0.07,0.94,0.0
2025-01-04 07:15:00,234.39,124.67,9.11,11.46,14.63,11.3,0.0
2025-01-04 07:16:00,188.67,117.5,5.0,15.03,0.0,0.0,0.0
2025-01-04 07:17:00,224.76,128.62,5.0,10.07,8.44,10.74,0.0
2025-01-04 07:18:00,189.33,120.83,5.0,0.0,2.07,3.95,0.0
2025-01-04 07:19:00,193.35,126.38,14.73,10.43,7.33,0.0,7.26
2025-01-04 07:20:00,161.16,118.41,7.07,8.0,0.21,4.1,0.0
2025-01-04 07:21:00,215.57,126.17,8.01,15.61,0.0,0.0,0.0
2025-01-04 07:22:00,213.6,126.18,9.26,16.22,1.86,5.08,2.73
2025-01-04 07:23:00,197.07,125.03,5.0,11.74,0.27,2.47,0.0
2025-01-04 07:24:00,201.86,119.51,16.06,1.0,0.46,0.0,27.09
2025-01-04 07:25:00,232.02,124.49,5.0,11.94,0.0,5.59,25.66
2025-01-04 07:26:00,186.04,118.76,9.21,11.87,0.38,2.81,0.0
2025-01-04 07:27:00,202.8,122.48,7.77,7.95,7.11,5.56,0.75
2025-01-04 07:28:00,185.19,127.61,10.52,0.0,12.53,4.55,8.21
2025-01-04 07:29:00,216.98,126.68,14.1,6.39,3.85,3.38,0.0
2025-01-04 07:30:00,242.57,123.55,8.77,12.78,7.93,3.15,26.77
2025-01-04 07:31:00,188.09,119.59,8.89,8.26,1.62,0.0,0.72
2025-01-04 07:32:00,189.42,126.07,12.9,3.55,3.9,1.79,6.87
2025-01-04 07:33:00,197.36,123.57,15.7,2.06,6.94,0.0,1.1
2025-01-04 07:34:00,163.77,114.21,14.36,9.3,0.0,0.34,0.0
2025-01-04 07:35:00,241.72,126.62,14.64,4.36,0.0,11.19,0.0
2025-01-04 07:36:00,200.3,123.39,10.57,5.67,0.0,0.0,12.49
2025-01-04 07:37:00,193.72,128.3,7.31,12.26,0.0,0.0,12.03
2025-01-04 07:38:00,187.92,119.11,8.84,5.56,0.0,7.6,0.0
2025-01-04 07:39:00,211.87,110.78,6.08,17.51,0.0,0.0,0.0
2025-01-04 07:40:00,230.27,124.61,5.0,6.69,0.0,12.08,0.0
2025-01-04 07:41:00,188.84,124.66,6.47,1.94,0.0,1.94,0.0
2025-01-04 07:42:00,217.42,116.73,17.33,2.03,0.0,0.0,32.77
2025-01-04 07:43:00,205.09,119.58,18.87,1.07,2.83,0.35,0.0
2025-01-04 07:44:00,193.51,134.51,7.84,6.87,0.0,0.0,0.0
2025-01-04 07:45:00,196.84,122.27,5.0,14.99,0.0,0.0,17.36
2025-01-04 07:46:00,203.66,126.42,5.0,10.12,0.64,2.53,0.0
2025-01-04 07:47:00,252.48,120.89,7.09,15.7,5.66,0.0,41.57
2025-01-04 07:48:00,155.83,115.13,6.01,0.0,3.37,2.9,0.0
2025-01-04 07:49:00,171.22,122.81,5.27,8.69,0.0,0.0,2.28
2025-01-04 07:50:00,251.46,122.43,5.0,6.31,4.48,10.81,20.6
2025-01-04 07:51:00,202.29,121.89,5.0,19.56,13.13,0.0,0.0
2025-01-04 07:52:00,202.28,123.03,12.42,0.0,11.49,0.0,33.67
2025-01-04 07:53:00,220.79,124.55,5.97,0.0,2.76,2.81,16.78
2025-01-04 07:54:00,222.82,122.89,5.0,6.53,1.21,5.37,24.33
2025-01-04 07:55:00,201.42,118.44,7.24,1.38,7.95,10.37,10.71
2025-01-04 07:56:00,202.97,125.44,16.61,14.94,2.49,9.37,0.0
2025-01-04 07:57:00,196.32,115.69,15.86,5.25,6.76,4.33,22.67
2025-01-04 07:58:00,190.53,115.29,10.91,0.0,0.05,9.62,0.0
2025-01-04 07:59:00,209.0,126.45,13.49,11.81,0.51,1.49,0.0
2025-01-04 08:00:00,183.02,125.52,13.94,3.32,0.0,11.88,0.0
2025-01-04 08:01:00,233.86,123.26,10.2,10.58,0.0,7.73,3.38
2025-01-04 08:02:00,248.12,117.91,9.02,7.83,14.59,14.39,2.41
2025-01-04 08:03:00,209.21,120.66,8.72,1.23,0.0,9.05,0.0
2025-01-04 08:04:00,179.0,122.44,13.17,0.0,8.54,5.2,0.0
2025-01-04 08:05:00,194.9,117.11,8.75,0.2,0.0,4.08,0.0
2025-01-04 08:06:00,183.95,120.54,8.81,10.36,5.83,1.5,0.0
2025-01-04 08:07:00,235.74,126.1,5.0,5.6,2.64,0.0,51.19
2025-01-04 08:08:00,220.17,129.2,18.53,17.32,0.0,2.9,5.74
2025-01-04 08:09:00,247.94,121.81,5.0,5.62,22.64,5.13,11.67
2025-01-04 08:10:00,188.92,126.52,5.0,0.0,0.26,4.68,0.0
2025-01-04 08:11:00,202.74,115.84,19.56,0.58,1.99,0.0,16.98
2025-01-04 08:12:00,162.95,126.13,6.74,0.0,1.58,11.01,0.22
2025-01-04 08:13:00,234.64,120.28,21.29,3.92,2.49,18.56,0.0
2025-01-04 08:14:00,166.09,124.72,7.81,5.9,0.0,0.0,0.0
2025-01-04 08:15:00,192.58,122.5,15.93,11.31,4.93,6.14,5.05
2025-01-04 08:16:00,215.58,128.77,8.94,15.0,0.0,4.08,0.0
2025-01-04 08:17:00,163.78,119.99,9.99,4.18,0.0,3.75,41.01
2025-01-04 08:18:00,230.42,126.0,12.95,13.95,0.0,10.21,18.93
2025-01-04 08:19:00,211.66,122.37,5.0,11.15,2.42,0.0,14.66
2025-01-04 08:20:00,196.74,122.86,6.85,15.75,0.0,2.91,17.19
2025-01-04 08:21:00,235.5,122.76,9.06,10.09,0.0,0.0,8.94
2025-01-04 08:22:00,143.32,120.11,5.0,3.78,3.63,3.07,0.0
2025-01-04 08:23:00,225.38,123.44,5.0,11.3,0.0,0.0,16.86
2025-01-04 08:24:00,187.38,123.24,8.7,4.47,0.0,0.0,0.0
2025-01-04 08:25:00,232.56,124.46,5.18,9.42,0.0,5.06,11.42
2025-01-04 08:26:00,209.99,123.83,11.19,0.0,0.0,6.57,1.76
2025-01-04 08:27:00,197.4,126.68,5.0,8.73,0.37,1.1,12.43
2025-01-04 08:28:00,225.66,127.19,12.08,10.42,0.0,0.0,0.0
2025-01-04 08:29:00,247.4,119.29,5.0,0.53,10.96,0.0,30.71
2025-01-04 08:30:00,241.21,126.97,5.0,3.52,6.4,0.0,17.31
2025-01-04 08:31:00,213.6,118.75,11.4,8.88,3.22,5.61,20.22
2025-01-04 08:32:00,231.59,125.84,7.57,8.14,4.95,5.67,24.35
2025-01-04 08:33:00,222.55,125.97,7.94,11.01,6.91,0.37,0.0
2025-01-04 08:34:00,158.31,115.85,8.01,7.1,11.31,5.12,0.0
2025-01-04 08:35:00,193.49,123.86,5.0,11.82,3.96,0.0,13.87
2025-01-04 08:36:00,191.52,121.62,10.08,9.12,0.0,4.71,0.0
2025-01-04 08:37:00,198.07,120.46,5.0,18.13,2.4,0.0,4.86
2025-01-04 08:38:00,202.04,128.9,15.81,1.99,0.0,0.0,6.62
2025-01-04 08:39:00,202.16,120.88,14.16,0.69,5.42,0.0,0.0
2025-01-04 08:40:00,202.53,120.27,9.27,14.83,1.83,1.97,11.35
2025-01-04 08:41:00,242.7,123.79,9.36,10.44,3.49,0.1,29.41
2025-01-04 08:42:00,227.01,126.23,8.46,14.74,0.0,0.0,14.1
2025-01-04 08:43:00,184.51,122.93,5.0,3.52,1.59,1.86,11.02
2025-01-04 08:44:00,222.16,128.16,11.67,4.94,0.0,0.0,0.0
2025-01-04 08:45:00,225.36,125.62,5.0,14.01,0.0,4.25,3.7
2025-01-04 08:46:00,185.28,114.78,5.0,7.95,6.01,16.91,0.0
2025-01-04 08:47:00,206.02,121.37,5.0,15.76,0.95,0.0,0.0
2025-01-04 08:48:00,179.97,121.24,10.71,2.54,0.0,0.0,0.0
2025-01-04 08:49:00,196.6,125.41,9.17,7.39,11.82,0.0,0.0
2025-01-04 08:50:00,179.35,112.99,8.3,19.36,8.55,6.88,4.27
2025-01-04 08:51:00,196.82,133.69,5.0,14.63,0.0,6.88,0.0
2025-01-04 08:52:00,188.73,125.62,5.0,10.6,1.24,0.0,1.95
2025-01-04 08:53:00,241.26,124.09,10.37,12.1,0.0,0.0,36.02
2025-01-04 08:54:00,187.68,128.22,5.18,5.16,9.67,0.0,14.06
2025-01-04 08:55:00,209.39,132.87,11.25,16.57,0.0,5.06,4.26
2025-01-04 08:56:00,187.44,126.97,7.76,11.38,8.1,0.0,0.0
2025-01-04 08:57:00,239.18,127.29,5.0,12.34,14.15,0.0,4.42
2025-01-04 08:58:00,184.46,124.01,15.21,7.62,0.0,6.22,3.69
2025-01-04 08:59:00,199.98,122.93,8.32,1.87,6.81,2.72,0.0
2025-01-04 09:00:00,181.3,121.59,27.65,4.95,0.0,0.0,0.0
2025-01-04 09:01:00,182.77,120.19,23.3,11.17,4.44,0.0,4.2
2025-01-04 09:02:00,197.11,120.74,27.14,8.91,0.0,2.35,2.78
2025-01-04 09:03:00,205.85,118.09,32.51,0.0,5.64,0.0,2.5
2025-01-04 09:04:00,196.48,123.19,25.93,10.04,0.0,1.83,5.12
2025-01-04 09:05:00,219.13,116.75,36.75,7.41,0.0,0.0,0.0
2025-01-04 09:06:00,225.64,124.26,24.91,1.37,1.45,1.5,5.46
2025-01-04 09:07:00,205.25,123.35,22.24,13.39,5.76,2.37,0.0
2025-01-04 09:08:00,217.01,124.08,27.34,3.58,5.54,0.0,0.0
2025-01-04 09:09:00,228.18,121.4,31.02,9.28,0.0,6.04,0.0
2025-01-04 09:10:00,224.71,135.8,28.97,0.0,13.41,0.0,0.0
2025-01-04 09:11:00,216.26,128.93,30.82,11.59,0.43,10.53,0.0
2025-01-04 09:12:00,170.38,118.51,27.81,6.37,0.0,0.0,0.0
2025-01-04 09:13:00,212.9,124.42,24.21,0.0,6.77,0.12,0.0
2025-01-04 09:14:00,219.26,121.06,36.53,10.65,2.59,0.0,1.17
2025-01-04 09:15:00,218.21,119.43,26.17,0.0,3.44,4.36,8.05
2025-01-04 09:16:00,273.25,118.13,29.96,11.48,13.67,3.75,4.42
2025-01-04 09:17:00,242.62,125.22,30.52,4.74,5.58,5.61,0.0
2025-01-04 09:18:00,220.8,120.77,29.33,7.44,10.64,0.0,11.83
2025-01-04 09:19:00,218.49,127.36,37.35,13.95,0.52,3.92,17.67
2025-01-04 09:20:00,293.99,127.47,27.68,4.86,8.29,14.15,63.7
2025-01-04 09:21:00,191.52,128.99,28.56,7.34,6.81,0.0,0.0
2025-01-04 09:22:00,234.04,120.08,28.17,3.1,6.5,0.0,2.24
2025-01-04 09:23:00,184.2,125.39,23.98,10.71,11.77,2.67,17.92
2025-01-04 09:24:00,225.83,126.02,22.1,7.16,7.18,3.64,16.41
2025-01-04 09:25:00,223.67,121.6,23.47,8.82,11.45,0.95,0.0
2025-01-04 09:26:00,244.56,120.4,29.84,5.62,2.63,9.13,7.32
2025-01-04 09:27:00,197.01,129.93,28.93,12.9,1.25,6.77,0.0
2025-01-04 09:28:00,263.87,124.4,26.88,5.25,0.0,0.0,24.6
2025-01-04 09:29:00,252.6,126.04,25.45,9.8,8.73,8.51,0.0
2025-01-04 09:30:00,230.79,120.2,30.64,23.16,9.84,0.0,2.36
2025-01-04 09:31:00,194.74,118.61,33.37,4.04,7.45,9.81,0.0
2025-01-04 09:32:00,225.51,121.21,30.73,9.11,0.0,0.0,0.0
2025-01-04 09:33:00,236.2,123.0,29.77,0.0,0.0,8.18,16.7
2025-01-04 09:34:00,194.67,119.23,28.25,0.0,0.0,3.88,11.92
2025-01-04 09:35:00,274.32,123.45,28.94,13.74,0.0,4.88,2.51
2025-01-04 09:36:00,188.99,116.74,25.03,4.9,0.0,0.0,6.25
2025-01-04 09:37:00,195.06,119.01,32.03,14.25,2.73,0.0,0.0
2025-01-04 09:38:00,208.14,126.18,27.77,10.21,0.0,0.0,0.0
2025-01-04 09:39:00,216.46,125.91,31.9,0.0,1.38,0.0,0.0
2025-01-04 09:40:00,230.98,121.92,28.37,13.12,0.0,4.36,1.48
2025-01-04 09:41:00,216.83,119.42,26.02,10.2,14.92,1.21,0.0
2025-01-04 09:42:00,254.96,119.38,30.34,4.6,0.63,12.38,25.64
2025-01-04 09:43:00,241.03,122.0,36.07,15.56,0.0,3.43,0.0
2025-01-04 09:44:00,239.84,126.07,29.27,0.0,1.12,1.12,44.28
2025-01-04 09:45:00,222.68,127.2,26.25,5.06,0.0,2.5,0.0
2025-01-04 09:46:00,216.79,121.51,25.15,17.36,15.66,0.0,0.0
2025-01-04 09:47:00,198.02,118.88,26.13,7.7,0.0,2.17,0.0
2025-01-04 09:48:00,243.53,124.56,25.57,2.4,0.0,4.52,0.0
2025-01-04 09:49:00,208.63,120.2,32.17,11.23,10.76,0.0,7.48
2025-01-04 09:50:00,229.29,121.42,29.13,10.1,11.07,0.0,1.27
2025-01-04 09:51:00,246.02,128.79,28.91,8.25,0.0,5.98,0.0
2025-01-04 09:52:00,204.69,126.8,27.67,7.37,0.0,0.0,0.0
2025-01-04 09:53:00,210.78,124.12,24.7,6.15,7.87,2.06,0.0
2025-01-04 09:54:00,195.31,118.4,22.87,6.0,2.74,4.3,5.17
2025-01-04 09:55:00,249.57,124.34,31.68,2.93,0.18,3.26,26.75
2025-01-04 09:56:00,232.16,127.74,33.06,0.0,0.0,7.81,0.0
2025-01-04 09:57:00,240.66,121.99,28.66,11.09,0.0,0.0,19.65
2025-01-04 09:58:00,237.71,128.9,29.72,6.66,0.0,7.18,10.2
2025-01-04 09:59:00,256.25,128.66,25.46,10.32,8.41,0.0,24.0
2025-01-04 10:00:00,222.36,130.15,29.04,5.89,0.0,0.0,18.22
2025-01-04 10:01:00,242.42,124.71,31.91,15.33,3.84,0.0,0.0
2025-01-04 10:02:00,269.73,125.84,36.97,5.15,5.4,0.0,25.52
2025-01-04 10:03:00,223.5,129.15,30.14,0.0,5.89,0.0,0.0
2025-01-04 10:04:00,238.56,125.28,23.23,8.86,6.17,0.0,2.81
2025-01-04 10:05:00,218.28,121.49,25.16,5.24,3.5,3.86,25.43
2025-01-04 10:06:00,227.39,121.7,25.38,0.0,10.44,6.2,0.0
2025-01-04 10:07:00,248.2,124.45,27.66,3.97,1.39,4.73,5.78
2025-01-04 10:08:00,282.56,118.33,29.77,12.02,9.39,6.98,23.58
2025-01-04 10:09:00,213.98,122.92,22.84,10.85,7.03,0.0,0.0
2025-01-04 10:10:00,191.66,127.88,21.54,8.74,5.0,2.95,0.0
2025-01-04 10:11:00,269.43,114.73,28.69,2.63,0.0,1.11,63.42
2025-01-04 10:12:00,237.29,129.63,40.89,1.99,0.0,0.0,13.28
2025-01-04 10:13:00,206.71,127.98,29.16,6.26,0.0,0.0,15.62
2025-01-04 10:14:00,277.15,121.65,27.12,5.92,0.0,14.7,17.34
2025-01-04 10:15:00,242.69,125.67,26.97,12.69,10.17,8.07,0.0
2025-01-04 10:16:00,209.67,123.5,20.58,9.87,5.77,2.02,0.0
2025-01-04 10:17:00,229.8,128.41,23.86,6.75,1.74,3.64,29.01
2025-01-04 10:18:00,165.92,127.42,30.57,7.03,0.0,0.0,0.0
2025-01-04 10:19:00,204.79,117.89,27.14,6.37,5.25,1.53,0.0
2025-01-04 10:20:00,217.84,125.84,27.12,7.8,11.97,0.95,20.17
2025-01-04 10:21:00,225.9,122.67,23.57,13.14,4.18,11.64,5.25
2025-01-04 10:22:00,231.39,123.82,24.19,4.5,0.0,3.0,3.35
2025-01-04 10:23:00,248.3,120.58,42.53,11.23,0.47,0.0,0.0
2025-01-04 10:24:00,277.71,130.48,41.29,11.55,0.0,0.0,7.8
2025-01-04 10:25:00,224.98,127.65,27.32,14.43,9.06,4.3,0.34
2025-01-04 10:26:00,218.84,120.53,24.73,15.34,1.08,11.69,2.59
2025-01-04 10:27:00,210.51,118.15,25.28,16.99,0.0,0.0,5.93
2025-01-04 10:28:00,223.22,121.95,28.87,7.63,0.0,13.71,0.0
2025-01-04 10:29:00,190.43,125.23,32.15,10.76,0.0,0.0,0.3
2025-01-04 10:30:00,207.79,124.45,29.13,0.0,0.46,0.0,0.0
2025-01-04 10:31:00,281.35,128.5,33.5,5.69,0.0,3.44,0.0
2025-01-04 10:32:00,215.32,126.65,28.52,4.86,0.0,1.63,0.0
2025-01-04 10:33:00,201.4,127.37,34.05,0.0,15.99,0.0,9.22
2025-01-04 10:34:00,240.77,124.8,23.18,12.34,4.72,0.0,0.0
2025-01-04 10:35:00,211.12,117.93,24.67,13.61,8.04,0.0,0.0
2025-01-04 10:36:00,203.05,122.71,24.82,0.0,0.0,7.42,0.0
2025-01-04 10:37:00,246.77,127.73,27.78,0.35,11.99,1.68,23.71
2025-01-04 10:38:00,184.01,123.29,26.47,2.42,0.0,3.6,0.0
2025-01-04 10:39:00,246.33,125.5,35.12,12.48,7.13,15.13,0.0
2025-01-04 10:40:00,236.64,122.22,27.96,6.31,3.63,0.0,0.0
2025-01-04 10:41:00,235.87,119.37,27.24,10.4,1.65,13.22,0.0
2025-01-04 10:42:00,248.16,123.0,26.47,19.59,0.36,3.39,0.0
2025-01-04 10:43:00,212.74,124.73,28.47,5.28,6.54,0.0,0.0
2025-01-04 10:44:00,238.57,120.87,32.68,6.05,0.0,0.0,45.23
2025-01-04 10:45:00,241.39,122.55,29.64,4.72,12.85,1.15,0.0
2025-01-04 10:46:00,240.4,119.73,26.58,10.24,0.25,5.02,8.25
2025-01-04 10:47:00,200.83,127.97,20.64,1.34,4.56,13.25,0.0
2025-01-04 10:48:00,218.22,122.31,29.68,6.52,1.49,12.19,0.0
2025-01-04 10:49:00,249.01,129.3,28.65,10.23,7.52,5.44,16.33
2025-01-04 10:50:00,214.74,129.61,28.95,0.0,10.75,0.0,0.0
2025-01-04 10:51:00,226.59,123.17,20.0,7.91,5.92,5.89,40.9
2025-01-04 10:52:00,166.53,119.46,30.81,3.5,0.0,0.0,0.0
2025-01-04 10:53:00,228.55,115.15,32.73,5.95,12.09,0.0,30.05
2025-01-04 10:54:00,207.18,117.6,28.76,6.13,10.95,5.09,0.0
2025-01-04 10:55:00,207.86,118.0,37.29,17.2,7.15,0.0,0.0
2025-01-04 10:56:00,178.02,129.01,37.08,2.85,0.0,0.0,0.0
2025-01-04 10:57:00,263.81,123.96,22.5,5.23,11.51,0.0,64.38
2025-01-04 10:58:00,223.61,125.05,27.52,11.38,0.0,5.24,0.0
2025-01-04 10:59:00,251.19,114.61,28.31,7.19,0.0,5.96,18.88
2025-01-04 11:00:00,233.74,118.7,17.76,20.52,5.23,0.0,24.36
2025-01-04 11:01:00,258.12,127.04,33.48,8.78,5.49,12.01,0.0
2025-01-04 11:02:00,233.51,124.64,27.99,0.0,0.3,0.0,0.0
2025-01-04 11:03:00,247.38,122.9,27.79,14.8,9.63,0.0,0.0
2025-01-04 11:04:00,229.29,125.75,35.37,6.81,6.9,11.0,0.0
2025-01-04 11:05:00,256.85,130.03,22.44,18.47,4.66,0.0,10.64
2025-01-04 11:06:00,208.61,122.61,18.91,2.84,11.16,8.41,0.0
2025-01-04 11:07:00,221.5,123.77,26.85,0.0,0.0,11.09,9.05
2025-01-04 11:08:00,255.92,124.26,28.16,16.24,0.75,12.38,25.65
2025-01-04 11:09:00,238.77,133.06,29.46,3.23,7.24,9.31,2.15
2025-01-04 11:10:00,211.89,115.09,24.99,6.42,4.09,1.26,0.0
2025-01-04 11:11:00,208.26,126.22,34.73,6.58,0.0,0.25,0.0
2025-01-04 11:12:00,207.74,123.03,24.34,15.9,0.0,0.0,0.0
2025-01-04 11:13:00,214.85,125.76,26.41,1.16,6.81,10.57,0.0
2025-01-04 11:14:00,247.5,120.86,27.16,11.97,11.63,1.45,25.77
2025-01-04 11:15:00,170.86,123.3,24.53,0.3,0.0,7.11,0.31
2025-01-04 11:16:00,233.04,126.34,26.31,11.25,6.79,2.05,0.0
2025-01-04 11:17:00,247.72,135.94,26.48,4.97,3.64,0.0,0.0
2025-01-04 11:18:00,237.97,126.72,27.06,3.21,0.0,2.39,13.95
2025-01-04 11:19:00,197.12,120.1,30.55,4.17,0.0,4.23,0.0
2025-01-04 11:20:00,195.99,121.8,30.09,14.13,2.72,0.78,0.0
2025-01-04 11:21:00,246.96,121.68,39.98,14.51,0.0,0.0,0.0
2025-01-04 11:22:00,200.26,116.31,21.6,3.05,0.0,7.47,6.11
2025-01-04 11:23:00,199.51,122.17,32.17,0.0,8.14,11.73,0.0
2025-01-04 11:24:00,192.95,126.42,30.07,5.54,5.38,5.76,25.33
2025-01-04 11:25:00,283.98,118.39,20.59,10.85,7.33,0.0,36.72
2025-01-04 11:26:00,205.92,127.69,30.75,3.64,1.02,0.0,25.25
2025-01-04 11:27:00,219.85,125.44,20.69,13.78,3.08,8.15,0.0
2025-01-04 11:28:00,237.11,120.55,23.05,6.68,0.05,7.2,14.21
2025-01-04 11:29:00,203.61,122.93,22.86,0.0,1.64,1.86,11.16
2025-01-04 11:30:00,277.54,129.89,29.36,9.15,0.0,0.0,23.05
2025-01-04 11:31:00,236.31,126.43,34.54,13.48,4.19,0.38,1.39
2025-01-04 11:32:00,232.98,123.53,22.01,0.0,7.6,0.0,0.0
2025-01-04 11:33:00,200.55,122.54,29.46,11.46,0.0,0.0,6.85
2025-01-04 11:34:00,213.17,123.8,30.36,2.21,0.0,9.91,0.0
2025-01-04 11:35:00,229.75,121.44,26.61,9.34,1.29,0.0,0.0
2025-01-04 11:36:00,219.0,115.07,27.71,5.77,1.56,0.0,0.0
2025-01-04 11:37:00,185.81,131.66,32.84,11.29,1.31,0.0,0.0
2025-01-04 11:38:00,249.9,124.11,31.66,8.76,11.85,7.94,0.0
2025-01-04 11:39:00,194.18,125.08,29.51,2.55,3.99,6.01,0.0
2025-01-04 11:40:00,185.96,123.26,25.32,14.71,5.86,0.0,0.0
2025-01-04 11:41:00,195.48,120.55,34.05,1.44,1.96,0.0,7.3
2025-01-04 11:42:00,282.02,122.75,33.98,10.77,6.46,6.42,55.54
2025-01-04 11:43:00,194.41,117.09,15.37,2.25,0.0,0.0,29.92
2025-01-04 11:44:00,239.19,132.6,29.85,5.07,0.06,6.73,32.83
2025-01-04 11:45:00,211.91,118.55,30.3,5.35,6.8,1.03,3.7
2025-01-04 11:46:00,209.01,119.36,26.29,13.46,0.42,12.04,0.0
2025-01-04 11:47:00,167.57,121.73,15.93,3.21,0.22,11.54,0.0
2025-01-04 11:48:00,253.52,128.64,23.09,4.7,3.02,0.3,27.42
2025-01-04 11:49:00,263.36,123.55,32.47,10.87,3.32,2.25,36.5
2025-01-04 11:50:00,200.76,118.55,28.45,0.0,4.37,0.0,0.0
2025-01-04 11:51:00,240.19,128.51,17.41,13.84,0.0,0.0,34.69
2025-01-04 11:52:00,266.72,126.42,26.16,13.0,3.58,0.0,21.7
2025-01-04 11:53:00,210.52,125.65,18.18,3.11,2.73,0.0,42.7
2025-01-04 11:54:00,231.94,126.35,33.07,0.0,1.57,0.0,0.0
2025-01-04 11:55:00,205.15,133.07,17.41,1.94,4.14,3.55,0.0
2025-01-04 11:56:00,254.95,132.23,30.52,11.47,0.59,0.0,0.0
2025-01-04 11:57:00,237.03,120.74,22.19,10.39,0.0,0.0,56.48
2025-01-04 11:58:00,235.57,129.99,25.09,10.45,0.0,0.52,0.0
2025-01-04 11:59:00,219.17,125.02,34.89,4.63,0.0,0.0,23.59
2025-01-04 12:00:00,262.89,125.49,25.93,15.37,16.81,0.35,18.34
2025-01-04 12:01:00,201.65,116.72,39.98,5.96,5.32,0.0,0.0
2025-01-04 12:02:00,272.99,122.81,25.89,17.32,6.41,3.11,26.12
2025-01-04 12:03:00,202.16,120.24,24.36,0.0,13.84,6.25,0.0
2025-01-04 12:04:00,229.2,126.8,28.06,1.48,3.87,3.31,0.0
2025-01-04 12:05:00,284.61,127.78,34.97,8.11,14.11,1.27,0.0
2025-01-04 12:06:00,264.23,115.19,35.84,8.75,4.92,11.6,19.69
2025-01-04 12:07:00,199.12,123.4,32.82,7.21,7.57,4.14,0.0
2025-01-04 12:08:00,230.63,127.98,32.44,13.21,10.45,3.84,0.0
2025-01-04 12:09:00,241.52,122.75,29.21,1.52,11.52,0.0,0.0
2025-01-04 12:10:00,246.24,126.41,33.87,5.35,21.2,4.06,0.0
2025-01-04 12:11:00,250.05,124.9,29.31,0.51,14.67,0.16,1.86
2025-01-04 12:12:00,262.78,124.86,27.3,0.0,14.87,0.96,20.49
2025-01-04 12:13:00,197.33,122.41,24.97,0.0,8.57,0.0,15.62
2025-01-04 12:14:00,231.95,118.63,35.09,12.7,19.64,9.82,6.77
2025-01-04 12:15:00,238.71,119.01,20.65,3.81,10.76,10.44,0.0
2025-01-04 12:16:00,245.61,126.33,36.11,7.64,12.42,1.07,21.45
2025-01-04 12:17:00,240.13,123.57,33.78,11.1,10.31,0.0,0.0
2025-01-04 12:18:00,262.3,122.94,28.54,6.85,7.91,1.68,47.04
2025-01-04 12:19:00,264.01,121.8,28.7,0.0,22.56,10.56,28.3
2025-01-04 12:20:00,198.52,122.27,27.69,3.31,14.54,0.0,0.0
2025-01-04 12:21:00,214.51,127.68,26.35,10.68,14.97,0.0,0.0
2025-01-04 12:22:00,212.84,122.15,30.96,10.68,3.57,0.0,5.38
2025-01-04 12:23:00,201.86,118.13,22.28,0.0,10.92,0.0,0.0
2025-01-04 12:24:00,1416.63,126.47,27.29,0.0,13.36,0.0,42.51
2025-01-04 12:25:00,219.61,122.67,26.83,14.58,0.0,0.0,9.39
2025-01-04 12:26:00,271.26,123.62,27.64,7.15,20.85,1.03,2.51
2025-01-04 12:27:00,252.86,129.92,22.42,8.26,16.26,10.01,0.0
2025-01-04 12:28:00,263.11,123.41,33.97,1.55,7.03,6.5,24.48
2025-01-04 12:29:00,198.57,124.65,30.59,15.79,5.2,3.28,1.23
2025-01-04 12:30:00,178.81,118.78,27.14,0.0,1.1,2.98,0.0
2025-01-04 12:31:00,252.72,122.61,25.53,2.03,14.53,11.83,6.13
2025-01-04 12:32:00,206.86,125.93,22.62,10.53,16.18,5.6,4.07
2025-01-04 12:33:00,212.63,117.27,27.14,7.53,16.4,0.0,0.0
2025-01-04 12:34:00,217.39,124.3,26.81,10.87,6.9,4.02,0.0
2025-01-04 12:35:00,225.94,123.89,29.19,7.55,9.01,0.0,0.0
2025-01-04 12:36:00,255.64,123.66,21.87,0.25,7.14,3.29,55.68
2025-01-04 12:37:00,190.49,127.64,29.18,4.29,9.41,3.09,6.13
2025-01-04 12:38:00,298.04,124.83,38.1,26.53,29.26,10.56,11.74
2025-01-04 12:39:00,256.54,129.4,27.65,13.83,8.42,5.66,0.0
2025-01-04 12:40:00,237.97,119.52,27.68,4.67,8.54,4.43,0.0
2025-01-04 12:41:00,192.2,124.04,18.68,4.3,5.73,0.0,3.74
2025-01-04 12:42:00,215.83,123.83,23.57,2.07,7.84,5.63,0.0
2025-01-04 12:43:00,228.31,119.21,28.17,4.49,13.65,0.0,34.15
2025-01-04 12:44:00,188.83,127.32,25.93,3.7,13.99,0.0,21.59
2025-01-04 12:45:00,196.27,132.79,24.8,4.25,8.4,2.61,0.0
2025-01-04 12:46:00,271.39,123.42,23.2,9.04,17.98,3.06,25.5
2025-01-04 12:47:00,233.05,125.51,24.15,0.0,6.54,4.43,0.0
2025-01-04 12:48:00,248.86,123.83,22.31,16.53,13.21,7.92,0.0
2025-01-04 12:49:00,233.51,120.64,25.85,8.83,18.65,4.24,22.3
2025-01-04 12:50:00,203.21,116.21,32.35,4.62,8.08,4.78,31.62
2025-01-04 12:51:00,229.74,120.67,22.31,4.09,0.0,0.0,9.58
2025-01-04 12:52:00,278.1,117.92,27.95,12.42,12.99,7.04,0.0
2025-01-04 12:53:00,198.92,130.31,28.11,8.69,10.72,9.93,0.0
2025-01-04 12:54:00,260.4,123.03,28.63,10.84,8.32,11.08,18.23
2025-01-04 12:55:00,256.78,122.11,19.62,2.04,3.62,0.0,37.55
2025-01-04 12:56:00,221.73,127.05,36.49,6.86,13.46,7.65,0.0
2025-01-04 12:57:00,217.72,119.0,26.07,0.01,6.96,9.42,2.25
2025-01-04 12:58:00,245.45,120.42,25.02,8.41,10.1,12.15,32.89
2025-01-04 12:59:00,234.35,123.76,23.17,4.09,19.32,0.0,0.0
2025-01-04 13:00:00,243.94,127.61,30.79,8.53,16.64,0.91,0.0
2025-01-04 13:01:00,237.01,125.5,26.75,12.83,10.84,7.19,5.68
2025-01-04 13:02:00,206.67,124.49,26.84,10.66,19.8,0.0,0.0
2025-01-04 13:03:00,264.66,123.8,21.52,5.42,14.84,0.0,25.81
2025-01-04 13:04:00,191.14,125.09,20.54,4.16,19.36,5.93,0.0
2025-01-04 13:05:00,257.09,124.3,26.66,12.24,21.76,0.0,0.0
2025-01-04 13:06:00,238.81,119.37,31.49,9.15,15.35,0.0,0.0
2025-01-04 13:07:00,194.55,123.68,21.48,0.47,10.61,0.0,0.0
2025-01-04 13:08:00,214.98,119.2,25.99,13.03,10.15,3.14,1.74
2025-01-04 13:09:00,185.38,123.82,25.68,8.7,11.4,0.0,0.0
2025-01-04 13:10:00,253.85,121.57,28.41,11.64,4.37,2.82,5.18
2025-01-04 13:11:00,262.99,133.65,25.75,8.86,9.48,6.03,0.0
2025-01-04 13:12:00,210.29,123.33,24.52,11.13,13.94,10.04,0.0
2025-01-04 13:13:00,236.19,117.87,29.66,8.34,8.99,0.81,1.72
2025-01-04 13:14:00,277.9,122.96,44.04,13.04,13.55,6.16,0.0
2025-01-04 13:15:00,243.32,125.57,22.42,10.09,14.71,12.2,0.0
2025-01-04 13:16:00,258.54,130.19,25.69,0.76,21.95,4.7,5.48
2025-01-04 13:17:00,180.89,121.13,19.75,13.05,0.0,6.03,1.08
2025-01-04 13:18:00,250.44,117.16,24.52,17.06,3.74,7.66,3.92
2025-01-04 13:19:00,261.5,126.76,23.24,8.07,18.88,5.02,35.1
2025-01-04 13:20:00,248.05,117.97,27.08,7.58,21.26,5.61,0.0
2025-01-04 13:21:00,229.36,121.75,31.22,7.63,21.77,0.0,0.0
2025-01-04 13:22:00,178.5,122.46,21.77,10.08,10.8,7.27,0.0
2025-01-04 13:23:00,194.73,123.21,28.63,10.62,7.43,1.46,0.0
2025-01-04 13:24:00,236.52,126.25,27.89,0.0,12.08,0.0,0.0
2025-01-04 13:25:00,585.38,120.76,35.79,17.31,17.15,0.0,0.0
2025-01-04 13:26:00,215.75,122.4,26.81,7.27,0.78,6.15,21.59
2025-01-04 13:27:00,228.79,123.43,32.69,9.06,22.75,0.0,0.0
2025-01-04 13:28:00,253.37,124.09,24.74,8.67,12.52,4.18,7.8
2025-01-04 13:29:00,253.26,123.88,29.37,6.42,13.83,0.0,13.24
2025-01-04 13:30:00,190.97,125.24,24.0,11.34,14.87,0.0,1.55
2025-01-04 13:31:00,206.93,126.87,32.8,5.37,8.03,1.6,0.0
2025-01-04 13:32:00,260.19,125.06,30.31,13.63,12.69,9.89,0.0
2025-01-04 13:33:00,217.99,125.31,21.0,3.68,16.77,14.95,0.0
2025-01-04 13:34:00,223.6,117.16,28.93,10.53,15.41,5.71,0.0
2025-01-04 13:35:00,205.87,123.69,29.81,19.11,12.91,1.92,0.0
2025-01-04 13:36:00,211.18,125.41,18.02,4.89,14.72,6.73,0.0
2025-01-04 13:37:00,245.35,126.41,32.63,10.24,26.67,0.0,10.0
2025-01-04 13:38:00,210.37,120.72,32.91,0.22,16.69,0.0,0.0
2025-01-04 13:39:00,206.42,120.86,31.22,8.48,14.3,0.0,7.71
2025-01-04 13:40:00,204.25,121.2,24.73,3.79,16.34,3.97,32.11
2025-01-04 13:41:00,309.82,125.64,30.29,10.23,6.84,1.89,75.88
2025-01-04 13:42:00,260.13,127.63,32.55,11.08,13.61,0.0,33.06
2025-01-04 13:43:00,263.54,121.86,26.0,14.11,11.07,6.38,0.0
2025-01-04 13:44:00,230.88,127.12,28.99,16.43,14.72,5.74,3.23
2025-01-04 13:45:00,244.97,123.99,22.09,6.69,16.84,4.94,7.74
2025-01-04 13:46:00,264.63,122.99,24.38,2.85,11.21,0.01,28.74
2025-01-04 13:47:00,291.05,122.65,28.91,12.89,15.79,5.42,37.3
2025-01-04 13:48:00,274.44,126.48,24.31,1.18,22.73,10.25,33.98
2025-01-04 13:49:00,220.07,124.79,26.67,2.76,15.0,4.81,0.0
2025-01-04 13:50:00,228.93,132.6,24.1,0.25,17.35,10.46,3.81
2025-01-04 13:51:00,217.13,120.08,28.16,0.0,9.69,0.41,0.0
2025-01-04 13:52:00,246.42,125.56,24.92,9.52,14.04,1.28,0.0
2025-01-04 13:53:00,253.5,121.37,23.22,5.67,16.7,0.0,23.97
2025-01-04 13:54:00,241.13,120.01,30.42,8.08,8.25,11.65,5.4
2025-01-04 13:55:00,223.87,123.45,29.37,0.0,6.51,1.94,0.0
2025-01-04 13:56:00,247.28,124.04,25.69,13.6,17.67,0.0,31.94
2025-01-04 13:57:00,230.01,135.16,25.98,0.0,1.9,4.7,10.61
2025-01-04 13:58:00,242.5,122.76,34.18,1.46,6.71,9.41,10.01
2025-01-04 13:59:00,195.12,118.97,31.63,6.4,20.78,0.0,3.95
2025-01-04 14:00:00,230.44,124.58,34.32,1.83,21.15,0.0,0.0
2025-01-04 14:01:00,213.26,115.19,17.29,20.12,11.54,6.38,0.0
2025-01-04 14:02:00,300.58,123.12,35.08,6.64,9.77,9.38,41.68
2025-01-04 14:03:00,228.02,123.56,27.48,7.82,5.28,0.0,10.22
2025-01-04 14:04:00,272.29,126.67,26.66,12.29,17.74,4.36,39.51
2025-01-04 14:05:00,264.33,127.39,21.78,4.64,9.63,0.0,10.77
2025-01-04 14:06:00,207.5,121.48,34.24,0.34,13.04,3.9,0.0
2025-01-04 14:07:00,195.48,122.89,31.91,4.83,6.65,0.0,0.0
2025-01-04 14:08:00,209.92,120.43,35.47,6.28,9.75,3.43,0.0
2025-01-04 14:09:00,221.05,118.98,24.18,13.4,20.8,0.0,0.0
2025-01-04 14:10:00,252.33,124.73,26.58,8.32,10.36,6.86,0.38
2025-01-04 14:11:00,250.98,118.4,29.63,6.14,15.21,8.84,0.0
2025-01-04 14:12:00,238.64,121.83,24.91,6.58,14.04,0.0,32.83
2025-01-04 14:13:00,254.14,119.51,28.52,11.1,15.97,7.72,0.0
2025-01-04 14:14:00,259.97,125.69,29.73,9.54,13.26,0.0,0.0
2025-01-04 14:15:00,265.46,130.7,26.58,3.27,0.0,18.99,0.0
2025-01-04 14:16:00,220.04,118.29,24.76,9.8,5.88,0.0,0.0
2025-01-04 14:17:00,195.4,116.08,34.38,7.3,2.1,5.14,0.23
2025-01-04 14:18:00,253.58,122.99,30.22,17.03,17.28,8.59,0.0
2025-01-04 14:19:00,263.12,123.55,44.07,20.91,15.01,4.21,2.27
2025-01-04 14:20:00,238.25,124.37,24.6,12.76,0.0,9.26,0.0
2025-01-04 14:21:00,281.22,121.71,27.52,10.96,10.88,3.19,35.06
2025-01-04 14:22:00,262.99,122.69,34.1,10.73,10.42,0.0,33.52
2025-01-04 14:23:00,215.66,124.96,25.78,4.61,22.28,5.7,0.0
2025-01-04 14:24:00,265.99,127.65,25.22,3.24,5.75,5.17,14.11
2025-01-04 14:25:00,267.73,115.67,34.8,0.0,9.68,8.09,24.28
2025-01-04 14:26:00,272.3,122.02,22.07,5.86,12.16,0.0,47.07
2025-01-04 14:27:00,238.9,124.35,29.83,19.02,18.99,1.07,0.66
2025-01-04 14:28:00,188.35,119.82,35.25,5.0,10.25,6.69,0.0
2025-01-04 14:29:00,229.8,130.42,21.21,0.0,24.27,0.94,0.0
2025-01-04 14:30:00,225.37,120.95,31.52,12.81,16.65,5.14,0.0
2025-01-04 14:31:00,222.85,123.33,22.03,1.29,15.77,9.09,9.02
2025-01-04 14:32:00,211.35,125.72,27.68,8.33,23.4,5.34,0.0
2025-01-04 14:33:00,233.12,121.13,28.07,4.16,12.52,5.2,29.42
2025-01-04 14:34:00,208.83,116.11,29.63,2.68,0.0,1.31,0.0
2025-01-04 14:35:00,230.9,121.78,26.52,13.26,13.3,7.28,0.0
2025-01-04 14:36:00,256.06,127.61,29.29,25.12,12.77,1.41,0.0
2025-01-04 14:37:00,280.68,122.14,32.66,3.81,19.54,0.0,20.1
2025-01-04 14:38:00,216.97,120.11,23.72,5.73,10.42,0.0,12.36
2025-01-04 14:39:00,249.84,127.19,19.19,8.74,17.06,4.21,38.58
2025-01-04 14:40:00,230.05,122.17,26.38,0.43,19.04,7.5,0.0
2025-01-04 14:41:00,264.75,121.45,27.96,0.0,10.3,9.41,30.79
2025-01-04 14:42:00,205.67,124.09,29.31,7.99,20.71,0.0,0.0
2025-01-04 14:43:00,235.44,126.57,33.29,9.05,0.07,0.0,22.16
2025-01-04 14:44:00,239.57,133.02,25.46,10.79,9.0,7.65,0.0
2025-01-04 14:45:00,201.18,126.8,25.22,14.49,14.31,0.0,0.0
2025-01-04 14:46:00,194.45,128.13,24.83,0.0,11.59,2.77,0.0
2025-01-04 14:47:00,235.01,121.47,23.6,1.31,23.78,5.34,0.0
2025-01-04 14:48:00,218.08,119.39,25.67,11.14,19.59,0.0,7.85
2025-01-04 14:49:00,233.35,123.74,33.92,7.08,15.97,7.15,5.76
2025-01-04 14:50:00,210.71,123.92,23.46,2.64,6.56,0.0,4.85
2025-01-04 14:51:00,254.24,119.18,34.88,11.21,28.16,0.0,0.0
2025-01-04 14:52:00,213.55,122.79,30.14,0.2,12.66,0.0,40.47
2025-01-04 14:53:00,274.97,125.09,28.63,11.16,23.0,8.49,29.47
2025-01-04 14:54:00,235.73,124.93,27.45,10.14,1.06,1.98,0.0
2025-01-04 14:55:00,256.29,125.51,31.35,11.33,18.63,0.0,14.53
2025-01-04 14:56:00,226.35,124.66,25.67,8.91,8.16,4.47,0.0
2025-01-04 14:57:00,244.62,121.46,31.43,17.48,12.82,9.51,0.0
2025-01-04 14:58:00,225.85,121.44,21.95,13.65,6.73,0.0,20.89
2025-01-04 14:59:00,212.2,118.7,32.66,19.45,16.08,0.0,0.0
2025-01-04 15:00:00,254.77,130.63,34.73,6.06,2.38,12.53,0.0
2025-01-04 15:01:00,210.02,123.55,18.14,6.17,13.67,5.04,22.85
2025-01-04 15:02:00,245.06,122.59,30.05,3.22,17.0,0.43,0.0
2025-01-04 15:03:00,198.73,119.78,29.91,0.4,15.25,0.0,0.0
2025-01-04 15:04:00,236.31,135.23,30.04,0.0,26.74,1.11,8.17
2025-01-04 15:05:00,226.49,119.2,27.71,0.96,6.1,4.91,20.76
2025-01-04 15:06:00,260.56,121.78,27.81,15.46,22.63,0.0,0.0
2025-01-04 15:07:00,252.57,125.16,22.41,10.93,17.95,1.85,23.61
2025-01-04 15:08:00,228.75,125.89,24.57,18.93,8.85,12.94,0.63
2025-01-04 15:09:00,249.25,127.32,29.17,13.56,12.6,0.0,25.79
2025-01-04 15:10:00,294.26,130.72,23.61,9.27,23.44,0.07,13.54
2025-01-04 15:11:00,202.81,125.52,25.12,5.5,12.57,0.0,9.1
2025-01-04 15:12:00,219.28,119.27,28.33,0.98,9.91,2.65,17.16
2025-01-04 15:13:00,176.39,122.46,33.11,5.33,10.47,0.0,0.0
2025-01-04 15:14:00,208.2,124.72,29.93,3.78,6.74,1.41,0.0
2025-01-04 15:15:00,201.98,131.76,31.1,6.64,12.82,17.44,0.0
2025-01-04 15:16:00,239.78,117.9,23.0,15.28,10.63,6.71,3.31
2025-01-04 15:17:00,259.39,128.3,34.48,0.0,11.86,9.93,18.33
2025-01-04 15:18:00,223.09,124.21,36.21,0.0,9.4,0.0,0.0
2025-01-04 15:19:00,203.74,126.84,36.26,4.86,0.0,0.0,0.0
2025-01-04 15:20:00,262.24,123.08,30.34,6.49,14.44,3.42,4.34
2025-01-04 15:21:00,215.57,120.12,27.94,6.64,13.23,0.29,21.7
2025-01-04 15:22:00,246.29,126.5,31.11,5.4,19.43,5.28,29.18
2025-01-04 15:23:00,210.86,126.11,25.95,12.22,18.13,1.62,10.06
2025-01-04 15:24:00,279.44,127.38,24.68,10.8,11.82,8.5,31.77
2025-01-04 15:25:00,269.79,123.44,26.41,10.47,12.62,6.44,10.39
2025-01-04 15:26:00,209.0,121.09,29.92,2.48,18.85,0.0,0.47
2025-01-04 15:27:00,242.83,117.26,23.3,2.57,0.81,4.21,0.0
2025-01-04 15:28:00,274.01,126.77,27.3,8.09,3.91,0.0,25.47
2025-01-04 15:29:00,232.27,125.19,31.15,4.18,19.46,0.88,0.0
2025-01-04 15:30:00,244.78,119.63,29.25,4.5,20.14,4.62,0.0
2025-01-04 15:31:00,229.94,121.34,20.77,3.58,16.72,0.0,0.0
2025-01-04 15:32:00,230.44,121.62,26.14,10.09,12.46,6.08,3.74
2025-01-04 15:33:00,210.75,117.56,21.38,1.43,2.77,0.8,19.47
2025-01-04 15:34:00,198.03,120.22,17.53,8.37,25.42,0.0,0.0
2025-01-04 15:35:00,329.65,118.96,39.67,11.34,19.87,0.6,76.83
2025-01-04 15:36:00,220.73,121.84,19.16,0.0,0.59,3.71,8.63
2025-01-04 15:37:00,235.35,120.54,19.58,5.65,18.66,0.0,9.27
2025-01-04 15:38:00,293.21,116.98,28.21,0.0,10.66,18.84,40.65
2025-01-04 15:39:00,246.21,131.58,31.77,5.23,15.78,0.0,16.13
2025-01-04 15:40:00,250.35,128.5,35.74,0.7,8.89,0.0,14.12
2025-01-04 15:41:00,247.4,120.38,19.06,22.78,16.51,2.81,24.91
2025-01-04 15:42:00,258.84,124.58,28.72,7.09,21.49,8.32,14.63
2025-01-04 15:43:00,225.52,125.16,24.6,5.71,2.4,0.0,8.93
2025-01-04 15:44:00,238.03,128.26,28.39,0.0,15.37,0.77,0.0
2025-01-04 15:45:00,280.31,120.22,31.59,16.76,17.12,0.73,11.07
2025-01-04 15:46:00,230.69,127.86,17.14,3.78,12.77,6.1,0.0
2025-01-04 15:47:00,214.18,121.3,26.84,5.59,15.5,0.0,10.43
2025-01-04 15:48:00,200.24,118.15,29.37,5.99,16.79,0.0,0.0
2025-01-04 15:49:00,228.36,126.39,22.07,8.69,9.62,2.9,0.0
2025-01-04 15:50:00,270.34,128.65,35.87,8.34,16.69,2.78,41.51
2025-01-04 15:51:00,238.64,133.84,24.85,12.05,15.9,6.39,0.0
2025-01-04 15:52:00,234.32,118.69,36.24,4.94,22.34,0.0,15.59
2025-01-04 15:53:00,167.74,126.29,25.57,6.48,8.55,5.42,0.0
2025-01-04 15:54:00,295.34,121.85,26.75,17.29,11.59,14.18,40.88
2025-01-04 15:55:00,214.43,126.63,16.71,5.47,13.75,0.46,0.0
2025-01-04 15:56:00,247.82,117.61,25.35,0.0,18.6,6.52,21.22
2025-01-04 15:57:00,238.35,118.44,40.69,0.0,10.35,2.8,19.76
2025-01-04 15:58:00,214.49,120.39,17.7,10.68,0.0,6.49,0.0
2025-01-04 15:59:00,234.59,123.81,26.78,4.28,24.47,1.03,26.51
2025-01-04 16:00:00,197.18,120.93,25.83,14.57,18.34,0.33,0.0
2025-01-04 16:01:00,194.86,126.13,21.09,11.83,4.73,0.0,0.0
2025-01-04 16:02:00,201.56,127.6,33.09,5.13,23.28,5.5,0.0
2025-01-04 16:03:00,235.72,125.89,35.59,0.0,8.88,0.0,34.79
2025-01-04 16:04:00,224.63,129.97,28.33,11.54,8.69,0.0,4.86
2025-01-04 16:05:00,188.67,125.16,26.16,10.52,16.57,1.22,0.0
2025-01-04 16:06:00,208.51,118.62,21.72,2.8,2.49,0.64,6.34
2025-01-04 16:07:00,240.75,128.95,29.28,4.01,9.62,2.59,6.54
2025-01-04 16:08:00,272.71,121.07,31.85,4.55,18.95,0.46,4.57
2025-01-04 16:09:00,227.06,127.13,23.3,3.02,14.74,0.0,27.64
2025-01-04 16:10:00,321.87,129.79,28.36,16.07,14.62,9.84,47.48
2025-01-04 16:11:00,257.75,125.32,28.34,3.49,18.87,0.0,17.28
2025-01-04 16:12:00,240.79,117.51,22.45,12.89,27.69,10.37,0.0
2025-01-04 16:13:00,236.58,119.82,33.53,6.8,18.36,0.0,0.0
2025-01-04 16:14:00,215.13,128.78,29.31,1.81,7.95,3.19,0.0
2025-01-04 16:15:00,275.77,122.82,37.08,5.67,14.54,0.48,0.0
2025-01-04 16:16:00,251.3,123.81,27.58,16.95,12.67,1.24,0.0
2025-01-04 16:17:00,268.85,126.53,31.9,6.12,11.28,5.41,30.37
2025-01-04 16:18:00,250.46,126.28,27.94,1.47,14.11,7.47,53.48
2025-01-04 16:19:00,232.29,124.61,31.32,8.19,22.09,12.5,0.0
2025-01-04 16:20:00,238.05,122.66,28.02,10.93,20.62,7.95,0.0
2025-01-04 16:21:00,265.9,122.24,32.9,9.15,10.54,10.53,15.52
2025-01-04 16:22:00,208.86,126.92,28.54,6.07,6.39,15.37,0.0
2025-01-04 16:23:00,269.99,125.71,30.77,5.0,7.11,0.0,35.3
2025-01-04 16:24:00,187.98,122.46,24.7,5.99,0.0,9.89,0.0
2025-01-04 16:25:00,236.04,127.82,29.79,8.1,4.82,6.38,33.57
2025-01-04 16:26:00,204.41,122.98,34.76,9.74,22.15,8.05,0.0
2025-01-04 16:27:00,258.95,120.09,32.41,4.37,8.46,6.92,0.0
2025-01-04 16:28:00,185.09,120.46,24.09,1.78,7.7,0.0,0.05
2025-01-04 16:29:00,205.28,119.58,34.13,13.89,6.91,5.68,0.0
2025-01-04 16:30:00,213.34,122.4,32.64,14.57,7.23,5.1,0.0
2025-01-04 16:31:00,217.04,128.43,19.61,1.5,8.26,0.0,5.61
2025-01-04 16:32:00,215.27,120.27,19.85,4.28,10.98,12.03,2.26
2025-01-04 16:33:00,230.19,124.25,23.63,14.51,7.55,0.0,0.0
2025-01-04 16:34:00,209.47,120.86,26.42,0.0,8.32,1.75,0.0
2025-01-04 16:35:00,269.6,122.45,29.92,0.0,20.83,0.0,0.0
2025-01-04 16:36:00,220.0,117.45,20.3,11.24,8.27,10.23,26.89
2025-01-04 16:37:00,213.78,122.61,24.46,10.87,17.42,2.12,0.98
2025-01-04 16:38:00,227.37,122.72,24.79,1.75,8.77,0.0,4.3
2025-01-04 16:39:00,263.96,125.65,36.69,14.55,12.95,7.0,0.0
2025-01-04 16:40:00,226.88,124.38,17.86,0.0,9.72,0.0,17.75
2025-01-04 16:41:00,252.81,118.7,23.97,0.87,9.03,2.27,42.57
2025-01-04 16:42:00,189.62,127.83,26.12,2.49,0.0,0.0,0.0
2025-01-04 16:43:00,226.91,124.33,26.01,5.47,9.27,0.0,0.0
2025-01-04 16:44:00,213.93,124.29,20.38,7.6,6.35,0.6,18.92
2025-01-04 16:45:00,271.34,123.46,37.59,7.08,3.36,0.0,9.15
2025-01-04 16:46:00,198.08,121.42,28.71,17.4,20.16,0.0,0.0
2025-01-04 16:47:00,226.64,124.36,24.48,0.0,10.32,7.41,0.0
2025-01-04 16:48:00,237.3,125.39,30.24,1.3,14.54,0.82,32.36
2025-01-04 16:49:00,274.98,116.5,32.12,10.6,5.62,11.45,0.0
2025-01-04 16:50:00,208.24,121.34,26.76,12.73,10.02,0.0,0.0
2025-01-04 16:51:00,226.31,122.47,30.26,8.1,16.37,3.01,0.01
2025-01-04 16:52:00,253.5,124.52,28.18,16.1,9.58,0.0,17.28
2025-01-04 16:53:00,263.29,128.26,26.13,10.87,9.37,15.78,5.61
2025-01-04 16:54:00,219.59,120.4,26.92,5.35,11.45,6.53,0.0
2025-01-04 16:55:00,217.88,121.5,29.46,0.0,10.13,7.94,1.4
2025-01-04 16:56:00,197.44,121.44,32.35,0.0,0.0,4.89,0.0
2025-01-04 16:57:00,251.95,120.29,31.53,5.74,12.79,3.6,16.36
2025-01-04 16:58:00,244.62,122.1,20.71,13.86,6.48,6.27,19.66
2025-01-04 16:59:00,256.49,126.57,26.32,1.58,21.12,7.75,15.41
2025-01-04 17:00:00,249.95,119.28,28.05,0.0,0.0,0.0,14.33
2025-01-04 17:01:00,240.35,125.2,27.99,14.05,12.55,7.54,0.0
2025-01-04 17:02:00,200.87,116.68,25.19,0.0,0.0,0.0,3.32
2025-01-04 17:03:00,209.01,121.25,23.11,4.93,1.99,8.01,0.0
2025-01-04 17:04:00,222.3,122.17,33.2,14.03,0.0,2.72,0.0
2025-01-04 17:05:00,221.53,130.19,23.37,14.32,3.81,12.48,10.98
2025-01-04 17:06:00,232.75,122.39,27.85,9.13,7.96,0.0,21.28
2025-01-04 17:07:00,174.47,114.69,32.2,9.72,0.0,5.64,0.0
2025-01-04 17:08:00,214.31,115.5,28.29,7.23,0.0,0.0,23.49
2025-01-04 17:09:00,193.88,123.63,22.62,3.8,0.0,0.0,0.0
2025-01-04 17:10:00,225.32,125.95,31.52,0.0,2.16,7.71,13.95
2025-01-04 17:11:00,187.96,124.99,23.17,2.57,0.0,0.0,0.0
2025-01-04 17:12:00,221.87,124.16,32.58,0.56,3.68,2.11,0.0
2025-01-04 17:13:00,232.37,128.14,30.75,0.93,3.74,0.0,19.48
2025-01-04 17:14:00,254.67,121.33,34.73,16.74,0.0,0.0,11.77
2025-01-04 17:15:00,195.09,127.07,25.27,0.0,0.0,3.21,10.51
2025-01-04 17:16:00,235.49,116.96,33.47,10.64,8.23,0.0,16.07
2025-01-04 17:17:00,244.51,119.87,32.13,8.73,0.0,1.54,22.73
2025-01-04 17:18:00,195.14,116.26,27.95,0.8,8.88,0.53,26.95
2025-01-04 17:19:00,231.61,122.39,24.26,5.83,0.0,6.15,6.12
2025-01-04 17:20:00,199.32,123.31,28.88,0.68,2.36,0.0,0.0
2025-01-04 17:21:00,226.96,123.95,30.35,7.76,0.0,6.39,0.0
2025-01-04 17:22:00,184.04,123.74,24.49,9.92,5.15,0.0,9.7
2025-01-04 17:23:00,258.34,119.78,29.58,3.79,7.59,0.0,12.06
2025-01-04 17:24:00,202.92,122.73,32.56,9.84,1.96,10.18,0.0
2025-01-04 17:25:00,294.07,117.5,27.66,7.66,0.0,0.0,35.03
2025-01-04 17:26:00,209.07,128.94,19.6,5.51,0.0,0.0,0.0
2025-01-04 17:27:00,263.23,122.28,37.63,9.2,11.74,5.43,12.39
2025-01-04 17:28:00,248.29,121.54,33.74,3.17,0.0,0.0,43.61
2025-01-04 17:29:00,222.91,129.85,37.75,17.03,6.9,8.6,0.0
2025-01-04 17:30:00,192.79,118.52,22.23,6.07,0.0,0.0,0.0
2025-01-04 17:31:00,212.97,118.99,29.64,8.36,0.0,7.86,0.0
2025-01-04 17:32:00,222.32,119.11,23.96,3.01,0.0,0.0,10.57
2025-01-04 17:33:00,216.04,123.22,28.73,10.78,13.55,9.84,10.48
2025-01-04 17:34:00,263.43,125.22,30.63,10.53,10.84,8.31,24.79
2025-01-04 17:35:00,198.27,126.45,35.22,7.71,0.0,5.08,0.0
2025-01-04 17:36:00,206.76,133.78,23.76,10.58,12.49,0.0,0.0
2025-01-04 17:37:00,220.88,114.49,25.19,0.74,2.59,3.78,0.0
2025-01-04 17:38:00,249.19,125.93,28.06,5.99,8.38,0.0,25.98
2025-01-04 17:39:00,205.14,121.26,30.0,0.99,1.92,0.0,0.0
2025-01-04 17:40:00,218.77,121.15,27.96,14.56,19.03,10.16,0.0
2025-01-04 17:41:00,209.07,121.01,29.28,1.79,3.07,7.25,0.0
2025-01-04 17:42:00,215.45,119.86,26.42,18.8,9.87,2.81,0.0
2025-01-04 17:43:00,212.5,130.23,25.68,5.94,0.0,7.22,0.0
2025-01-04 17:44:00,202.3,126.86,28.74,0.0,0.72,0.0,0.0
2025-01-04 17:45:00,180.77,123.58,30.12,7.52,6.31,1.04,24.84
2025-01-04 17:46:00,199.1,128.9,21.86,6.72,0.0,0.0,0.0
2025-01-04 17:47:00,182.0,117.44,28.51,2.82,5.83,0.0,0.0
2025-01-04 17:48:00,253.11,118.17,21.46,9.08,3.98,8.34,8.39
2025-01-04 17:49:00,237.63,114.78,30.08,8.29,10.6,9.5,0.0
2025-01-04 17:50:00,205.9,120.69,26.21,8.09,0.0,0.0,13.75
2025-01-04 17:51:00,209.99,124.14,23.88,4.65,0.0,3.33,5.94
2025-01-04 17:52:00,199.51,123.9,25.96,3.98,2.64,0.0,0.0
2025-01-04 17:53:00,205.19,124.09,23.83,9.41,0.0,4.21,18.52
2025-01-04 17:54:00,219.07,117.85,18.92,0.0,2.76,0.0,23.66
2025-01-04 17:55:00,242.52,126.7,17.32,14.08,0.0,0.0,0.0
2025-01-04 17:56:00,236.88,124.45,24.85,16.38,3.83,16.1,21.37
2025-01-04 17:57:00,237.98,126.42,34.69,5.62,5.74,0.17,0.0
2025-01-04 17:58:00,242.27,115.92,25.08,18.29,8.5,3.73,13.69
2025-01-04 17:59:00,181.25,124.74,26.5,0.61,0.0,0.0,0.0
2025-01-04 18:00:00,219.14,118.74,23.77,37.15,5.98,8.09,0.0
2025-01-04 18:01:00,273.42,121.9,27.61,28.53,9.05,3.3,5.72
2025-01-04 18:02:00,303.69,125.63,30.24,34.45,8.82,0.0,36.58
2025-01-04 18:03:00,239.31,123.86,33.65,24.14,0.0,0.0,0.0
2025-01-04 18:04:00,219.71,120.09,17.55,29.57,9.83,0.0,0.0
2025-01-04 18:05:00,235.31,123.52,27.01,42.14,3.85,4.06,0.0
2025-01-04 18:06:00,261.47,117.37,29.28,34.12,0.0,0.0,2.4
2025-01-04 18:07:00,281.52,128.09,18.13,34.25,11.94,2.82,0.0
2025-01-04 18:08:00,232.36,122.67,33.55,29.9,7.67,6.08,18.7
2025-01-04 18:09:00,196.69,127.97,20.92,37.77,5.63,0.0,0.0
2025-01-04 18:10:00,265.64,121.39,30.98,37.91,10.7,3.11,8.54
2025-01-04 18:11:00,244.12,121.4,33.93,32.64,0.27,0.0,7.64
2025-01-04 18:12:00,289.75,120.43,23.75,38.5,0.0,2.94,24.28
2025-01-04 18:13:00,245.61,127.0,32.4,32.11,2.07,0.0,0.0
2025-01-04 18:14:00,289.15,120.65,18.47,42.59,0.0,7.3,56.9
2025-01-04 18:15:00,302.83,126.07,29.28,48.16,16.39,4.39,0.0
2025-01-04 18:16:00,263.78,121.96,30.56,26.99,0.0,7.78,1.2
2025-01-04 18:17:00,278.44,115.59,22.58,39.76,0.0,0.0,22.66
2025-01-04 18:18:00,250.98,121.21,23.14,40.53,0.0,6.15,4.29
2025-01-04 18:19:00,242.03,118.78,31.47,32.37,0.0,0.0,7.99
2025-01-04 18:20:00,239.55,123.63,38.89,39.15,0.0,0.0,0.0
2025-01-04 18:21:00,238.97,118.73,26.76,26.29,0.0,8.49,0.05
2025-01-04 18:22:00,258.95,127.2,21.53,35.36,1.48,0.0,0.0
2025-01-04 18:23:00,260.59,123.13,22.35,38.45,0.0,7.48,19.85
2025-01-04 18:24:00,238.39,122.78,30.74,32.2,14.39,0.0,0.0
2025-01-04 18:25:00,219.15,126.12,23.25,29.29,8.59,0.0,0.0
2025-01-04 18:26:00,245.23,127.35,29.05,39.81,0.0,8.24,0.0
2025-01-04 18:27:00,226.97,123.41,38.02,37.54,4.31,0.0,1.52
2025-01-04 18:28:00,243.83,120.41,23.68,44.96,2.73,1.91,0.0
2025-01-04 18:29:00,278.27,116.4,33.49,35.88,9.05,12.1,15.12
2025-01-04 18:30:00,241.43,120.75,25.78,36.91,5.53,10.12,3.06
2025-01-04 18:31:00,239.78,121.02,32.75,42.26,0.0,0.0,10.97
2025-01-04 18:32:00,221.97,123.92,28.87,28.78,0.0,0.0,9.93
2025-01-04 18:33:00,234.46,122.11,28.4,34.74,0.0,2.88,13.1
2025-01-04 18:34:00,240.79,126.24,26.11,46.52,0.0,1.37,7.89
2025-01-04 18:35:00,248.71,121.04,27.95,29.33,1.55,2.0,5.06
2025-01-04 18:36:00,299.29,123.26,26.28,32.49,6.77,7.99,55.21
2025-01-04 18:37:00,340.04,128.23,30.61,49.52,0.0,6.59,40.32
2025-01-04 18:38:00,232.55,124.86,30.15,38.06,3.1,5.69,20.11
2025-01-04 18:39:00,261.58,123.25,25.78,29.53,0.0,12.09,37.73
2025-01-04 18:40:00,280.4,121.08,36.68,30.05,12.1,11.99,7.41
2025-01-04 18:41:00,253.48,120.96,27.32,38.25,0.0,7.15,0.0
2025-01-04 18:42:00,251.63,120.09,19.2,36.17,0.0,0.57,20.77
2025-01-04 18:43:00,227.46,121.33,28.04,36.87,0.0,0.0,0.0
2025-01-04 18:44:00,249.85,126.51,36.52,31.25,0.0,0.0,18.27
2025-01-04 18:45:00,220.66,122.6,26.09,30.32,1.05,0.0,6.15
2025-01-04 18:46:00,265.61,118.09,31.46,34.66,5.63,10.78,0.0
2025-01-04 18:47:00,289.17,130.56,33.79,30.78,0.0,0.0,26.83
2025-01-04 18:48:00,239.49,124.77,34.7,40.32,0.0,0.0,0.0
2025-01-04 18:49:00,204.84,117.86,25.94,30.68,0.0,8.0,0.0
2025-01-04 18:50:00,251.0,121.72,24.97,24.17,12.28,0.0,0.0
2025-01-04 18:51:00,293.99,123.94,32.17,38.98,4.31,0.7,27.1
2025-01-04 18:52:00,281.98,130.31,31.72,31.21,5.72,0.0,4.6
2025-01-04 18:53:00,211.08,119.06,29.6,32.68,4.85,0.0,0.0
2025-01-04 18:54:00,214.6,127.4,17.67,26.02,0.0,0.0,0.0
2025-01-04 18:55:00,253.01,129.09,28.69,23.58,4.47,0.0,29.65
2025-01-04 18:56:00,183.84,120.98,18.47,30.78,1.67,0.47,1.66
2025-01-04 18:57:00,254.73,122.38,35.1,40.28,0.0,0.0,8.97
2025-01-04 18:58:00,225.18,119.35,25.68,37.89,3.68,2.56,0.0
2025-01-04 18:59:00,264.52,122.68,28.96,29.45,0.79,1.71,33.76
2025-01-04 19:00:00,297.14,123.35,34.73,33.03,44.31,9.54,0.0
2025-01-04 19:01:00,266.34,126.13,30.0,39.37,35.48,1.84,0.0
2025-01-04 19:02:00,335.29,127.85,27.3,30.68,37.79,14.5,26.79
2025-01-04 19:03:00,333.23,120.5,32.74,33.7,49.72,16.17,11.55
2025-01-04 19:04:00,306.84,115.62,24.14,32.07,35.16,14.95,9.05
2025-01-04 19:05:00,339.6,123.41,28.49,32.66,53.46,24.44,23.48
2025-01-04 19:06:00,269.79,124.67,32.25,32.66,42.34,0.0,0.0
2025-01-04 19:07:00,317.52,124.49,31.45,31.5,52.8,14.15,0.0
2025-01-04 19:08:00,299.14,122.19,28.77,22.27,52.29,12.46,31.15
2025-01-04 19:09:00,281.78,123.99,25.76,39.34,39.11,0.0,0.0
2025-01-04 19:10:00,339.7,129.55,22.01,47.54,33.59,12.8,45.03
2025-01-04 19:11:00,289.92,125.02,24.98,33.92,42.08,7.55,0.0
2025-01-04 19:12:00,326.6,122.0,22.02,37.47,44.99,22.61,0.0
2025-01-04 19:13:00,309.78,121.49,33.15,25.96,47.38,9.44,0.0
2025-01-04 19:14:00,341.24,122.81,33.51,28.78,52.03,16.49,44.76
2025-01-04 19:15:00,282.52,130.04,25.78,27.32,51.4,4.78,0.0
2025-01-04 19:16:00,305.11,122.76,31.84,34.34,45.05,12.78,0.0
2025-01-04 19:17:00,312.23,123.41,28.57,43.01,37.66,10.27,12.66
2025-01-04 19:18:00,256.59,121.56,26.81,32.5,33.81,13.31,0.0
2025-01-04 19:19:00,333.22,127.89,25.49,33.15,41.71,13.84,0.0
2025-01-04 19:20:00,304.66,131.33,20.48,33.32,26.8,18.36,11.46
2025-01-04 19:21:00,327.68,125.29,24.65,37.52,49.45,11.27,0.0
2025-01-04 19:22:00,330.48,123.82,35.7,45.25,35.4,7.7,7.69
2025-01-04 19:23:00,332.75,123.64,31.83,36.8,38.73,18.26,0.0
2025-01-04 19:24:00,227.97,113.95,34.06,40.49,43.09,5.47,0.0
2025-01-04 19:25:00,315.37,126.47,24.03,40.82,48.6,17.67,14.37
2025-01-04 19:26:00,331.15,124.03,27.42,37.78,39.88,20.58,0.0
2025-01-04 19:27:00,288.86,125.21,25.54,44.84,36.75,17.49,0.0
2025-01-04 19:28:00,335.2,120.65,30.05,33.45,46.49,18.81,30.73
2025-01-04 19:29:00,352.03,121.95,30.27,37.17,41.2,18.96,16.45
2025-01-04 19:30:00,316.7,121.85,24.45,32.73,41.59,6.42,0.0
2025-01-04 19:31:00,325.91,127.58,30.85,34.73,39.74,11.36,0.0
2025-01-04 19:32:00,312.42,121.98,31.36,34.2,37.2,7.6,0.0
2025-01-04 19:33:00,355.62,131.82,27.18,36.77,44.84,16.33,37.02
2025-01-04 19:34:00,279.68,125.22,31.11,36.0,36.56,11.66,0.0
2025-01-04 19:35:00,295.38,118.39,27.06,25.76,39.37,11.64,0.0
2025-01-04 19:36:00,248.9,122.98,23.31,32.69,39.58,9.87,0.0
2025-01-04 19:37:00,262.76,120.89,25.64,20.76,57.08,15.19,0.0
2025-01-04 19:38:00,296.21,114.71,21.87,34.01,44.21,17.81,0.0
2025-01-04 19:39:00,262.4,129.89,36.01,34.83,35.64,3.9,21.16
2025-01-04 19:40:00,331.77,126.3,26.94,44.13,50.12,11.28,7.65
2025-01-04 19:41:00,252.93,125.62,20.85,28.8,40.08,8.31,11.93
2025-01-04 19:42:00,314.25,124.15,31.16,38.53,48.29,23.22,13.25
2025-01-04 19:43:00,284.91,117.96,14.7,25.81,45.4,12.38,0.0
2025-01-04 19:44:00,282.19,121.56,30.12,37.16,32.96,7.77,0.0
2025-01-04 19:45:00,293.82,126.86,31.7,42.92,39.39,10.76,0.0
2025-01-04 19:46:00,254.5,119.29,19.36,26.71,38.51,20.37,0.0
2025-01-04 19:47:00,271.92,113.36,30.66,23.11,40.42,7.6,0.0
2025-01-04 19:48:00,271.0,122.58,30.24,36.35,43.47,0.0,7.05
2025-01-04 19:49:00,301.94,122.92,21.67,46.0,38.14,3.48,1.38
2025-01-04 19:50:00,270.22,124.03,28.8,26.9,42.28,10.81,12.29
2025-01-04 19:51:00,345.47,126.41,36.41,27.81,49.22,17.73,0.0
2025-01-04 19:52:00,268.97,126.04,29.22,33.17,41.08,16.06,0.0
2025-01-04 19:53:00,323.94,124.53,25.04,36.79,52.41,16.22,19.12
2025-01-04 19:54:00,268.38,128.27,26.79,29.86,44.09,6.35,0.0
2025-01-04 19:55:00,284.99,117.42,24.23,36.21,37.18,6.2,8.61
2025-01-04 19:56:00,311.91,125.51,27.48,31.77,49.9,19.3,0.0
2025-01-04 19:57:00,334.17,126.0,29.24,33.28,42.33,8.97,27.44
2025-01-04 19:58:00,285.38,118.53,22.27,25.36,44.25,7.73,2.76
2025-01-04 19:59:00,282.6,117.48,34.33,41.31,48.77,8.12,0.0
2025-01-04 20:00:00,324.31,120.51,22.93,36.14,40.9,19.57,0.0
2025-01-04 20:01:00,311.39,120.85,29.98,33.98,39.84,20.39,0.0
2025-01-04 20:02:00,299.27,126.51,31.59,25.98,37.3,21.84,0.0
2025-01-04 20:03:00,313.36,121.03,23.99,49.97,39.66,15.01,0.0
2025-01-04 20:04:00,277.96,120.07,28.16,32.01,40.43,7.59,0.0
2025-01-04 20:05:00,303.5,121.05,25.98,39.91,46.13,9.12,0.0
2025-01-04 20:06:00,294.4,127.97,30.57,40.42,41.17,14.15,8.07
2025-01-04 20:07:00,270.74,123.54,30.83,28.42,43.55,10.28,0.0
2025-01-04 20:08:00,307.72,122.77,24.62,36.11,42.16,9.41,20.86
2025-01-04 20:09:00,338.27,123.05,25.08,34.78,41.03,6.33,28.22
2025-01-04 20:10:00,280.11,128.66,30.04,36.45,45.2,10.03,0.0
2025-01-04 20:11:00,275.79,120.5,26.3,40.67,45.13,0.0,5.86
2025-01-04 20:12:00,350.49,128.75,21.65,29.64,35.28,13.41,36.62
2025-01-04 20:13:00,277.0,124.33,31.41,28.7,47.08,15.04,0.0
2025-01-04 20:14:00,297.92,122.85,29.71,40.71,37.84,19.28,0.0
2025-01-04 20:15:00,290.98,133.5,25.6,32.36,44.36,3.31,10.02
2025-01-04 20:16:00,266.88,119.27,22.47,25.33,34.38,13.27,4.16
2025-01-04 20:17:00,306.27,122.08,29.15,30.63,42.1,22.25,0.0
2025-01-04 20:18:00,306.33,118.56,24.67,28.91,39.52,1.93,30.67
2025-01-04 20:19:00,353.44,127.3,26.17,49.59,46.2,9.07,11.4
2025-01-04 20:20:00,268.93,130.25,30.58,32.79,37.54,3.11,0.0
2025-01-04 20:21:00,306.0,130.17,26.36,31.1,38.88,9.56,0.0
2025-01-04 20:22:00,318.28,128.39,22.67,39.4,40.76,9.8,0.0
2025-01-04 20:23:00,300.15,122.7,33.52,44.74,53.66,12.9,0.0
2025-01-04 20:24:00,299.78,122.03,26.83,32.72,41.3,15.04,0.0
2025-01-04 20:25:00,281.09,116.81,25.16,32.54,40.36,9.0,0.0
2025-01-04 20:26:00,258.59,131.64,35.11,28.94,42.03,13.36,0.0
2025-01-04 20:27:00,299.79,125.37,29.94,32.02,41.2,9.64,0.0
2025-01-04 20:28:00,328.72,121.52,27.76,29.85,46.91,14.05,17.95
2025-01-04 20:29:00,308.7,128.8,21.31,35.35,55.58,9.17,0.22
2025-01-04 20:30:00,251.13,119.6,31.01,30.8,43.17,14.86,0.0
2025-01-04 20:31:00,292.47,125.12,21.19,37.65,29.13,28.21,0.0
2025-01-04 20:32:00,286.08,122.8,21.04,39.29,43.68,5.44,0.0
2025-01-04 20:33:00,293.13,126.05,32.41,47.4,41.8,13.01,0.0
2025-01-04 20:34:00,280.29,123.24,32.48,37.39,49.54,14.46,3.15
2025-01-04 20:35:00,307.58,117.69,34.49,31.89,44.51,1.59,29.96
2025-01-04 20:36:00,310.01,123.79,37.76,34.14,52.19,10.63,0.0
2025-01-04 20:37:00,310.15,127.69,34.39,30.68,40.63,11.36,0.0
2025-01-04 20:38:00,312.55,123.37,31.56,29.02,46.94,11.94,12.22
2025-01-04 20:39:00,262.45,126.59,22.97,31.19,50.9,11.5,8.7
2025-01-04 20:40:00,281.43,119.31,22.77,40.32,39.29,8.63,0.0
2025-01-04 20:41:00,281.33,123.39,27.58,36.83,34.46,15.3,29.59
2025-01-04 20:42:00,274.22,120.99,34.43,33.95,42.58,16.84,0.0
2025-01-04 20:43:00,314.3,126.48,36.25,33.87,45.68,15.14,0.0
2025-01-04 20:44:00,297.4,123.62,29.82,35.04,44.77,6.17,35.1
2025-01-04 20:45:00,287.82,126.25,35.07,36.15,34.57,25.0,0.0
2025-01-04 20:46:00,287.78,127.84,28.74,22.38,38.24,28.99,7.79
2025-01-04 20:47:00,286.04,126.26,34.56,31.06,37.49,10.35,0.0
2025-01-04 20:48:00,328.75,124.58,21.08,28.71,41.14,9.19,14.91
2025-01-04 20:49:00,328.72,119.5,21.84,39.14,42.44,7.22,44.22
2025-01-04 20:50:00,287.21,123.48,38.12,34.56,32.19,10.99,0.0
2025-01-04 20:51:00,327.49,121.36,24.85,40.62,29.38,8.47,16.57
2025-01-04 20:52:00,312.38,122.12,22.1,31.68,44.07,21.71,15.23
2025-01-04 20:53:00,280.45,121.99,23.31,36.66,48.96,8.1,0.0
2025-01-04 20:54:00,310.03,119.57,33.29,33.97,38.79,14.09,42.49
2025-01-04 20:55:00,289.79,115.66,26.53,23.81,41.69,6.31,15.16
2025-01-04 20:56:00,294.06,120.82,27.55,30.17,32.66,12.62,10.27
2025-01-04 20:57:00,302.16,124.27,34.34,29.25,46.83,5.65,0.0
2025-01-04 20:58:00,305.83,118.1,31.19,16.79,45.36,10.88,7.87
2025-01-04 20:59:00,286.87,123.55,25.12,29.66,38.22,17.89,0.0
2025-01-04 21:00:00,295.47,131.09,29.83,30.22,42.95,17.8,0.0
2025-01-04 21:01:00,241.05,127.58,19.44,29.73,30.97,7.07,0.0
2025-01-04 21:02:00,343.55,130.07,32.17,41.67,48.91,19.26,0.0
2025-01-04 21:03:00,294.28,125.06,30.03,30.85,39.3,15.51,0.0
2025-01-04 21:04:00,317.72,128.16,35.32,35.07,44.25,20.82,4.27
2025-01-04 21:05:00,305.4,120.6,38.63,36.76,38.39,5.89,0.0
2025-01-04 21:06:00,290.32,120.91,28.07,32.94,40.87,16.64,12.18
2025-01-04 21:07:00,390.02,112.54,34.29,33.0,37.54,14.48,66.53
2025-01-04 21:08:00,259.55,128.24,22.69,23.42,40.33,4.14,0.0
2025-01-04 21:09:00,293.09,129.65,23.69,38.61,44.89,12.8,0.0
2025-01-04 21:10:00,307.56,121.28,35.09,23.39,48.53,8.45,0.0
2025-01-04 21:11:00,297.22,122.48,28.31,38.63,47.57,14.25,9.61
2025-01-04 21:12:00,283.72,120.48,31.52,37.34,38.94,7.08,12.39
2025-01-04 21:13:00,331.13,125.02,37.6,33.36,53.21,7.02,10.01
2025-01-04 21:14:00,325.95,127.99,25.99,43.23,40.9,11.64,0.0
2025-01-04 21:15:00,285.88,116.52,29.77,42.86,32.27,7.17,1.61
2025-01-04 21:16:00,371.08,125.13,31.15,29.02,45.06,19.22,30.91
2025-01-04 21:17:00,310.31,122.39,34.79,35.4,44.44,4.96,5.34
2025-01-04 21:18:00,305.53,123.95,34.74,35.76,41.26,13.47,8.8
2025-01-04 21:19:00,247.29,125.33,25.99,33.05,43.18,7.15,0.0
2025-01-04 21:20:00,249.28,122.74,35.98,35.9,34.17,9.3,1.28
2025-01-04 21:21:00,274.72,123.08,31.67,29.14,37.07,11.58,30.64
2025-01-04 21:22:00,300.24,122.64,33.32,33.86,49.91,18.74,4.35
2025-01-04 21:23:00,349.16,127.37,31.09,47.43,36.1,18.85,17.86
2025-01-04 21:24:00,256.4,125.17,28.01,22.44,40.93,15.35,0.0
2025-01-04 21:25:00,274.41,124.37,25.99,28.27,34.09,7.44,9.45
2025-01-04 21:26:00,270.48,118.41,17.43,34.87,37.14,3.81,7.77
2025-01-04 21:27:00,310.18,121.98,22.97,39.18,38.09,13.1,0.0
2025-01-04 21:28:00,277.04,127.09,21.26,28.27,34.08,11.34,0.0
2025-01-04 21:29:00,296.28,123.64,29.96,32.55,30.88,14.41,0.0
2025-01-04 21:30:00,297.91,126.13,29.7,36.17,26.89,9.06,2.93
2025-01-04 21:31:00,325.24,130.56,27.97,39.35,39.94,6.82,22.45
2025-01-04 21:32:00,259.82,127.65,27.56,37.18,51.04,15.67,0.0
2025-01-04 21:33:00,273.44,123.86,30.31,24.9,36.83,6.23,0.0
2025-01-04 21:34:00,277.12,121.45,22.58,35.76,48.48,13.44,0.0
2025-01-04 21:35:00,322.44,113.28,38.54,42.38,46.51,15.88,0.0
2025-01-04 21:36:00,351.67,122.82,38.82,27.66,41.95,14.0,58.47
2025-01-04 21:37:00,329.56,122.19,24.18,50.4,45.8,11.94,0.0
2025-01-04 21:38:00,295.48,125.05,26.84,35.91,48.21,10.37,4.54
2025-01-04 21:39:00,322.81,122.88,25.66,30.1,44.45,4.78,0.0
2025-01-04 21:40:00,333.26,122.21,32.98,35.49,42.16,9.19,0.0
2025-01-04 21:41:00,336.41,116.37,33.82,28.47,37.31,8.4,30.68
2025-01-04 21:42:00,303.75,119.73,34.64,34.8,36.42,7.49,0.0
2025-01-04 21:43:00,334.43,125.4,29.37,43.13,41.45,15.9,19.17
2025-01-04 21:44:00,326.22,130.36,18.68,36.88,53.0,22.97,0.0
2025-01-04 21:45:00,293.08,123.1,28.26,33.76,43.24,9.45,11.15
2025-01-04 21:46:00,268.19,124.8,34.53,31.64,48.46,14.29,0.0
2025-01-04 21:47:00,329.92,127.3,22.54,23.73,47.4,11.8,22.97
2025-01-04 21:48:00,250.72,120.25,29.57,28.33,38.88,8.7,0.0
2025-01-04 21:49:00,266.68,124.96,24.66,36.06,39.92,17.75,30.71
2025-01-04 21:50:00,257.33,120.53,20.33,32.26,40.62,12.37,0.0
2025-01-04 21:51:00,319.29,126.95,24.24,38.4,48.68,9.11,1.39
2025-01-04 21:52:00,262.43,124.1,21.64,26.86,40.27,7.63,7.3
2025-01-04 21:53:00,311.11,124.69,23.17,34.58,41.16,18.26,38.59
2025-01-04 21:54:00,314.27,120.36,32.02,35.87,41.92,12.78,23.12
2025-01-04 21:55:00,306.93,126.32,28.84,32.79,47.53,10.73,8.57
2025-01-04 21:56:00,320.62,131.83,19.18,30.1,39.77,20.3,0.0
2025-01-04 21:57:00,294.23,119.46,21.41,20.9,38.6,13.52,0.0
2025-01-04 21:58:00,346.59,122.13,29.8,35.75,44.69,7.92,34.31
2025-01-04 21:59:00,291.06,124.42,27.34,37.21,39.77,5.74,0.0
2025-01-04 22:00:00,272.41,126.64,29.84,25.14,39.63,8.83,0.0
2025-01-04 22:01:00,268.85,121.25,28.94,36.98,39.24,2.88,12.4
2025-01-04 22:02:00,275.11,112.16,34.72,25.4,49.79,11.43,0.0
2025-01-04 22:03:00,342.47,128.93,36.31,43.76,39.3,18.04,38.95
2025-01-04 22:04:00,326.16,126.53,34.31,27.8,41.88,7.58,0.0
2025-01-04 22:05:00,293.67,116.52,35.97,32.48,40.21,12.06,11.6
2025-01-04 22:06:00,275.4,121.06,27.5,39.34,37.54,4.71,0.08
2025-01-04 22:07:00,291.12,129.76,34.58,31.67,36.09,5.92,4.34
2025-01-04 22:08:00,347.6,129.28,33.16,38.21,41.05,13.43,22.4
2025-01-04 22:09:00,309.84,127.25,30.19,24.69,34.26,20.11,0.0
2025-01-04 22:10:00,309.01,122.79,29.43,43.01,40.74,17.18,0.0
2025-01-04 22:11:00,294.17,123.82,30.22,42.62,38.23,14.08,0.0
2025-01-04 22:12:00,324.01,122.97,34.92,35.77,43.15,7.84,37.69
2025-01-04 22:13:00,329.66,128.0,35.1,35.7,42.6,10.12,16.67
2025-01-04 22:14:00,252.36,119.99,25.94,27.47,48.55,2.3,0.0
2025-01-04 22:15:00,279.13,120.27,20.37,36.9,36.43,18.33,0.0
2025-01-04 22:16:00,327.96,127.53,34.47,38.82,56.04,19.5,0.0
2025-01-04 22:17:00,331.69,123.31,31.41,28.1,41.86,17.88,25.31
2025-01-04 22:18:00,330.91,129.01,33.61,38.94,36.27,12.25,0.74
2025-01-04 22:19:00,298.31,120.81,26.85,35.33,46.57,13.21,0.0
2025-01-04 22:20:00,274.02,123.27,30.97,32.21,41.88,16.57,0.0
2025-01-04 22:21:00,260.09,119.8,27.4,31.18,44.55,6.22,0.0
2025-01-04 22:22:00,319.78,123.52,29.37,32.16,35.14,18.54,24.18
2025-01-04 22:23:00,337.73,117.58,33.55,42.71,47.13,12.16,40.69
2025-01-04 22:24:00,300.42,121.54,37.84,38.59,38.45,14.51,22.68
2025-01-04 22:25:00,288.88,117.75,30.44,40.9,40.87,16.69,0.87
2025-01-04 22:26:00,262.42,126.27,19.81,42.65,42.11,5.31,0.0
2025-01-04 22:27:00,264.85,126.36,31.34,36.77,40.72,17.15,2.87
2025-01-04 22:28:00,393.45,116.57,34.06,36.58,39.22,19.96,76.28
2025-01-04 22:29:00,293.24,128.83,29.13,31.86,43.63,9.03,7.39
2025-01-04 22:30:00,284.66,133.48,22.72,31.23,35.8,11.15,0.0
2025-01-04 22:31:00,272.55,123.68,23.34,28.84,37.0,1.96,21.74
2025-01-04 22:32:00,288.16,120.93,24.3,32.48,35.27,8.97,34.76
2025-01-04 22:33:00,357.01,134.79,33.11,52.14,56.76,14.63,0.0
2025-01-04 22:34:00,281.84,118.22,24.56,31.38,44.74,9.41,37.71
2025-01-04 22:35:00,333.5,123.57,31.13,38.28,41.52,10.74,0.0
2025-01-04 22:36:00,292.14,124.21,30.65,31.91,36.27,14.28,0.0
2025-01-04 22:37:00,337.7,128.87,25.23,29.98,41.95,14.22,0.0
2025-01-04 22:38:00,361.83,124.93,29.91,46.23,40.62,19.0,36.27
2025-01-04 22:39:00,298.13,121.5,23.97,31.13,41.56,12.97,16.97
2025-01-04 22:40:00,286.77,119.69,26.23,30.28,35.23,10.76,0.0
2025-01-04 22:41:00,258.35,122.12,19.68,31.62,36.36,6.12,0.0
2025-01-04 22:42:00,311.93,119.46,24.07,23.1,42.78,12.14,13.71
2025-01-04 22:43:00,316.74,123.68,37.05,30.88,48.72,8.28,10.77
2025-01-04 22:44:00,285.12,121.23,30.14,35.84,44.64,3.7,0.0
2025-01-04 22:45:00,261.12,117.52,28.24,29.31,35.41,5.35,5.56
2025-01-04 22:46:00,268.49,128.51,26.61,31.88,51.06,9.55,0.0
2025-01-04 22:47:00,290.65,121.5,16.48,27.57,35.14,21.47,6.05
2025-01-04 22:48:00,255.84,118.42,29.89,41.27,53.55,2.57,0.0
2025-01-04 22:49:00,263.48,122.82,36.26,39.89,42.16,3.22,0.0
2025-01-04 22:50:00,297.23,123.77,27.73,33.51,44.19,6.79,16.9
2025-01-04 22:51:00,246.61,116.51,25.58,27.11,49.22,5.7,0.0
2025-01-04 22:52:00,293.43,124.82,29.12,36.06,28.64,7.41,12.95
2025-01-04 22:53:00,310.29,119.3,31.11,37.29,37.9,5.98,0.0
2025-01-04 22:54:00,339.55,130.34,35.73,33.42,42.45,8.24,40.28
2025-01-04 22:55:00,388.2,125.59,31.41,45.21,40.61,16.91,37.2
2025-01-04 22:56:00,310.07,121.89,31.47,38.26,43.62,25.43,0.0
2025-01-04 22:57:00,281.42,120.51,31.94,31.46,46.7,12.11,0.0
2025-01-04 22:58:00,272.88,123.07,22.24,31.42,46.99,4.19,15.64
2025-01-04 22:59:00,318.1,125.94,28.86,39.78,42.35,11.08,0.0
2025-01-04 23:00:00,291.04,123.39,6.11,40.07,42.33,7.76,0.0
2025-01-04 23:01:00,264.84,122.62,5.53,36.65,40.45,0.0,0.0
2025-01-04 23:02:00,248.22,123.73,8.74,26.69,32.33,0.0,14.93
2025-01-04 23:03:00,270.61,121.08,10.86,27.18,43.87,1.38,0.0
2025-01-04 23:04:00,260.27,122.12,5.0,38.48,29.95,0.0,0.0
2025-01-04 23:05:00,279.8,115.15,5.0,43.97,46.02,13.73,0.0
2025-01-04 23:06:00,242.22,127.39,5.0,26.49,34.82,3.9,0.0
2025-01-04 23:07:00,215.5,124.69,7.79,26.74,48.08,0.0,0.0
2025-01-04 23:08:00,305.2,120.4,5.0,45.15,42.21,0.0,19.89
2025-01-04 23:09:00,273.33,131.09,18.55,34.26,45.84,7.23,5.42
2025-01-04 23:10:00,304.89,123.84,12.26,43.94,44.49,0.0,0.0
2025-01-04 23:11:00,291.41,119.35,9.84,31.03,43.27,3.8,0.0
2025-01-04 23:12:00,270.05,126.92,5.0,37.64,44.29,1.78,0.0
2025-01-04 23:13:00,290.61,125.08,9.55,32.48,36.22,2.11,40.85
2025-01-04 23:14:00,281.3,125.07,5.91,38.21,42.58,2.31,0.0
2025-01-04 23:15:00,252.26,121.79,11.45,40.84,34.88,0.0,0.0
2025-01-04 23:16:00,312.75,125.29,5.0,41.64,39.34,0.0,20.18
2025-01-04 23:17:00,297.77,122.44,13.71,33.33,45.76,10.13,0.0
2025-01-04 23:18:00,298.93,125.72,9.17,45.15,43.64,4.4,38.9
2025-01-04 23:19:00,268.27,115.87,9.67,38.75,50.81,10.72,16.72
2025-01-04 23:20:00,295.64,121.76,5.0,33.88,41.43,0.0,0.0
2025-01-04 23:21:00,248.61,130.38,12.49,28.66,32.18,0.0,0.0
2025-01-04 23:22:00,271.09,120.42,11.23,43.07,42.2,6.24,0.0
2025-01-04 23:23:00,286.55,121.08,10.61,37.54,42.75,1.76,0.0
2025-01-04 23:24:00,276.48,121.7,12.74,40.24,42.79,5.27,25.85
2025-01-04 23:25:00,231.01,118.63,6.16,29.21,39.69,1.93,14.71
2025-01-04 23:26:00,272.54,114.66,15.39,42.24,46.71,3.04,19.1
2025-01-04 23:27:00,242.31,122.57,9.57,44.23,36.28,0.0,12.12
2025-01-04 23:28:00,232.54,124.04,10.15,31.99,24.16,4.92,0.0
2025-01-04 23:29:00,282.95,123.28,6.42,23.7,39.64,6.81,36.77
2025-01-04 23:30:00,268.42,122.91,7.05,43.23,42.45,0.0,2.55
2025-01-04 23:31:00,266.8,123.66,5.0,34.09,46.42,4.19,0.0
2025-01-04 23:32:00,267.09,127.58,5.0,20.19,43.66,10.43,4.59
2025-01-04 23:33:00,251.6,122.73,5.0,40.96,49.1,0.0,0.0
2025-01-04 23:34:00,260.28,121.2,8.58,41.24,48.2,1.8,0.0
2025-01-04 23:35:00,251.76,122.37,9.91,29.36,41.52,1.13,7.12
2025-01-04 23:36:00,293.59,125.81,12.47,41.85,37.24,0.0,0.0
2025-01-04 23:37:00,279.95,129.14,10.07,32.47,42.05,0.0,7.28
2025-01-04 23:38:00,276.54,120.98,10.07,44.27,37.84,4.05,26.05
2025-01-04 23:39:00,244.23,123.89,5.0,28.89,53.19,0.85,23.76
2025-01-04 23:40:00,230.5,124.85,5.9,34.36,37.12,0.0,0.0
2025-01-04 23:41:00,260.59,119.52,7.41,36.04,36.11,0.02,9.61
2025-01-04 23:42:00,268.44,123.57,19.5,30.0,44.21,0.0,2.44
2025-01-04 23:43:00,256.64,117.63,9.93,33.69,34.19,6.43,2.36
2025-01-04 23:44:00,220.6,116.42,10.49,39.95,41.58,0.37,0.0
2025-01-04 23:45:00,242.6,124.96,5.0,33.4,40.93,0.0,0.0
2025-01-04 23:46:00,271.88,121.96,7.99,38.66,51.98,3.39,12.78
2025-01-04 23:47:00,282.82,124.3,9.5,32.9,32.75,6.78,14.2
2025-01-04 23:48:00,271.16,123.42,17.96,28.21,35.63,0.0,0.0
2025-01-04 23:49:00,271.32,119.59,5.0,33.52,32.38,0.0,13.75
2025-01-04 23:50:00,293.45,123.31,6.96,34.2,45.63,0.28,14.31
2025-01-04 23:51:00,250.67,118.56,6.03,32.34,37.58,6.5,2.7
2025-01-04 23:52:00,285.71,129.06,7.89,35.81,38.91,2.16,26.36
2025-01-04 23:53:00,228.98,118.07,7.82,29.4,39.25,4.11,0.0
2025-01-04 23:54:00,350.59,122.71,11.53,46.82,50.62,13.02,39.94
2025-01-04 23:55:00,253.98,119.32,7.83,41.05,25.54,7.97,16.2
2025-01-04 23:56:00,285.34,125.77,6.34,25.09,43.92,0.0,0.0
2025-01-04 23:57:00,240.17,122.17,6.54,27.75,47.45,0.0,0.0
2025-01-04 23:58:00,275.33,121.42,5.0,29.94,34.72,0.0,12.22
2025-01-04 23:59:00,324.86,126.9,7.56,36.12,49.14,6.66,18.53
2025-01-05 00:00:00,229.29,115.49,6.99,38.84,6.66,6.83,11.13
2025-01-05 00:01:00,264.07,117.44,12.06,35.09,8.5,0.0,28.55
2025-01-05 00:02:00,233.77,111.45,14.26,38.41,0.0,0.0,0.0
2025-01-05 00:03:00,200.19,109.76,13.13,28.11,7.29,0.0,17.32
2025-01-05 00:04:00,184.74,115.8,5.0,38.92,0.0,2.64,0.0
2025-01-05 00:05:00,226.22,114.1,10.69,33.16,0.0,3.22,0.0
2025-01-05 00:06:00,238.14,117.88,7.12,40.65,0.0,11.67,14.46
2025-01-05 00:07:00,218.08,115.06,12.42,30.88,0.2,0.0,0.0
2025-01-05 00:08:00,175.88,116.2,5.0,36.79,0.0,3.04,0.0
2025-01-05 00:09:00,206.1,108.88,8.86,29.15,0.0,3.2,0.0
2025-01-05 00:10:00,226.12,122.93,7.54,38.54,3.41,3.86,0.0
2025-01-05 00:11:00,214.89,114.72,7.11,35.73,12.22,1.82,0.0
2025-01-05 00:12:00,193.16,118.17,6.05,33.6,5.21,6.64,0.0
2025-01-05 00:13:00,226.0,112.03,13.82,27.38,2.85,2.35,13.84
2025-01-05 00:14:00,239.45,116.61,5.0,33.83,0.0,2.48,21.44
2025-01-05 00:15:00,226.32,110.16,12.06,30.68,9.01,5.3,0.0
2025-01-05 00:16:00,211.71,117.18,5.0,41.43,0.0,0.0,0.0
2025-01-05 00:17:00,228.84,113.95,5.0,43.54,6.07,5.29,3.19
2025-01-05 00:18:00,210.04,115.49,7.19,31.61,7.4,0.0,9.25
2025-01-05 00:19:00,263.28,118.17,11.7,38.68,17.56,4.63,0.0
2025-01-05 00:20:00,200.18,110.45,11.02,38.02,0.0,0.0,15.02
2025-01-05 00:21:00,220.3,112.64,10.24,28.79,0.55,21.98,0.0
2025-01-05 00:22:00,221.26,117.21,12.51,34.93,0.0,0.0,0.0
2025-01-05 00:23:00,207.82,123.77,7.03,45.83,5.92,0.0,9.71
2025-01-05 00:24:00,172.48,114.82,5.43,35.65,0.0,5.24,0.0
2025-01-05 00:25:00,267.91,117.74,6.09,44.18,0.0,1.69,22.35
2025-01-05 00:26:00,221.31,114.95,5.0,45.91,8.81,4.15,0.0
2025-01-05 00:27:00,243.1,123.15,10.74,39.2,0.0,9.98,0.0
2025-01-05 00:28:00,198.53,108.39,11.04,32.95,1.34,0.0,6.24
2025-01-05 00:29:00,257.04,115.75,5.26,35.88,0.0,0.0,30.89
2025-01-05 00:30:00,193.12,108.87,15.17,39.01,0.0,0.0,0.0
2025-01-05 00:31:00,208.92,105.35,15.93,28.95,7.81,0.08,0.0
2025-01-05 00:32:00,244.68,116.57,9.31,37.64,0.0,4.52,0.0
2025-01-05 00:33:00,235.82,115.93,7.21,42.91,1.78,0.0,37.47
2025-01-05 00:34:00,214.91,114.24,8.05,34.53,13.84,0.0,0.31
2025-01-05 00:35:00,227.74,114.95,5.63,32.08,1.69,3.99,43.28
2025-01-05 00:36:00,253.98,127.77,11.74,35.54,4.44,4.97,0.0
2025-01-05 00:37:00,242.89,114.34,11.01,36.13,2.05,16.09,0.0
2025-01-05 00:38:00,243.13,117.42,5.0,42.23,3.77,4.9,0.0
2025-01-05 00:39:00,237.7,112.78,13.82,30.33,11.88,0.0,0.0
2025-01-05 00:40:00,225.88,116.56,5.0,35.09,3.16,0.0,0.0
2025-01-05 00:41:00,199.54,114.42,17.95,38.4,0.0,0.0,13.0
2025-01-05 00:42:00,222.31,113.73,5.0,35.57,7.13,5.05,0.0
2025-01-05 00:43:00,211.71,122.65,6.94,39.08,0.0,0.0,0.0
2025-01-05 00:44:00,177.97,120.08,5.48,27.9,0.0,1.15,9.66
2025-01-05 00:45:00,232.76,115.92,7.12,24.95,0.0,0.0,38.58
2025-01-05 00:46:00,235.36,106.16,5.0,38.66,0.0,0.0,0.0
2025-01-05 00:47:00,198.78,113.93,5.0,32.42,11.38,0.0,0.0
2025-01-05 00:48:00,220.91,126.19,7.99,31.95,3.77,1.55,1.9
2025-01-05 00:49:00,250.11,114.45,5.0,44.7,2.59,0.0,0.0
2025-01-05 00:50:00,229.24,119.79,5.0,42.1,5.48,0.0,14.6
2025-01-05 00:51:00,232.33,121.14,16.97,36.12,10.12,0.0,3.41
2025-01-05 00:52:00,239.63,116.25,12.78,43.49,0.0,6.96,0.0
2025-01-05 00:53:00,208.79,112.01,5.0,17.76,4.8,8.26,35.68
2025-01-05 00:54:00,232.01,105.63,5.0,26.57,3.33,0.0,7.76
2025-01-05 00:55:00,232.09,118.11,5.0,21.46,13.88,0.0,0.0
2025-01-05 00:56:00,264.0,112.12,14.65,38.01,0.0,8.83,0.0
2025-01-05 00:57:00,195.94,116.08,5.0,34.03,0.0,0.0,6.55
2025-01-05 00:58:00,197.38,110.38,11.21,40.89,0.88,0.5,16.67
2025-01-05 00:59:00,245.1,114.32,8.78,36.75,0.0,0.0,42.5
2025-01-05 01:00:00,254.78,115.51,5.8,36.74,0.0,4.6,8.7
2025-01-05 01:01:00,251.72,116.45,5.0,32.62,9.29,1.32,0.0
2025-01-05 01:02:00,224.42,110.92,13.15,26.26,10.91,2.19,0.55
2025-01-05 01:03:00,226.97,120.16,9.9,27.15,4.68,8.92,0.0
2025-01-05 01:04:00,277.41,112.99,18.04,37.05,2.73,7.69,0.0
2025-01-05 01:05:00,190.39,108.68,5.0,30.21,6.88,0.0,0.0
2025-01-05 01:06:00,187.57,114.94,15.61,34.41,0.0,6.76,0.0
2025-01-05 01:07:00,234.83,115.51,6.96,33.97,0.57,0.68,11.86
2025-01-05 01:08:00,203.97,116.02,6.31,29.96,5.16,0.0,6.01
2025-01-05 01:09:00,188.13,120.82,5.0,38.87,0.0,0.0,6.86
2025-01-05 01:10:00,238.43,114.43,10.74,29.33,3.88,0.0,2.38
2025-01-05 01:11:00,229.92,114.9,5.0,25.58,0.0,0.0,13.27
2025-01-05 01:12:00,273.1,110.96,5.0,34.47,0.0,2.86,30.51
2025-01-05 01:13:00,211.27,118.66,5.0,26.42,0.0,0.0,0.0
2025-01-05 01:14:00,228.72,116.11,12.77,32.31,0.0,3.98,0.0
2025-01-05 01:15:00,221.38,113.7,14.39,32.3,7.16,0.0,0.0
2025-01-05 01:16:00,189.28,107.76,10.37,25.11,0.0,0.0,17.78
2025-01-05 01:17:00,287.57,121.15,10.36,28.78,11.04,0.12,48.84
2025-01-05 01:18:00,223.09,110.47,5.74,28.14,3.63,0.0,9.11
2025-01-05 01:19:00,200.93,113.01,5.0,32.28,0.0,0.0,0.0
2025-01-05 01:20:00,202.6,116.81,7.02,36.16,0.0,0.0,3.47
2025-01-05 01:21:00,199.14,110.59,7.32,32.25,2.3,5.33,3.17
2025-01-05 01:22:00,194.68,109.4,5.0,41.56,0.0,6.78,0.0
2025-01-05 01:23:00,201.82,106.88,7.17,44.94,5.64,0.0,0.0
2025-01-05 01:24:00,242.7,118.26,15.76,40.28,0.0,0.0,20.09
2025-01-05 01:25:00,229.92,113.2,5.92,38.35,2.94,4.63,15.48
2025-01-05 01:26:00,222.45,127.09,11.45,30.78,3.35,5.37,0.0
2025-01-05 01:27:00,237.21,111.4,6.33,31.76,0.0,0.0,34.29
2025-01-05 01:28:00,207.35,111.69,6.18,25.46,0.0,4.4,10.85
2025-01-05 01:29:00,204.19,113.11,5.0,29.34,9.99,0.0,0.0
2025-01-05 01:30:00,224.51,116.35,12.98,20.92,2.33,0.0,0.0
2025-01-05 01:31:00,167.62,113.5,5.0,30.4,6.26,0.0,0.0
2025-01-05 01:32:00,211.4,117.83,5.0,35.23,0.25,1.38,11.1
2025-01-05 01:33:00,222.48,111.46,9.85,34.25,1.93,8.35,29.3
2025-01-05 01:34:00,209.49,109.85,5.0,26.27,13.06,6.24,0.0
2025-01-05 01:35:00,205.23,108.18,8.98,39.69,10.51,1.74,11.44
2025-01-05 01:36:00,217.62,106.48,8.83,37.22,0.0,0.0,0.0
2025-01-05 01:37:00,216.52,113.3,5.23,25.35,11.74,5.72,0.0
2025-01-05 01:38:00,248.42,114.17,5.0,33.98,5.97,0.77,0.0
2025-01-05 01:39:00,163.68,112.85,5.0,29.02,0.86,3.04,0.0
2025-01-05 01:40:00,209.51,120.35,6.01,33.76,4.53,0.0,0.0
2025-01-05 01:41:00,210.64,120.29,5.12,30.74,0.31,2.9,0.0
2025-01-05 01:42:00,208.51,114.04,12.6,31.44,0.0,0.0,0.0
2025-01-05 01:43:00,220.94,108.2,5.0,34.51,11.86,0.2,25.03
2025-01-05 01:44:00,230.34,113.11,6.45,36.41,9.92,0.0,0.0
2025-01-05 01:45:00,220.4,112.98,5.51,39.96,2.48,7.79,0.0
2025-01-05 01:46:00,219.17,112.75,5.0,46.75,9.56,1.92,3.47
2025-01-05 01:47:00,213.27,112.59,10.86,29.92,0.0,11.35,0.0
2025-01-05 01:48:00,221.33,112.76,14.24,35.19,6.43,7.14,2.19
2025-01-05 01:49:00,204.96,113.83,5.0,28.06,9.7,7.89,0.0
2025-01-05 01:50:00,214.79,112.83,8.62,32.47,0.0,0.0,4.31
2025-01-05 01:51:00,209.19,116.21,9.77,32.04,0.49,0.0,0.0
2025-01-05 01:52:00,216.89,116.82,7.77,28.46,0.0,0.32,15.3
2025-01-05 01:53:00,227.36,111.73,22.69,36.82,0.0,0.0,16.63
2025-01-05 01:54:00,226.8,120.46,12.01,37.26,0.0,0.0,0.0
2025-01-05 01:55:00,208.13,111.46,18.37,40.99,0.0,1.82,7.06
2025-01-05 01:56:00,227.21,108.9,5.8,39.08,0.0,3.44,15.87
2025-01-05 01:57:00,241.15,116.9,19.75,41.15,1.8,5.92,18.94
2025-01-05 01:58:00,203.62,112.11,7.96,32.18,3.28,0.0,0.0
2025-01-05 01:59:00,211.96,116.66,11.97,29.81,0.0,1.82,8.68
2025-01-05 02:00:00,235.54,105.76,5.0,32.9,0.0,0.0,38.94
2025-01-05 02:01:00,214.97,120.95,6.23,29.86,5.52,0.0,0.0
2025-01-05 02:02:00,222.41,118.07,10.66,28.9,0.0,0.0,0.0
2025-01-05 02:03:00,256.94,109.37,16.85,43.92,15.29,4.25,0.0
2025-01-05 02:04:00,224.76,109.46,5.0,40.67,5.49,0.0,16.4
2025-01-05 02:05:00,255.58,122.07,5.0,44.05,7.2,0.0,22.78
2025-01-05 02:06:00,213.35,112.43,12.43,30.39,0.0,0.65,0.0
2025-01-05 02:07:00,234.4,112.04,5.17,33.78,10.39,0.0,0.0
2025-01-05 02:08:00,253.42,106.31,5.0,39.33,8.56,1.13,0.0
2025-01-05 02:09:00,224.52,113.97,7.94,34.02,0.0,2.75,29.45
2025-01-05 02:10:00,206.73,114.47,8.42,24.46,0.0,0.01,6.26
2025-01-05 02:11:00,198.18,118.24,14.38,22.0,12.33,0.0,8.92
2025-01-05 02:12:00,208.51,109.78,5.0,27.11,0.0,6.72,23.47
2025-01-05 02:13:00,231.72,109.29,9.99,40.21,8.71,3.61,5.68
2025-01-05 02:14:00,272.23,117.18,15.93,37.16,12.16,10.17,0.01
2025-01-05 02:15:00,203.24,119.4,7.47,28.7,8.77,3.35,1.7
2025-01-05 02:16:00,190.79,109.09,5.0,25.69,1.85,12.08,0.0
2025-01-05 02:17:00,256.18,119.7,6.14,35.15,2.35,7.95,18.92
2025-01-05 02:18:00,228.03,115.53,16.18,31.49,0.0,12.82,0.0
2025-01-05 02:19:00,224.51,119.74,5.0,41.26,0.69,0.0,0.0
2025-01-05 02:20:00,205.45,115.1,12.94,26.54,2.44,4.05,0.0
2025-01-05 02:21:00,215.19,105.29,10.52,37.73,0.0,0.0,0.0
2025-01-05 02:22:00,257.9,114.77,10.98,39.79,5.99,6.21,0.0
2025-01-05 02:23:00,219.44,119.62,9.01,31.76,0.0,2.74,0.0
2025-01-05 02:24:00,228.75,111.8,5.0,33.54,1.06,13.62,3.95
2025-01-05 02:25:00,255.26,113.82,6.24,34.71,7.54,4.0,0.0
2025-01-05 02:26:00,232.37,114.67,7.09,40.93,0.0,0.71,0.0
2025-01-05 02:27:00,211.68,103.78,11.59,36.84,0.0,6.66,14.69
2025-01-05 02:28:00,245.97,122.06,7.68,36.02,0.0,0.0,19.73
2025-01-05 02:29:00,259.57,111.77,11.46,47.19,10.04,2.76,0.0
2025-01-05 02:30:00,229.09,117.4,9.5,38.23,0.0,0.77,0.0
2025-01-05 02:31:00,209.23,115.03,11.13,33.98,6.27,1.81,7.4
2025-01-05 02:32:00,278.21,120.41,10.01,35.56,0.0,13.28,0.0
2025-01-05 02:33:00,213.56,117.0,5.0,26.1,6.43,0.0,2.68
2025-01-05 02:34:00,180.1,114.44,5.0,29.46,3.36,0.0,0.0
2025-01-05 02:35:00,211.49,111.8,13.84,26.21,7.95,9.01,0.0
2025-01-05 02:36:00,212.37,118.57,5.0,30.55,5.05,0.0,18.82
2025-01-05 02:37:00,189.6,107.88,5.0,35.15,5.15,0.0,6.92
2025-01-05 02:38:00,276.35,117.96,9.5,30.41,13.49,6.13,44.31
2025-01-05 02:39:00,209.02,110.98,6.83,30.84,0.0,0.0,0.0
2025-01-05 02:40:00,261.59,120.39,11.89,42.06,5.31,1.79,9.46
2025-01-05 02:41:00,211.07,116.02,5.0,36.31,0.0,3.05,0.0
2025-01-05 02:42:00,213.02,117.95,5.0,29.89,2.66,5.47,10.36
2025-01-05 02:43:00,218.23,115.7,10.12,37.24,0.0,3.47,0.0
2025-01-05 02:44:00,204.5,108.37,9.79,35.03,7.17,2.31,0.0
2025-01-05 02:45:00,225.38,111.93,8.94,38.28,0.0,9.76,3.56
2025-01-05 02:46:00,220.7,118.07,9.05,36.35,0.0,0.0,5.48
2025-01-05 02:47:00,255.51,116.04,15.43,38.14,0.0,0.0,8.31
2025-01-05 02:48:00,237.95,120.1,5.39,53.1,11.04,0.0,0.0
2025-01-05 02:49:00,197.56,116.99,11.07,32.56,14.76,0.0,0.0
2025-01-05 02:50:00,178.15,111.51,8.5,38.68,0.0,0.0,0.0
2025-01-05 02:51:00,195.07,112.19,5.0,48.96,0.7,3.11,0.0
2025-01-05 02:52:00,245.08,115.79,10.52,40.95,2.04,0.0,43.12
2025-01-05 02:53:00,221.08,106.12,8.7,22.25,8.66,14.98,6.15
2025-01-05 02:54:00,228.95,122.07,5.98,36.31,0.0,0.0,1.55
2025-01-05 02:55:00,255.79,117.14,14.61,31.41,6.69,3.55,25.13
2025-01-05 02:56:00,258.55,120.28,5.0,45.16,0.0,0.0,16.8
2025-01-05 02:57:00,227.19,109.05,9.96,39.99,6.35,3.93,1.45
2025-01-05 02:58:00,211.12,120.35,8.47,24.76,0.0,11.49,6.81
2025-01-05 02:59:00,210.06,124.3,6.68,26.66,0.0,0.0,0.0
2025-01-05 03:00:00,215.61,110.09,15.3,34.8,1.39,2.82,10.17
2025-01-05 03:01:00,218.14,118.46,6.54,40.11,7.29,0.0,0.0
2025-01-05 03:02:00,218.14,115.38,10.86,23.87,0.0,0.46,0.0
2025-01-05 03:03:00,203.87,109.2,5.0,35.64,0.0,0.0,0.0
2025-01-05 03:04:00,198.2,117.35,10.1,37.65,0.0,0.0,0.0
2025-01-05 03:05:00,203.42,118.71,10.57,32.46,0.0,0.0,0.0
2025-01-05 03:06:00,212.57,112.97,6.07,31.12,0.0,1.53,6.63
2025-01-05 03:07:00,250.83,120.04,9.42,34.38,0.0,8.23,18.87
2025-01-05 03:08:00,237.62,108.71,14.46,30.81,1.83,2.76,22.42
2025-01-05 03:09:00,237.95,109.4,18.15,32.33,0.7,9.84,0.0
2025-01-05 03:10:00,236.71,115.92,5.0,39.98,18.56,14.88,13.39
2025-01-05 03:11:00,218.84,115.48,10.39,37.61,3.31,0.0,15.21
2025-01-05 03:12:00,212.02,112.51,14.71,37.3,0.0,0.0,0.0
2025-01-05 03:13:00,208.72,118.61,6.05,35.56,5.24,0.0,0.0
2025-01-05 03:14:00,239.08,117.5,6.57,35.98,4.47,0.89,0.0
2025-01-05 03:15:00,249.15,118.81,8.84,37.01,1.65,7.45,0.0
2025-01-05 03:16:00,255.0,114.88,18.48,31.76,0.0,0.0,10.59
2025-01-05 03:17:00,231.97,117.79,5.0,36.93,3.91,0.66,0.0
2025-01-05 03:18:00,198.05,113.59,6.51,27.25,5.18,3.82,0.0
2025-01-05 03:19:00,258.19,123.59,5.0,24.21,11.25,4.9,0.0
2025-01-05 03:20:00,215.4,112.13,5.0,41.07,6.67,0.0,19.5
2025-01-05 03:21:00,224.76,123.8,5.38,39.65,0.0,0.0,0.0
2025-01-05 03:22:00,267.21,115.52,8.22,31.98,0.0,7.97,29.43
2025-01-05 03:23:00,222.8,109.87,9.96,40.14,3.68,2.87,0.0
2025-01-05 03:24:00,215.76,120.85,5.73,31.2,3.45,7.12,4.69
2025-01-05 03:25:00,203.34,115.88,12.94,29.92,0.0,0.0,0.0
2025-01-05 03:26:00,173.61,118.78,11.63,33.15,0.35,0.0,0.0
2025-01-05 03:27:00,246.03,120.27,10.44,42.29,5.64,1.6,5.76
2025-01-05 03:28:00,278.77,116.73,12.79,36.64,1.1,14.51,23.15
2025-01-05 03:29:00,192.13,113.01,5.0,33.54,0.0,0.0,16.84
2025-01-05 03:30:00,257.63,119.28,9.56,32.29,3.91,0.0,33.13
2025-01-05 03:31:00,202.79,115.38,14.11,28.44,10.08,0.0,0.0
2025-01-05 03:32:00,237.31,118.12,14.35,45.91,4.42,5.47,0.0
2025-01-05 03:33:00,159.78,106.76,7.86,34.73,0.87,4.77,0.0
2025-01-05 03:34:00,248.58,117.16,18.69,32.79,3.79,0.0,0.0
2025-01-05 03:35:00,208.76,112.82,11.07,29.4,0.15,9.48,12.99
2025-01-05 03:36:00,263.65,121.99,14.89,44.3,9.38,7.35,14.3
2025-01-05 03:37:00,220.06,117.87,9.47,33.48,0.0,10.87,2.82
2025-01-05 03:38:00,217.01,116.34,5.08,33.63,0.0,0.0,0.0
2025-01-05 03:39:00,211.94,117.32,5.63,27.01,0.0,0.0,36.21
2025-01-05 03:40:00,211.17,111.38,5.05,39.97,2.24,11.32,0.0
2025-01-05 03:41:00,244.36,121.87,7.81,37.2,13.37,0.0,23.48
2025-01-05 03:42:00,168.86,123.34,5.0,32.86,0.0,0.0,0.0
2025-01-05 03:43:00,259.92,116.95,7.37,34.21,9.65,5.47,37.84
2025-01-05 03:44:00,231.63,121.74,14.12,38.79,4.68,0.0,22.15
2025-01-05 03:45:00,212.19,113.1,12.19,29.53,6.36,2.09,0.0
2025-01-05 03:46:00,208.1,112.19,14.64,25.51,0.0,14.52,0.0
2025-01-05 03:47:00,236.84,115.54,17.27,31.16,3.69,5.19,8.65
2025-01-05 03:48:00,254.92,117.12,10.61,40.51,7.21,0.06,35.24
2025-01-05 03:49:00,230.58,113.8,14.68,27.34,2.65,10.39,0.0
2025-01-05 03:50:00,218.77,117.53,6.98,30.97,0.0,8.02,32.13
2025-01-05 03:51:00,240.5,116.6,5.0,44.13,14.36,1.98,0.0
2025-01-05 03:52:00,245.87,111.38,5.0,35.58,0.97,0.0,0.0
2025-01-05 03:53:00,265.18,117.45,10.93,46.75,0.0,0.0,9.64
2025-01-05 03:54:00,194.38,118.83,5.0,38.64,1.26,0.0,0.0
2025-01-05 03:55:00,228.25,116.06,10.04,38.16,0.0,0.1,17.09
2025-01-05 03:56:00,200.67,119.99,5.0,25.4,11.85,0.0,0.0
2025-01-05 03:57:00,211.16,110.51,5.32,30.5,0.0,3.65,3.62
2025-01-05 03:58:00,197.68,117.25,8.3,30.94,0.0,2.99,5.24
2025-01-05 03:59:00,228.86,110.69,11.73,28.53,0.0,0.0,25.64
2025-01-05 04:00:00,217.84,110.92,10.19,28.47,0.59,8.79,0.0
2025-01-05 04:01:00,207.76,112.85,7.5,36.9,0.94,3.44,0.0
2025-01-05 04:02:00,227.51,111.61,5.0,27.78,4.38,0.0,0.0
2025-01-05 04:03:00,202.52,113.18,5.0,30.52,11.94,0.0,16.58
2025-01-05 04:04:00,213.82,114.52,9.09,36.1,10.78,0.0,5.63
2025-01-05 04:05:00,262.54,118.72,12.85,34.69,7.9,1.58,16.66
2025-01-05 04:06:00,221.55,114.09,5.0,33.17,3.27,0.0,10.46
2025-01-05 04:07:00,231.24,109.03,18.27,40.49,5.91,7.94,0.0
2025-01-05 04:08:00,258.6,119.94,16.33,39.92,3.7,0.92,0.0
2025-01-05 04:09:00,192.62,112.03,11.34,33.53,0.0,4.08,0.0
2025-01-05 04:10:00,248.28,115.14,9.84,34.07,0.0,0.0,19.05
2025-01-05 04:11:00,208.77,117.16,7.68,23.91,5.69,1.48,7.59
2025-01-05 04:12:00,236.46,116.17,7.9,31.78,0.0,3.02,0.0
2025-01-05 04:13:00,281.85,119.75,11.25,42.74,1.2,0.0,31.29
2025-01-05 04:14:00,235.09,117.29,13.13,28.16,4.3,6.29,0.0
2025-01-05 04:15:00,210.19,111.93,11.68,28.42,3.92,0.0,0.0
2025-01-05 04:16:00,214.56,124.09,11.06,39.5,0.0,9.07,0.0
2025-01-05 04:17:00,196.87,116.15,5.0,33.55,2.73,0.0,0.0
2025-01-05 04:18:00,235.58,114.79,9.61,45.35,1.98,0.0,0.0
2025-01-05 04:19:00,232.2,119.23,7.14,42.17,4.09,2.18,9.16
2025-01-05 04:20:00,207.08,116.37,5.0,27.95,4.73,6.31,12.88
2025-01-05 04:21:00,216.42,116.97,6.92,35.12,1.81,3.94,0.0
2025-01-05 04:22:00,261.85,125.34,8.29,34.44,0.0,0.0,24.25
2025-01-05 04:23:00,241.62,114.28,5.0,51.48,7.41,6.23,23.03
2025-01-05 04:24:00,281.85,114.11,7.74,36.07,0.0,2.12,0.0
2025-01-05 04:25:00,236.09,115.84,5.0,35.09,3.89,0.0,13.29
2025-01-05 04:26:00,233.97,119.66,5.0,23.9,9.16,0.0,32.91
2025-01-05 04:27:00,211.06,109.35,5.0,39.67,0.0,0.0,7.27
2025-01-05 04:28:00,211.0,107.51,11.68,28.23,0.0,5.33,0.51
2025-01-05 04:29:00,179.89,113.03,6.89,26.94,0.0,1.83,2.39
2025-01-05 04:30:00,228.55,108.84,5.0,40.25,8.49,0.0,19.68
2025-01-05 04:31:00,213.23,113.68,12.44,35.15,0.0,1.91,26.81
2025-01-05 04:32:00,228.34,117.39,12.72,39.82,8.47,7.09,0.0
2025-01-05 04:33:00,223.06,111.81,5.0,36.75,0.0,0.0,6.26
2025-01-05 04:34:00,196.56,109.67,10.06,29.89,0.0,0.0,9.79
2025-01-05 04:35:00,226.49,115.65,6.62,36.03,6.89,0.0,16.37
2025-01-05 04:36:00,217.66,118.83,8.71,25.82,8.4,14.01,0.0
2025-01-05 04:37:00,194.78,108.6,5.0,41.77,5.05,0.0,0.0
2025-01-05 04:38:00,222.48,118.66,5.0,34.48,2.42,0.0,0.0
2025-01-05 04:39:00,236.63,118.65,15.3,45.58,10.84,7.81,0.0
2025-01-05 04:40:00,220.6,119.19,11.41,31.73,2.85,2.16,0.0
2025-01-05 04:41:00,224.98,120.25,5.0,32.68,6.98,2.3,0.0
2025-01-05 04:42:00,280.57,124.18,10.84,39.47,0.0,0.0,22.47
2025-01-05 04:43:00,205.66,113.95,10.84,34.59,7.46,1.32,0.0
2025-01-05 04:44:00,221.94,115.81,6.99,30.99,5.55,0.0,9.79
2025-01-05 04:45:00,277.88,113.71,15.31,33.64,8.92,8.98,0.0
2025-01-05 04:46:00,191.37,115.38,5.24,26.86,5.51,6.59,0.0
2025-01-05 04:47:00,187.1,121.51,11.84,35.76,0.0,0.0,0.0
2025-01-05 04:48:00,205.62,110.0,14.29,38.03,5.51,4.55,0.0
2025-01-05 04:49:00,234.89,111.93,8.99,36.78,0.0,0.0,17.7
2025-01-05 04:50:00,236.58,120.88,5.0,40.32,11.95,0.06,0.0
2025-01-05 04:51:00,235.84,119.46,8.06,35.24,4.96,0.27,16.82
2025-01-05 04:52:00,235.76,113.92,14.18,36.65,0.0,0.0,7.85
2025-01-05 04:53:00,213.69,118.79,17.61,36.17,0.0,3.72,0.0
2025-01-05 04:54:00,211.02,116.74,8.28,32.17,0.0,0.0,0.0
2025-01-05 04:55:00,209.35,121.38,5.0,36.86,2.8,8.47,0.0
2025-01-05 04:56:00,217.59,115.67,9.16,30.45,3.27,0.0,0.0
2025-01-05 04:57:00,235.25,119.48,5.0,34.13,0.0,0.0,0.0
2025-01-05 04:58:00,215.17,125.94,5.0,34.67,0.0,3.19,0.0
2025-01-05 04:59:00,241.49,117.77,5.0,36.25,0.0,0.0,14.68
2025-01-05 05:00:00,207.25,115.57,5.36,34.2,0.0,3.99,0.0
2025-01-05 05:01:00,205.75,118.27,13.77,30.82,1.27,0.0,0.0
2025-01-05 05:02:00,216.24,113.91,14.48,34.78,0.0,3.93,0.0
2025-01-05 05:03:00,272.63,124.93,5.17,41.94,9.36,0.0,8.59
2025-01-05 05:04:00,208.86,116.1,5.0,42.4,0.0,2.82,4.91
2025-01-05 05:05:00,195.9,114.28,10.59,31.78,0.0,0.0,10.73
2025-01-05 05:06:00,195.4,112.03,14.84,23.65,0.0,4.62,0.0
2025-01-05 05:07:00,164.98,119.76,5.22,27.53,0.0,1.93,0.0
2025-01-05 05:08:00,210.17,118.84,6.77,39.84,10.24,0.0,5.9
2025-01-05 05:09:00,265.68,113.39,7.68,33.25,15.61,0.0,0.0
2025-01-05 05:10:00,193.68,117.68,9.2,36.74,3.46,0.0,0.0
2025-01-05 05:11:00,201.62,109.34,9.64,32.96,0.0,4.0,0.0
2025-01-05 05:12:00,193.56,116.12,7.88,19.99,0.0,0.04,0.0
2025-01-05 05:13:00,217.0,117.19,17.38,37.59,0.0,4.98,0.0
2025-01-05 05:14:00,228.43,122.21,5.0,37.12,5.04,0.0,15.53
2025-01-05 05:15:00,226.27,112.29,7.33,50.16,1.42,10.48,0.0
2025-01-05 05:16:00,223.13,110.26,13.63,41.14,3.53,0.0,0.0
2025-01-05 05:17:00,168.38,111.79,5.64,43.31,0.0,3.1,0.0
2025-01-05 05:18:00,206.1,110.03,5.0,42.6,1.97,0.0,10.54
2025-01-05 05:19:00,257.19,120.72,9.53,36.26,0.0,5.77,2.9
2025-01-05 05:20:00,219.93,121.57,5.68,25.64,7.68,0.0,0.0
2025-01-05 05:21:00,236.26,116.66,9.11,48.1,7.4,3.69,24.68
2025-01-05 05:22:00,188.9,120.26,5.0,41.01,1.62,0.0,0.0
2025-01-05 05:23:00,226.51,115.91,10.09,40.28,0.0,0.0,13.85
2025-01-05 05:24:00,269.91,115.0,5.0,39.57,3.93,0.0,0.0
2025-01-05 05:25:00,586.74,114.04,8.29,35.04,1.36,0.0,26.26
2025-01-05 05:26:00,180.12,114.13,24.85,40.04,0.0,0.0,5.15
2025-01-05 05:27:00,227.08,109.18,8.76,48.33,5.11,2.38,4.91
2025-01-05 05:28:00,236.97,116.43,11.46,39.3,0.0,1.01,0.0
2025-01-05 05:29:00,237.54,115.21,13.17,34.07,3.95,4.21,4.65
2025-01-05 05:30:00,247.89,118.36,13.37,38.73,0.0,3.01,25.03
2025-01-05 05:31:00,234.87,115.75,5.0,37.18,8.65,0.0,39.9
2025-01-05 05:32:00,232.42,114.73,14.37,45.83,3.57,2.44,0.0
2025-01-05 05:33:00,237.88,111.89,8.45,32.11,0.46,8.0,22.54
2025-01-05 05:34:00,250.82,115.66,6.46,36.28,3.3,4.78,0.0
2025-01-05 05:35:00,273.69,118.33,6.78,44.63,11.66,0.11,31.33
2025-01-05 05:36:00,232.67,110.8,13.02,41.5,1.9,9.2,10.85
2025-01-05 05:37:00,277.51,115.73,9.67,39.43,11.51,0.0,11.31
2025-01-05 05:38:00,187.92,116.31,12.21,37.81,3.33,0.0,0.0
2025-01-05 05:39:00,235.46,112.5,8.84,29.71,11.43,4.72,0.0
2025-01-05 05:40:00,220.83,113.02,8.47,30.33,11.28,0.0,24.97
2025-01-05 05:41:00,250.19,116.3,5.0,33.57,8.22,0.0,12.78
2025-01-05 05:42:00,246.66,110.84,10.67,37.68,13.35,0.0,0.0
2025-01-05 05:43:00,215.15,116.78,12.57,34.37,1.67,1.28,0.0
2025-01-05 05:44:00,210.58,111.79,10.58,24.82,11.19,9.29,17.62
2025-01-05 05:45:00,195.79,119.63,5.91,40.47,0.0,6.62,3.92
2025-01-05 05:46:00,217.55,124.73,12.35,36.78,1.17,0.59,9.4
2025-01-05 05:47:00,236.25,111.93,5.0,43.59,0.0,0.0,40.36
2025-01-05 05:48:00,232.98,117.51,15.96,29.38,9.11,0.0,31.2
2025-01-05 05:49:00,261.35,112.47,10.37,26.28,0.0,3.72,20.13
2025-01-05 05:50:00,221.96,119.54,14.98,25.25,9.07,5.45,4.1
2025-01-05 05:51:00,215.33,110.32,13.55,35.75,0.0,12.37,0.0
2025-01-05 05:52:00,208.9,117.3,16.67,29.78,1.57,4.98,0.0
2025-01-05 05:53:00,195.66,111.88,9.25,36.62,2.02,5.26,0.0
2025-01-05 05:54:00,205.44,114.55,12.78,38.0,13.03,0.0,0.0
2025-01-05 05:55:00,185.43,111.25,5.45,32.2,5.79,2.24,0.0
2025-01-05 05:56:00,228.76,118.67,9.8,28.17,0.0,0.12,10.79
2025-01-05 05:57:00,254.36,112.03,11.87,39.25,0.0,6.8,8.41
2025-01-05 05:58:00,253.75,117.58,10.31,48.49,11.01,6.76,0.0
2025-01-05 05:59:00,220.23,114.0,5.0,22.19,17.88,4.45,24.59
2025-01-05 06:00:00,221.65,114.92,5.0,32.06,4.81,5.38,0.0
2025-01-05 06:01:00,236.07,115.97,5.97,41.2,0.0,3.45,0.0
2025-01-05 06:02:00,241.25,112.33,5.0,34.62,7.09,8.79,0.0
2025-01-05 06:03:00,224.15,116.22,7.99,32.16,0.0,8.41,0.0
2025-01-05 06:04:00,208.45,121.5,15.62,21.53,0.0,0.0,0.0
2025-01-05 06:05:00,192.94,112.26,5.0,37.84,6.57,0.62,0.0
2025-01-05 06:06:00,229.5,120.06,5.0,38.24,10.24,2.2,0.0
2025-01-05 06:07:00,218.76,121.37,5.0,27.24,8.96,0.9,0.0
2025-01-05 06:08:00,200.72,112.11,5.0,33.43,1.61,4.58,0.0
2025-01-05 06:09:00,226.98,109.56,13.94,33.56,9.33,7.46,2.07
2025-01-05 06:10:00,215.16,116.58,8.59,28.47,0.0,4.08,11.07
2025-01-05 06:11:00,224.67,113.19,8.1,30.99,8.62,0.0,0.0
2025-01-05 06:12:00,256.02,122.85,5.66,39.81,6.29,0.0,12.37
2025-01-05 06:13:00,210.15,115.52,5.82,29.57,2.23,1.18,28.7
2025-01-05 06:14:00,231.04,112.17,10.51,39.34,0.75,0.0,15.99
2025-01-05 06:15:00,214.66,110.79,5.0,37.56,9.64,1.66,0.0
2025-01-05 06:16:00,247.85,119.74,5.0,30.78,3.47,11.14,0.0
2025-01-05 06:17:00,284.05,113.09,7.58,45.79,4.68,8.17,44.65
2025-01-05 06:18:00,243.1,115.55,7.49,30.71,6.5,0.0,48.77
2025-01-05 06:19:00,225.71,119.2,5.0,32.53,0.0,2.01,11.06
2025-01-05 06:20:00,218.91,113.44,5.15,41.82,3.37,0.0,0.0
2025-01-05 06:21:00,193.45,115.19,8.81,19.4,1.86,0.0,8.57
2025-01-05 06:22:00,218.62,115.31,10.25,33.7,4.57,3.13,27.11
2025-01-05 06:23:00,239.93,118.11,10.33,31.79,7.8,0.0,9.89
2025-01-05 06:24:00,219.16,117.74,11.43,39.36,3.04,2.13,15.05
2025-01-05 06:25:00,213.42,114.5,9.09,41.6,0.4,0.0,10.16
2025-01-05 06:26:00,184.0,115.63,11.57,24.06,6.6,0.0,1.78
2025-01-05 06:27:00,215.72,113.89,6.38,40.58,3.88,0.0,7.95
2025-01-05 06:28:00,226.82,109.47,6.62,34.17,0.49,0.0,0.0
2025-01-05 06:29:00,247.75,116.41,15.0,42.96,0.26,2.77,0.0
2025-01-05 06:30:00,224.48,122.94,12.73,34.52,0.0,0.6,0.0
2025-01-05 06:31:00,210.15,111.84,6.34,40.47,0.0,0.0,11.51
2025-01-05 06:32:00,208.61,112.28,5.0,36.74,0.0,1.25,7.18
2025-01-05 06:33:00,209.76,111.89,8.38,38.15,1.68,2.55,0.0
2025-01-05 06:34:00,254.26,118.27,9.63,29.69,8.07,0.0,4.96
2025-01-05 06:35:00,196.43,117.17,11.19,21.74,0.0,0.72,0.0
2025-01-05 06:36:00,238.86,114.74,6.18,34.28,0.0,13.0,0.0
2025-01-05 06:37:00,221.38,111.7,8.06,41.17,4.45,8.1,0.0
2025-01-05 06:38:00,211.42,115.75,5.0,29.77,0.0,0.88,0.0
2025-01-05 06:39:00,240.64,109.12,9.44,40.62,0.0,0.0,17.05
2025-01-05 06:40:00,203.6,115.95,11.45,33.84,1.51,0.0,0.0
2025-01-05 06:41:00,224.76,118.86,16.74,28.38,0.68,0.0,2.95
2025-01-05 06:42:00,246.89,110.37,16.92,26.66,1.51,11.0,0.0
2025-01-05 06:43:00,204.95,109.25,5.0,21.6,3.04,9.43,1.6
2025-01-05 06:44:00,244.21,121.69,11.17,34.3,0.0,0.43,15.18
2025-01-05 06:45:00,206.95,112.93,9.86,42.83,1.56,0.0,10.81
2025-01-05 06:46:00,205.13,119.92,9.74,29.51,2.59,0.0,0.0
2025-01-05 06:47:00,225.76,114.76,12.33,25.5,13.85,0.0,3.59
2025-01-05 06:48:00,219.49,114.73,14.08,37.39,2.3,3.18,0.0
2025-01-05 06:49:00,198.35,117.13,7.13,27.43,0.0,2.96,0.0
2025-01-05 06:50:00,244.45,111.84,13.83,40.29,9.79,1.38,0.0
2025-01-05 06:51:00,227.86,115.91,6.01,36.06,0.0,10.73,0.0
2025-01-05 06:52:00,233.81,113.85,5.47,40.27,0.0,7.21,0.0
2025-01-05 06:53:00,220.37,110.09,10.96,37.52,0.0,0.85,0.0
2025-01-05 06:54:00,243.3,116.73,8.81,38.44,0.0,2.5,22.75
2025-01-05 06:55:00,194.13,114.32,5.0,25.08,3.72,0.0,0.25
2025-01-05 06:56:00,216.11,114.75,12.73,27.44,5.73,4.86,29.66
2025-01-05 06:57:00,494.66,110.54,6.21,26.36,7.56,0.36,0.0
2025-01-05 06:58:00,234.33,121.74,10.31,41.6,0.0,0.68,0.0
2025-01-05 06:59:00,209.03,118.88,6.57,46.68,0.0,3.84,0.0
2025-01-05 07:00:00,231.5,119.23,5.0,8.67,7.38,0.0,0.0
2025-01-05 07:01:00,207.83,114.15,7.54,18.81,9.16,0.0,12.64
2025-01-05 07:02:00,185.62,108.46,5.1,12.31,1.16,0.0,0.0
2025-01-05 07:03:00,200.15,123.19,8.29,0.0,3.09,8.1,0.0
2025-01-05 07:04:00,165.28,115.13,8.2,0.0,0.0,0.29,10.34
2025-01-05 07:05:00,195.6,112.38,9.94,7.83,8.2,4.81,0.0
2025-01-05 07:06:00,196.74,117.04,16.69,2.71,4.06,4.45,0.0
2025-01-05 07:07:00,210.72,120.04,10.71,12.11,6.52,3.06,1.84
2025-01-05 07:08:00,202.35,115.28,8.94,11.74,0.0,0.0,0.0
2025-01-05 07:09:00,200.17,120.49,8.01,3.85,0.0,13.74,1.14
2025-01-05 07:10:00,286.58,119.71,6.12,15.79,0.0,1.95,69.04
2025-01-05 07:11:00,180.28,111.07,5.9,0.0,0.0,0.0,11.84
2025-01-05 07:12:00,171.91,112.68,6.73,10.59,7.36,0.0,1.88
2025-01-05 07:13:00,193.23,119.21,5.0,12.32,12.63,0.0,3.02
2025-01-05 07:14:00,177.25,104.53,13.38,8.27,7.07,1.71,12.45
2025-01-05 07:15:00,194.79,114.78,14.34,0.0,1.4,11.54,6.03
2025-01-05 07:16:00,179.36,109.65,5.92,7.39,7.24,1.51,0.0
2025-01-05 07:17:00,245.88,113.47,11.19,3.27,2.89,0.0,19.19
2025-01-05 07:18:00,220.25,114.18,12.28,9.36,0.0,0.71,31.21
2025-01-05 07:19:00,183.19,113.94,5.75,3.3,5.31,8.12,0.0
2025-01-05 07:20:00,199.37,113.17,12.53,0.0,14.13,0.0,30.16
2025-01-05 07:21:00,241.55,110.99,6.04,9.72,4.45,9.13,48.21
2025-01-05 07:22:00,214.78,124.54,17.27,13.13,0.0,2.45,17.85
2025-01-05 07:23:00,193.78,122.85,12.17,8.76,1.65,0.0,0.0
2025-01-05 07:24:00,145.65,110.73,5.9,7.27,3.01,0.0,0.0
2025-01-05 07:25:00,211.87,121.7,6.8,10.02,6.11,9.69,12.71
2025-01-05 07:26:00,190.13,113.78,5.0,10.02,9.67,6.06,2.01
2025-01-05 07:27:00,171.03,115.89,8.99,5.78,9.41,3.81,8.27
2025-01-05 07:28:00,177.99,115.12,10.5,0.51,0.0,5.5,0.0
2025-01-05 07:29:00,227.79,112.74,5.0,0.0,4.25,1.29,51.36
2025-01-05 07:30:00,165.64,119.31,5.0,6.63,0.0,2.64,0.0
2025-01-05 07:31:00,200.38,115.88,5.9,6.16,0.0,2.5,0.0
2025-01-05 07:32:00,163.75,113.47,8.81,4.71,14.08,3.71,0.0
2025-01-05 07:33:00,191.38,110.16,18.56,12.23,9.04,0.0,0.0
2025-01-05 07:34:00,190.3,111.8,12.16,6.71,0.0,9.78,23.62
2025-01-05 07:35:00,158.15,108.81,8.76,5.9,0.0,0.03,1.7
2025-01-05 07:36:00,267.05,115.42,7.96,14.93,9.08,1.05,31.84
2025-01-05 07:37:00,226.67,110.59,17.42,10.23,0.0,4.55,21.55
2025-01-05 07:38:00,161.83,114.31,5.93,8.1,0.0,3.65,0.0
2025-01-05 07:39:00,218.11,120.86,11.47,12.85,0.81,1.08,2.64
2025-01-05 07:40:00,228.31,120.17,6.55,0.0,14.71,2.03,26.94
2025-01-05 07:41:00,193.49,115.25,5.68,0.0,8.83,3.63,1.71
2025-01-05 07:42:00,180.52,115.03,14.04,5.16,2.56,3.69,0.0
2025-01-05 07:43:00,189.01,122.9,5.0,7.82,0.45,15.57,0.0
2025-01-05 07:44:00,188.74,117.46,5.0,0.17,0.0,5.73,0.0
2025-01-05 07:45:00,216.16,114.06,16.15,0.0,7.66,9.38,32.33
2025-01-05 07:46:00,158.08,109.67,7.53,9.2,0.0,1.12,0.0
2025-01-05 07:47:00,174.61,116.95,7.72,8.52,5.23,2.22,11.1
2025-01-05 07:48:00,170.72,118.69,10.71,0.0,0.54,0.0,0.0
2025-01-05 07:49:00,257.18,112.85,9.0,3.22,6.45,9.58,26.72
2025-01-05 07:50:00,219.51,116.54,5.0,8.27,0.45,8.72,5.59
2025-01-05 07:51:00,150.94,113.92,5.0,9.93,0.0,0.0,0.0
2025-01-05 07:52:00,233.11,114.64,12.88,11.88,4.55,0.0,13.84
2025-01-05 07:53:00,203.21,105.42,11.92,16.45,0.0,10.94,1.34
2025-01-05 07:54:00,202.98,114.49,11.25,10.93,1.33,0.0,5.58
2025-01-05 07:55:00,206.69,119.25,17.73,10.22,0.0,0.0,0.0
2025-01-05 07:56:00,139.83,112.85,5.0,0.0,0.0,7.43,0.0
2025-01-05 07:57:00,242.18,115.59,14.6,10.44,0.0,9.32,46.15
2025-01-05 07:58:00,215.95,112.35,15.1,8.78,0.71,0.0,0.0
2025-01-05 07:59:00,174.48,116.82,10.54,7.78,1.56,0.0,0.0
2025-01-05 08:00:00,203.35,114.51,5.0,9.63,10.32,0.0,0.49
2025-01-05 08:01:00,203.14,111.62,6.91,0.5,4.22,5.11,0.0
2025-01-05 08:02:00,249.71,120.71,8.73,4.24,0.0,6.01,50.07
2025-01-05 08:03:00,181.16,119.09,12.41,7.89,1.92,0.0,1.55
2025-01-05 08:04:00,188.83,112.96,6.97,3.85,7.94,1.23,0.0
2025-01-05 08:05:00,202.68,117.37,11.54,5.61,0.0,0.0,0.0
2025-01-05 08:06:00,185.44,117.53,11.9,5.0,8.23,1.52,0.0
2025-01-05 08:07:00,180.41,117.95,5.0,9.04,7.21,0.0,11.09
2025-01-05 08:08:00,157.26,108.6,5.15,2.47,2.81,2.83,0.0
2025-01-05 08:09:00,203.06,119.4,12.82,20.66,0.0,6.06,17.67
2025-01-05 08:10:00,183.03,113.1,5.97,10.51,0.0,1.98,0.0
2025-01-05 08:11:00,188.21,113.94,5.0,6.26,11.97,2.1,0.0
2025-01-05 08:12:00,218.03,125.93,5.0,1.39,5.03,7.26,1.39
2025-01-05 08:13:00,223.61,116.58,7.57,5.9,6.16,2.29,14.47
2025-01-05 08:14:00,202.15,113.83,5.0,10.12,0.0,13.31,0.0
2025-01-05 08:15:00,197.72,106.55,11.25,3.51,2.58,14.22,0.0
2025-01-05 08:16:00,187.53,120.94,9.06,0.1,5.74,5.9,3.35
2025-01-05 08:17:00,160.06,110.0,9.41,1.06,9.12,0.0,0.81
2025-01-05 08:18:00,163.0,111.36,9.38,2.04,1.65,0.0,0.0
2025-01-05 08:19:00,160.66,114.05,5.0,7.76,0.0,0.47,0.0
2025-01-05 08:20:00,227.32,121.04,10.22,4.41,3.85,0.0,31.31
2025-01-05 08:21:00,205.07,118.47,8.82,3.43,7.84,6.0,0.0
2025-01-05 08:22:00,155.62,114.74,7.9,10.23,0.0,1.39,11.48
2025-01-05 08:23:00,185.65,116.61,5.0,14.67,0.0,7.33,0.0
2025-01-05 08:24:00,209.75,112.97,9.15,13.43,5.93,8.73,21.86
2025-01-05 08:25:00,206.81,115.93,5.0,3.03,2.17,0.0,32.28
2025-01-05 08:26:00,180.05,115.67,10.61,8.2,0.0,0.55,35.38
2025-01-05 08:27:00,228.75,119.25,17.71,14.11,0.0,3.9,20.12
2025-01-05 08:28:00,203.58,119.24,6.09,1.91,0.0,8.33,19.39
2025-01-05 08:29:00,159.84,117.35,8.36,14.72,0.0,0.0,2.64
2025-01-05 08:30:00,164.61,113.93,5.0,9.03,5.1,6.73,0.0
2025-01-05 08:31:00,182.08,118.34,19.38,9.66,2.75,0.0,0.0
2025-01-05 08:32:00,179.19,115.01,6.07,6.85,0.0,2.94,0.0
2025-01-05 08:33:00,162.03,111.05,10.5,4.13,1.68,0.0,0.0
2025-01-05 08:34:00,190.47,113.76,7.77,7.2,8.85,0.15,0.0
2025-01-05 08:35:00,199.6,115.71,12.26,12.29,5.2,0.0,0.0
2025-01-05 08:36:00,175.15,119.02,7.98,10.66,0.38,3.44,0.0
2025-01-05 08:37:00,197.23,114.64,15.43,1.86,9.89,13.15,3.48
2025-01-05 08:38:00,203.96,110.54,6.0,12.64,5.84,0.0,0.83
2025-01-05 08:39:00,172.19,115.6,10.38,4.44,3.2,0.0,6.91
2025-01-05 08:40:00,202.33,115.83,8.53,0.54,5.09,0.0,16.68
2025-01-05 08:41:00,236.74,116.12,8.82,16.64,0.0,0.0,16.3
2025-01-05 08:42:00,206.95,119.06,11.85,0.79,2.91,4.0,24.06
2025-01-05 08:43:00,156.72,119.45,5.0,8.45,3.42,0.0,0.28
2025-01-05 08:44:00,201.22,113.0,5.0,13.05,11.5,2.96,0.0
2025-01-05 08:45:00,211.89,112.91,6.69,11.6,2.34,4.37,0.0
2025-01-05 08:46:00,160.41,111.22,9.14,2.51,0.0,0.0,0.0
2025-01-05 08:47:00,201.67,118.17,9.36,6.11,14.34,3.05,20.2
2025-01-05 08:48:00,265.38,121.17,10.59,0.0,3.0,13.41,0.0
2025-01-05 08:49:00,177.25,114.12,5.46,13.64,6.63,1.42,0.0
2025-01-05 08:50:00,185.77,114.41,5.0,6.17,0.0,1.84,2.17
2025-01-05 08:51:00,187.02,121.24,5.0,5.97,4.57,5.6,9.32
2025-01-05 08:52:00,197.53,117.4,8.12,6.52,1.92,4.07,0.0
2025-01-05 08:53:00,184.22,117.12,7.42,3.5,0.0,0.0,7.46
2025-01-05 08:54:00,211.52,110.61,5.0,19.29,9.04,0.34,13.93
2025-01-05 08:55:00,204.03,118.09,5.29,15.65,3.97,2.48,0.0
2025-01-05 08:56:00,234.9,111.66,12.93,8.01,8.65,0.26,20.71
2025-01-05 08:57:00,212.86,110.84,5.0,17.83,1.61,3.73,0.0
2025-01-05 08:58:00,202.53,113.99,5.0,14.1,6.21,3.84,0.0
2025-01-05 08:59:00,236.86,113.03,5.0,17.14,7.22,0.0,42.68
2025-01-05 09:00:00,201.7,114.49,30.18,3.46,1.51,0.0,0.11
2025-01-05 09:01:00,200.59,109.61,22.9,1.96,0.0,1.58,10.04
2025-01-05 09:02:00,227.81,119.21,28.74,0.0,5.16,0.0,6.34
2025-01-05 09:03:00,216.86,119.89,30.47,6.47,0.0,1.14,0.0
2025-01-05 09:04:00,182.0,107.59,26.24,7.43,0.0,0.0,0.0
2025-01-05 09:05:00,253.33,119.29,29.32,12.92,6.02,0.0,39.64
2025-01-05 09:06:00,202.61,112.13,33.35,4.11,5.78,7.41,1.7
2025-01-05 09:07:00,185.47,118.8,30.24,2.66,0.0,0.56,0.0
2025-01-05 09:08:00,263.33,115.1,34.01,13.03,3.03,18.76,31.74
2025-01-05 09:09:00,258.87,115.49,31.15,16.54,2.67,6.71,38.68
2025-01-05 09:10:00,205.63,114.64,31.36,16.45,0.0,0.0,0.0
2025-01-05 09:11:00,217.71,120.22,31.42,14.99,1.5,6.74,0.0
2025-01-05 09:12:00,200.0,110.42,31.61,6.29,0.0,0.0,1.21
2025-01-05 09:13:00,201.51,117.81,32.35,9.96,0.0,0.0,0.0
2025-01-05 09:14:00,202.89,119.78,32.4,5.05,0.15,2.24,0.0
2025-01-05 09:15:00,205.37,118.24,28.31,4.22,1.74,0.0,3.32
2025-01-05 09:16:00,216.15,124.67,23.6,5.27,0.0,0.0,17.72
2025-01-05 09:17:00,232.4,113.26,26.07,9.42,5.8,7.58,20.6
2025-01-05 09:18:00,217.02,119.21,18.85,0.0,0.0,4.51,1.19
2025-01-05 09:19:00,194.4,114.95,26.94,7.58,0.0,9.8,0.0
2025-01-05 09:20:00,239.97,120.31,29.62,6.69,18.06,8.91,21.46
2025-01-05 09:21:00,214.08,115.35,27.84,6.43,6.09,0.0,0.0
2025-01-05 09:22:00,228.28,113.82,30.12,10.67,0.0,0.0,30.73
2025-01-05 09:23:00,205.89,120.6,20.61,4.18,6.28,6.28,3.5
2025-01-05 09:24:00,263.5,113.41,34.19,0.0,0.0,7.01,38.38
2025-01-05 09:25:00,207.16,109.73,17.35,14.81,3.11,0.0,0.0
2025-01-05 09:26:00,166.94,113.31,26.35,0.0,5.61,6.33,0.0
2025-01-05 09:27:00,213.89,117.85,26.48,3.96,7.02,2.08,6.18
2025-01-05 09:28:00,236.54,120.94,33.92,15.43,0.0,8.84,0.0
2025-01-05 09:29:00,185.42,115.82,27.3,9.85,0.0,2.35,0.0
2025-01-05 09:30:00,242.54,120.65,30.02,4.64,3.93,1.31,8.29
2025-01-05 09:31:00,208.24,109.94,26.98,4.59,0.0,0.0,0.0
2025-01-05 09:32:00,233.87,113.6,29.21,16.5,5.31,0.0,13.9
2025-01-05 09:33:00,197.64,114.22,15.21,0.0,0.0,0.0,4.07
2025-01-05 09:34:00,230.25,114.92,28.02,16.5,10.76,0.0,0.0
2025-01-05 09:35:00,217.19,115.71,26.83,10.38,0.0,0.0,0.0
2025-01-05 09:36:00,176.7,118.14,36.05,1.0,0.0,0.31,0.0
2025-01-05 09:37:00,221.23,113.6,27.78,6.61,0.0,7.3,17.36
2025-01-05 09:38:00,218.52,115.93,25.5,13.84,0.0,6.53,0.0
2025-01-05 09:39:00,183.82,115.2,24.4,9.56,2.58,0.0,17.48
2025-01-05 09:40:00,221.03,111.67,29.76,0.0,3.31,6.54,0.0
2025-01-05 09:41:00,231.3,114.92,21.73,5.25,12.07,0.0,25.71
2025-01-05 09:42:00,214.92,114.8,28.14,6.46,1.61,5.44,0.0
2025-01-05 09:43:00,233.34,114.72,22.25,13.03,1.75,2.14,14.36
2025-01-05 09:44:00,203.45,115.5,31.47,8.07,0.89,0.0,0.0
2025-01-05 09:45:00,217.4,115.68,35.52,3.05,10.82,0.0,0.0
2025-01-05 09:46:00,196.5,113.65,31.6,0.0,8.11,0.0,0.0
2025-01-05 09:47:00,219.38,120.47,30.6,0.0,0.0,2.46,0.0
2025-01-05 09:48:00,226.33,110.7,26.75,1.16,9.79,0.0,17.96
2025-01-05 09:49:00,153.48,112.49,22.28,0.0,0.0,0.0,0.0
2025-01-05 09:50:00,235.79,126.5,24.5,9.59,6.39,7.36,0.0
2025-01-05 09:51:00,197.8,111.22,23.66,4.07,6.22,13.67,0.0
2025-01-05 09:52:00,192.34,109.96,20.03,6.42,0.0,0.0,0.0
2025-01-05 09:53:00,204.07,118.31,29.12,15.34,2.1,0.0,18.75
2025-01-05 09:54:00,181.87,107.07,21.16,4.63,0.0,6.25,7.03
2025-01-05 09:55:00,221.61,114.43,31.23,11.22,0.0,5.55,40.68
2025-01-05 09:56:00,247.67,123.96,34.65,10.96,0.0,1.83,0.0
2025-01-05 09:57:00,207.13,109.2,41.84,2.46,9.04,0.0,4.22
2025-01-05 09:58:00,227.78,107.45,31.51,11.88,0.0,9.55,5.82
2025-01-05 09:59:00,262.06,109.38,28.06,12.15,1.69,0.0,30.2
2025-01-05 10:00:00,239.7,118.97,32.13,13.4,8.43,7.83,20.09
2025-01-05 10:01:00,212.02,119.88,32.89,0.0,4.19,0.0,0.0
2025-01-05 10:02:00,227.21,113.33,25.8,12.31,6.44,0.0,4.6
2025-01-05 10:03:00,236.69,118.11,25.36,6.48,1.72,0.0,33.61
2025-01-05 10:04:00,221.31,120.94,28.26,4.58,3.76,5.3,0.0
2025-01-05 10:05:00,196.98,122.53,31.96,5.81,0.0,2.23,10.04
2025-01-05 10:06:00,241.46,114.39,27.75,11.0,0.0,19.42,13.13
2025-01-05 10:07:00,173.13,106.17,24.81,1.68,0.19,4.71,0.0
2025-01-05 10:08:00,228.44,112.09,35.52,13.31,0.0,3.0,0.0
2025-01-05 10:09:00,235.54,113.67,36.47,8.52,1.27,2.09,14.22
2025-01-05 10:10:00,272.89,114.34,34.93,3.61,7.78,2.43,40.2
2025-01-05 10:11:00,168.48,114.62,23.6,0.0,3.58,0.0,0.0
2025-01-05 10:12:00,250.79,119.85,26.78,5.45,5.5,0.0,12.17
2025-01-05 10:13:00,260.22,120.47,27.5,13.6,0.0,8.5,0.0
2025-01-05 10:14:00,178.64,114.69,32.17,0.38,0.0,2.26,0.0
2025-01-05 10:15:00,276.53,119.77,25.76,5.88,1.41,11.07,60.51
2025-01-05 10:16:00,218.23,116.81,26.95,10.99,1.89,10.65,0.0
2025-01-05 10:17:00,210.0,115.63,30.38,6.44,0.97,2.53,0.0
2025-01-05 10:18:00,213.42,119.0,30.78,7.78,0.0,2.27,28.42
2025-01-05 10:19:00,173.09,115.67,16.73,6.88,3.96,11.77,0.0
2025-01-05 10:20:00,225.14,123.61,30.0,7.36,0.0,0.0,0.0
2025-01-05 10:21:00,214.94,109.62,30.01,8.28,1.41,16.6,19.38
2025-01-05 10:22:00,255.14,113.32,31.81,14.18,13.41,1.91,25.68
2025-01-05 10:23:00,198.12,114.87,31.52,0.0,0.0,0.0,0.0
2025-01-05 10:24:00,246.05,117.13,24.46,7.67,0.0,2.49,12.65
2025-01-05 10:25:00,220.12,120.45,19.02,15.23,11.78,1.77,0.0
2025-01-05 10:26:00,201.68,115.28,24.0,9.86,0.0,0.0,23.77
2025-01-05 10:27:00,256.35,109.69,29.13,5.04,7.32,6.96,0.0
2025-01-05 10:28:00,225.19,118.75,32.62,3.57,10.74,2.14,20.96
2025-01-05 10:29:00,191.36,118.4,29.28,0.0,0.0,12.8,15.87
2025-01-05 10:30:00,238.36,107.61,27.12,11.38,0.08,6.29,0.0
2025-01-05 10:31:00,189.04,115.36,25.33,10.65,0.0,0.0,13.36
2025-01-05 10:32:00,185.52,109.02,32.98,10.75,0.0,1.1,0.0
2025-01-05 10:33:00,226.74,112.72,29.29,17.15,0.0,2.23,9.63
2025-01-05 10:34:00,235.5,111.76,29.03,11.82,0.0,7.78,46.16
2025-01-05 10:35:00,227.93,118.61,25.72,7.65,2.25,0.0,0.0
2025-01-05 10:36:00,205.02,115.84,32.05,2.05,0.0,6.71,5.44
2025-01-05 10:37:00,185.17,110.23,19.12,9.81,2.77,7.54,0.0
2025-01-05 10:38:00,235.27,118.9,31.47,11.2,0.0,0.31,28.15
2025-01-05 10:39:00,187.01,109.64,27.08,10.83,0.0,3.84,26.48
2025-01-05 10:40:00,232.43,116.7,32.64,13.58,0.0,3.93,0.0
2025-01-05 10:41:00,260.99,112.12,23.54,13.08,0.28,6.41,17.08
2025-01-05 10:42:00,214.94,113.91,28.0,3.65,0.0,7.22,1.23
2025-01-05 10:43:00,213.79,117.39,23.39,14.23,0.0,0.0,3.68
2025-01-05 10:44:00,213.58,117.46,37.69,0.88,4.8,0.0,2.12
2025-01-05 10:45:00,189.95,120.72,20.12,2.02,4.76,2.97,3.65
2025-01-05 10:46:00,214.0,115.05,33.99,1.88,0.0,8.08,0.0
2025-01-05 10:47:00,195.02,116.6,24.61,4.91,2.89,8.31,1.39
2025-01-05 10:48:00,204.08,113.63,37.36,0.0,7.31,0.0,0.0
2025-01-05 10:49:00,244.58,116.1,33.04,4.73,2.88,5.87,0.0
2025-01-05 10:50:00,201.55,117.13,26.65,4.29,7.59,0.0,0.0
2025-01-05 10:51:00,179.94,114.98,23.15,0.0,12.92,1.32,0.0
2025-01-05 10:52:00,216.02,108.16,30.88,10.06,0.0,0.0,23.75
2025-01-05 10:53:00,217.5,116.7,18.13,4.28,3.94,3.13,36.48
2025-01-05 10:54:00,240.2,116.83,24.23,6.05,2.22,11.94,22.89
2025-01-05 10:55:00,204.86,112.66,29.97,0.0,5.32,5.53,0.0
2025-01-05 10:56:00,211.42,110.24,30.25,1.48,0.0,0.0,0.0
2025-01-05 10:57:00,200.54,121.28,28.5,9.01,0.0,17.23,0.0
2025-01-05 10:58:00,184.61,117.34,29.17,0.0,0.39,2.17,16.17
2025-01-05 10:59:00,193.04,114.46,33.76,15.97,6.28,0.52,0.0
2025-01-05 11:00:00,225.34,110.83,32.29,15.98,3.71,4.93,22.02
2025-01-05 11:01:00,219.47,112.09,30.5,0.39,0.0,13.84,0.76
2025-01-05 11:02:00,187.64,120.59,26.76,3.28,4.22,14.33,0.0
2025-01-05 11:03:00,222.84,115.93,23.34,4.49,3.19,16.26,0.0
2025-01-05 11:04:00,218.21,113.17,33.4,5.69,2.01,12.28,12.12
2025-01-05 11:05:00,221.32,117.41,29.33,23.15,0.0,13.7,0.0
2025-01-05 11:06:00,186.83,112.12,27.99,9.59,0.0,1.94,12.32
2025-01-05 11:07:00,214.4,121.38,29.76,1.81,0.0,0.0,12.2
2025-01-05 11:08:00,183.7,120.79,27.41,3.7,0.0,0.0,0.0
2025-01-05 11:09:00,204.38,113.51,32.63,13.62,0.0,10.65,10.03
2025-01-05 11:10:00,233.26,112.86,22.66,16.81,0.56,12.17,8.02
2025-01-05 11:11:00,197.33,104.9,25.09,15.27,5.2,1.41,0.0
2025-01-05 11:12:00,200.49,109.45,18.98,4.98,8.51,0.0,0.0
2025-01-05 11:13:00,240.56,110.02,24.74,8.29,1.78,9.27,38.22
2025-01-05 11:14:00,240.43,115.92,18.93,12.5,0.0,0.0,38.93
2025-01-05 11:15:00,201.72,114.07,23.66,10.12,0.62,1.53,0.0
2025-01-05 11:16:00,192.41,109.99,26.22,2.15,0.19,0.0,8.63
2025-01-05 11:17:00,229.16,114.25,33.54,0.0,6.98,1.19,18.02
2025-01-05 11:18:00,219.01,117.4,21.39,0.0,0.0,1.06,24.61
2025-01-05 11:19:00,232.68,117.49,26.69,0.16,9.44,6.84,8.15
2025-01-05 11:20:00,185.91,107.78,32.01,9.19,0.61,0.0,0.0
2025-01-05 11:21:00,206.73,114.86,25.19,8.75,0.0,0.0,0.0
2025-01-05 11:22:00,174.64,109.84,28.55,0.0,3.42,0.0,0.0
2025-01-05 11:23:00,194.26,118.98,25.64,0.0,0.0,0.0,8.89
2025-01-05 11:24:00,235.77,118.51,25.2,0.91,6.3,0.0,26.05
2025-01-05 11:25:00,206.82,111.78,28.93,9.84,1.36,10.67,0.0
2025-01-05 11:26:00,205.53,112.31,23.71,3.19,7.46,15.88,0.0
2025-01-05 11:27:00,254.36,113.53,26.88,9.7,0.0,0.0,36.33
2025-01-05 11:28:00,195.43,106.36,24.31,12.45,0.0,4.81,0.0
2025-01-05 11:29:00,207.42,116.72,26.01,13.7,0.0,0.0,0.0
2025-01-05 11:30:00,203.34,114.28,34.32,0.02,0.57,3.9,0.66
2025-01-05 11:31:00,207.81,119.26,22.81,4.64,0.0,2.63,0.0
2025-01-05 11:32:00,260.59,110.98,37.46,9.72,0.0,0.0,9.72
2025-01-05 11:33:00,189.53,112.9,29.15,5.5,2.6,0.0,2.91
2025-01-05 11:34:00,233.11,109.35,27.13,7.65,0.0,1.76,0.0
2025-01-05 11:35:00,214.12,111.36,24.22,3.98,0.0,6.16,0.0
2025-01-05 11:36:00,250.91,110.65,36.12,15.44,0.0,18.64,3.77
2025-01-05 11:37:00,178.11,119.36,30.67,0.0,0.0,0.0,0.0
2025-01-05 11:38:00,225.82,112.58,26.93,8.99,4.11,0.0,0.0
2025-01-05 11:39:00,225.41,115.87,25.53,14.06,7.97,8.17,13.84
2025-01-05 11:40:00,170.55,113.85,30.27,0.0,0.0,3.36,0.0
2025-01-05 11:41:00,224.93,110.3,28.11,4.21,7.2,6.86,18.01
2025-01-05 11:42:00,243.29,114.7,30.57,7.23,0.0,5.31,0.0
2025-01-05 11:43:00,258.73,117.77,29.78,12.0,5.77,0.88,5.5
2025-01-05 11:44:00,196.82,110.55,17.86,9.13,3.4,0.0,32.55
2025-01-05 11:45:00,186.93,118.61,25.77,5.06,2.73,8.01,5.87
2025-01-05 11:46:00,205.8,111.98,19.44,7.06,5.34,4.67,0.0
2025-01-05 11:47:00,180.02,113.44,25.22,2.51,0.0,4.2,0.0
2025-01-05 11:48:00,215.07,117.5,26.57,11.81,0.61,0.0,0.0
2025-01-05 11:49:00,196.07,112.72,31.77,19.05,0.0,0.0,3.42
2025-01-05 11:50:00,219.36,115.53,33.32,9.62,1.37,0.0,0.04
2025-01-05 11:51:00,207.13,114.12,37.02,9.92,0.0,6.42,8.98
2025-01-05 11:52:00,244.56,115.89,23.18,0.0,12.63,9.37,11.03
2025-01-05 11:53:00,220.6,105.85,27.45,0.0,0.0,3.26,0.0
2025-01-05 11:54:00,210.46,108.06,29.78,5.08,2.84,0.19,26.37
2025-01-05 11:55:00,206.6,117.84,27.84,12.08,5.84,4.32,0.0
2025-01-05 11:56:00,243.46,119.52,23.11,7.02,0.0,0.0,28.85
2025-01-05 11:57:00,199.97,111.73,19.99,5.32,3.16,0.0,0.0
2025-01-05 11:58:00,212.1,114.4,25.4,0.0,8.15,0.0,10.92
2025-01-05 11:59:00,244.53,116.55,24.55,9.17,9.97,1.86,40.53
2025-01-05 12:00:00,217.79,118.15,24.93,2.8,6.37,0.0,5.74
2025-01-05 12:01:00,209.55,107.27,25.33,13.98,5.16,0.0,20.86
2025-01-05 12:02:00,200.91,111.83,30.01,3.86,10.29,0.0,0.0
2025-01-05 12:03:00,242.03,114.05,26.7,14.23,5.81,6.05,0.0
2025-01-05 12:04:00,213.42,118.19,29.11,5.56,19.86,0.0,0.0
2025-01-05 12:05:00,231.86,125.37,27.72,8.32,1.35,0.87,21.11
2025-01-05 12:06:00,199.43,114.46,34.21,5.7,11.06,3.07,0.0
2025-01-05 12:07:00,182.12,109.75,25.71,8.98,18.59,0.0,7.22
2025-01-05 12:08:00,204.43,116.99,26.1,0.64,13.48,0.0,0.0
2025-01-05 12:09:00,208.99,120.66,33.18,9.77,14.15,2.51,0.0
2025-01-05 12:10:00,217.27,115.81,36.01,13.35,4.41,5.73,6.19
2025-01-05 12:11:00,220.55,111.75,38.5,18.12,10.79,9.56,0.0
2025-01-05 12:12:00,223.03,119.21,23.84,11.39,13.92,0.98,0.0
2025-01-05 12:13:00,231.35,118.03,31.08,13.56,7.41,3.69,13.05
2025-01-05 12:14:00,185.3,111.27,32.61,8.18,7.76,0.0,0.0
2025-01-05 12:15:00,242.21,116.9,32.31,21.77,15.08,1.1,0.0
2025-01-05 12:16:00,245.64,119.37,21.08,8.41,0.0,0.0,35.16
2025-01-05 12:17:00,193.55,120.1,24.41,17.83,9.46,0.0,0.0
2025-01-05 12:18:00,192.16,115.11,25.03,0.0,6.58,5.48,0.0
2025-01-05 12:19:00,239.88,113.94,22.76,13.53,21.36,3.41,41.61
2025-01-05 12:20:00,251.1,120.29,29.01,8.23,22.92,1.29,0.0
2025-01-05 12:21:00,225.94,110.54,29.71,6.77,15.67,0.0,0.0
2025-01-05 12:22:00,222.06,117.13,29.28,10.25,14.54,0.0,0.2
2025-01-05 12:23:00,236.03,109.9,28.36,8.76,6.15,5.56,23.05
2025-01-05 12:24:00,224.21,119.64,33.16,7.33,0.0,1.01,0.0
2025-01-05 12:25:00,219.26,114.34,24.31,10.18,17.11,12.39,0.0
2025-01-05 12:26:00,239.94,120.45,24.15,5.59,11.17,0.0,9.07
2025-01-05 12:27:00,229.79,117.34,31.4,4.42,13.16,0.0,0.0
2025-01-05 12:28:00,250.45,110.48,30.6,7.64,7.64,9.34,10.12
2025-01-05 12:29:00,243.97,121.07,31.4,9.98,20.32,4.4,0.0
2025-01-05 12:30:00,251.13,121.58,20.59,7.93,3.63,7.11,10.23
2025-01-05 12:31:00,221.47,118.91,20.72,14.02,14.41,4.72,0.0
2025-01-05 12:32:00,215.12,112.33,18.98,4.8,12.8,6.24,0.0
2025-01-05 12:33:00,192.06,114.15,19.31,14.53,11.58,2.99,0.0
2025-01-05 12:34:00,179.51,115.96,20.88,1.02,0.0,9.1,5.16
2025-01-05 12:35:00,306.15,112.56,30.64,1.29,15.39,11.47,21.9
2025-01-05 12:36:00,199.5,122.15,28.53,20.5,8.67,0.0,0.0
2025-01-05 12:37:00,271.94,115.95,27.81,7.82,16.2,8.27,21.22
2025-01-05 12:38:00,207.9,104.56,24.44,0.0,15.73,1.85,4.63
2025-01-05 12:39:00,220.75,116.73,32.58,1.9,15.49,0.0,1.73
2025-01-05 12:40:00,247.67,113.98,31.02,0.0,7.83,0.0,0.0
2025-01-05 12:41:00,220.19,115.08,30.05,0.0,12.97,5.94,13.78
2025-01-05 12:42:00,253.74,113.9,34.21,21.58,19.69,13.94,4.87
2025-01-05 12:43:00,245.31,118.6,20.06,7.17,17.39,22.94,0.0
2025-01-05 12:44:00,229.72,119.85,23.93,7.78,24.27,4.18,10.72
2025-01-05 12:45:00,232.79,116.51,29.42,4.68,14.84,0.0,8.54
2025-01-05 12:46:00,252.61,114.02,30.38,17.12,11.41,7.51,13.88
2025-01-05 12:47:00,247.14,115.21,24.98,12.48,13.97,1.95,20.01
2025-01-05 12:48:00,202.19,115.45,30.25,11.13,17.71,2.95,0.0
2025-01-05 12:49:00,241.81,112.17,33.95,18.41,16.61,3.48,0.0
2025-01-05 12:50:00,256.51,117.69,33.02,0.0,12.79,3.35,56.38
2025-01-05 12:51:00,220.26,117.22,36.46,8.16,8.75,7.93,0.0
2025-01-05 12:52:00,225.31,121.54,26.29,13.56,13.81,0.0,0.39
2025-01-05 12:53:00,209.97,120.4,25.99,1.97,12.92,6.64,0.0
2025-01-05 12:54:00,184.19,112.63,25.03,0.0,0.0,3.51,0.0
2025-01-05 12:55:00,224.89,118.66,26.22,9.96,22.39,2.22,0.0
2025-01-05 12:56:00,190.11,111.57,27.57,2.0,12.43,0.0,0.0
2025-01-05 12:57:00,250.26,118.16,32.87,10.51,3.7,6.69,11.4
2025-01-05 12:58:00,215.07,113.31,34.88,0.0,4.37,2.44,0.0
2025-01-05 12:59:00,252.45,111.28,30.1,7.11,23.1,6.84,16.87
2025-01-05 13:00:00,219.78,116.5,29.06,6.76,4.82,6.4,3.23
2025-01-05 13:01:00,168.77,104.68,26.04,0.0,2.93,0.0,0.0
2025-01-05 13:02:00,198.37,108.37,25.47,4.41,16.44,6.25,0.0
2025-01-05 13:03:00,193.34,114.67,32.01,13.77,6.21,0.0,0.0
2025-01-05 13:04:00,252.7,115.71,22.71,5.71,12.74,0.0,4.75
2025-01-05 13:05:00,224.9,113.9,23.22,14.76,7.22,0.55,16.99
2025-01-05 13:06:00,191.89,109.06,22.73,11.21,14.95,1.38,14.17
2025-01-05 13:07:00,256.38,112.1,34.63,13.01,14.75,4.93,21.81
2025-01-05 13:08:00,204.32,116.94,28.46,0.0,19.38,0.0,0.0
2025-01-05 13:09:00,233.95,117.7,34.43,10.18,15.71,7.44,15.3
2025-01-05 13:10:00,205.22,115.31,20.64,8.65,7.79,0.63,0.0
2025-01-05 13:11:00,258.94,120.0,21.53,15.65,13.32,12.61,15.26
2025-01-05 13:12:00,185.93,116.97,24.58,0.86,14.99,8.83,0.0
2025-01-05 13:13:00,186.14,112.39,21.76,4.8,3.54,0.0,0.0
2025-01-05 13:14:00,219.6,114.25,33.03,0.0,15.08,0.0,0.0
2025-01-05 13:15:00,210.32,109.76,31.9,2.01,12.84,9.81,16.62
2025-01-05 13:16:00,255.94,114.94,34.53,0.06,10.89,3.85,46.79
2025-01-05 13:17:00,215.94,119.82,25.91,1.09,15.32,0.0,0.0
2025-01-05 13:18:00,222.61,118.12,18.97,0.0,11.3,0.0,8.24
2025-01-05 13:19:00,208.85,120.98,24.35,11.09,0.0,0.1,7.64
2025-01-05 13:20:00,204.49,114.16,26.2,4.8,0.0,11.11,0.0
2025-01-05 13:21:00,240.08,120.76,27.52,12.93,20.91,5.34,6.05
2025-01-05 13:22:00,227.14,114.6,25.37,2.64,17.39,2.27,18.51
2025-01-05 13:23:00,244.34,121.26,34.8,18.53,10.6,0.0,0.0
2025-01-05 13:24:00,205.19,115.29,29.65,10.02,12.72,0.0,0.0
2025-01-05 13:25:00,191.52,118.21,32.76,0.0,8.14,6.34,2.8
2025-01-05 13:26:00,212.44,121.28,24.83,6.9,9.64,3.31,0.0
2025-01-05 13:27:00,221.27,114.6,29.09,12.71,13.82,0.0,0.0
2025-01-05 13:28:00,241.29,116.25,28.04,6.74,14.0,7.74,0.0
2025-01-05 13:29:00,211.34,120.53,18.74,17.66,13.89,8.98,0.0
2025-01-05 13:30:00,243.17,114.84,35.39,8.93,2.12,7.26,0.0
2025-01-05 13:31:00,214.89,110.09,16.24,11.66,15.79,8.0,0.0
2025-01-05 13:32:00,216.98,123.95,16.02,6.94,15.11,3.86,0.0
2025-01-05 13:33:00,193.89,113.5,22.64,2.78,14.8,3.3,0.0
2025-01-05 13:34:00,178.57,116.01,13.41,10.66,8.95,10.55,16.44
2025-01-05 13:35:00,187.51,120.0,31.21,0.1,19.65,0.0,0.0
2025-01-05 13:36:00,216.81,112.94,24.92,13.24,7.58,9.61,0.0
2025-01-05 13:37:00,201.03,111.34,18.97,12.07,13.44,5.85,13.43
2025-01-05 13:38:00,203.65,116.39,26.92,4.86,11.96,0.0,15.9
2025-01-05 13:39:00,212.93,108.2,26.74,14.1,17.19,7.7,0.0
2025-01-05 13:40:00,247.85,114.22,21.89,8.22,17.02,0.0,24.94
2025-01-05 13:41:00,269.35,116.36,22.87,8.25,1.73,7.42,30.49
2025-01-05 13:42:00,247.72,114.3,31.15,6.54,11.78,0.0,5.1
2025-01-05 13:43:00,236.56,109.2,36.35,11.5,16.88,1.22,0.0
2025-01-05 13:44:00,217.18,121.75,23.72,0.0,9.04,6.75,20.8
2025-01-05 13:45:00,248.34,115.79,26.06,10.4,22.28,11.97,18.13
2025-01-05 13:46:00,187.49,121.1,22.01,9.11,12.14,3.61,0.0
2025-01-05 13:47:00,275.32,114.34,30.25,5.04,11.67,6.21,27.47
2025-01-05 13:48:00,204.58,111.86,28.86,4.31,6.11,0.0,0.0
2025-01-05 13:49:00,230.23,116.45,25.51,11.27,4.5,0.0,0.0
2025-01-05 13:50:00,290.97,114.51,30.37,13.93,13.22,0.0,11.98
2025-01-05 13:51:00,215.52,110.67,28.56,4.01,12.03,8.61,23.44
2025-01-05 13:52:00,263.58,121.26,28.93,8.77,19.65,5.44,0.0
2025-01-05 13:53:00,246.77,112.89,24.89,2.41,19.81,0.08,22.87
2025-01-05 13:54:00,263.88,108.02,24.71,1.83,19.86,13.85,2.49
2025-01-05 13:55:00,244.34,120.69,32.25,6.53,9.41,17.16,0.0
2025-01-05 13:56:00,212.07,113.36,21.91,9.1,17.0,3.57,6.52
2025-01-05 13:57:00,228.94,112.94,26.1,1.58,23.47,1.51,7.15
2025-01-05 13:58:00,314.99,108.31,32.39,16.66,12.16,11.43,30.66
2025-01-05 13:59:00,208.32,122.34,26.95,9.49,6.71,6.46,0.0
2025-01-05 14:00:00,231.71,110.22,23.29,0.0,18.81,4.57,11.08
2025-01-05 14:01:00,240.89,115.61,27.85,8.11,10.95,8.31,21.23
2025-01-05 14:02:00,226.32,119.03,26.05,8.08,8.53,0.0,28.13
2025-01-05 14:03:00,254.39,117.06,34.16,7.59,14.43,2.57,17.2
2025-01-05 14:04:00,208.95,115.14,25.13,3.92,18.45,7.71,0.0
2025-01-05 14:05:00,228.93,108.57,23.03,6.35,9.29,0.0,14.45
2025-01-05 14:06:00,225.45,112.14,33.06,7.77,12.09,0.0,0.0
2025-01-05 14:07:00,196.4,116.13,25.84,6.3,7.98,0.0,0.0
2025-01-05 14:08:00,251.33,112.23,34.7,8.16,8.25,0.0,0.0
2025-01-05 14:09:00,204.14,116.19,24.51,8.05,17.69,10.33,10.78
2025-01-05 14:10:00,271.86,118.1,28.16,4.26,13.79,2.25,34.74
2025-01-05 14:11:00,233.04,119.23,32.09,1.78,12.64,0.0,4.64
2025-01-05 14:12:00,195.84,110.47,29.56,9.52,0.0,3.15,5.56
2025-01-05 14:13:00,220.3,124.16,24.75,10.33,21.6,3.17,0.0
2025-01-05 14:14:00,207.84,118.45,25.91,13.1,12.96,1.07,0.0
2025-01-05 14:15:00,206.9,115.37,21.71,6.33,11.46,0.0,0.0
2025-01-05 14:16:00,199.69,119.73,26.96,8.22,7.57,0.0,18.55
2025-01-05 14:17:00,305.16,124.84,39.22,11.68,9.1,8.74,36.9
2025-01-05 14:18:00,205.64,109.62,27.46,0.0,11.8,0.0,0.24
2025-01-05 14:19:00,212.48,114.48,19.78,9.23,8.69,0.0,6.45
2025-01-05 14:20:00,231.67,105.86,38.29,29.29,12.96,12.87,0.0
2025-01-05 14:21:00,230.04,116.15,31.97,16.78,8.79,4.17,0.0
2025-01-05 14:22:00,262.38,116.84,20.08,8.62,24.5,0.0,37.88
2025-01-05 14:23:00,227.16,115.22,22.58,10.75,12.17,1.81,0.0
2025-01-05 14:24:00,212.02,112.76,31.52,5.73,4.36,0.9,0.0
2025-01-05 14:25:00,206.53,107.18,28.07,12.91,15.07,2.99,5.76
2025-01-05 14:26:00,240.89,116.87,30.89,0.0,12.6,0.0,0.21
2025-01-05 14:27:00,227.58,121.2,27.36,6.71,6.31,13.0,9.48
2025-01-05 14:28:00,235.14,113.01,25.39,20.58,14.3,14.69,0.0
2025-01-05 14:29:00,215.89,117.14,26.25,11.43,6.65,10.55,0.0
2025-01-05 14:30:00,280.94,109.1,38.63,21.96,11.51,0.0,32.93
2025-01-05 14:31:00,266.29,117.2,21.46,18.92,28.7,20.44,45.43
2025-01-05 14:32:00,225.08,113.8,26.18,12.17,9.78,0.0,0.0
2025-01-05 14:33:00,255.78,112.33,31.1,22.62,17.42,9.82,12.59
2025-01-05 14:34:00,211.12,112.33,27.08,4.39,12.18,0.0,7.43
2025-01-05 14:35:00,204.07,113.8,27.02,4.49,7.57,0.0,0.0
2025-01-05 14:36:00,214.65,116.91,37.66,9.39,16.3,0.0,0.0
2025-01-05 14:37:00,220.77,110.13,27.4,0.82,16.55,0.97,8.83
2025-01-05 14:38:00,222.56,113.79,26.14,4.02,9.4,4.27,0.0
2025-01-05 14:39:00,274.97,115.21,35.27,6.26,11.98,5.36,40.77
2025-01-05 14:40:00,195.3,110.98,25.78,3.82,7.64,6.62,0.0
2025-01-05 14:41:00,222.03,122.56,27.72,0.0,10.19,0.0,0.0
2025-01-05 14:42:00,218.95,111.96,27.55,5.35,21.14,1.97,19.82
2025-01-05 14:43:00,216.21,112.7,30.34,5.42,8.31,0.0,0.0
2025-01-05 14:44:00,232.56,111.46,38.12,0.0,5.95,0.0,0.0
2025-01-05 14:45:00,221.76,122.57,23.58,0.0,16.71,4.83,0.65
2025-01-05 14:46:00,204.16,117.59,26.98,5.22,1.25,2.78,0.0
2025-01-05 14:47:00,248.52,111.63,35.05,0.0,18.36,13.91,0.0
2025-01-05 14:48:00,269.16,119.8,31.97,14.43,15.77,0.0,29.29
2025-01-05 14:49:00,226.58,116.18,26.28,7.5,7.65,0.0,19.34
2025-01-05 14:50:00,210.06,116.41,24.94,3.13,19.35,3.13,0.0
2025-01-05 14:51:00,230.04,114.0,18.19,5.71,16.36,0.0,23.42
2025-01-05 14:52:00,205.1,112.38,32.42,13.71,18.73,8.76,0.0
2025-01-05 14:53:00,247.61,116.73,32.67,15.64,12.57,7.36,15.21
2025-01-05 14:54:00,214.92,113.2,27.84,22.01,7.23,0.0,0.0
2025-01-05 14:55:00,207.99,122.64,39.47,3.49,8.9,0.0,0.0
2025-01-05 14:56:00,199.3,110.3,37.03,2.21,12.76,3.81,0.0
2025-01-05 14:57:00,229.73,121.52,27.08,5.83,16.51,2.95,10.42
2025-01-05 14:58:00,198.79,114.93,27.25,11.54,16.65,0.0,0.0
2025-01-05 14:59:00,237.98,116.57,35.28,10.89,1.2,0.0,14.53
2025-01-05 15:00:00,251.62,118.71,24.76,14.03,9.68,0.66,0.0
2025-01-05 15:01:00,239.27,112.86,35.32,11.57,11.51,6.51,0.0
2025-01-05 15:02:00,256.09,118.83,27.15,10.9,19.24,0.0,12.92
2025-01-05 15:03:00,228.76,104.55,24.62,10.04,0.0,0.0,31.2
2025-01-05 15:04:00,213.11,112.5,34.14,18.06,7.48,0.0,8.87
2025-01-05 15:05:00,221.65,111.68,30.62,0.0,5.82,7.44,28.44
2025-01-05 15:06:00,183.11,110.36,31.22,4.29,2.98,2.72,0.0
2025-01-05 15:07:00,265.08,114.52,27.21,20.58,5.11,5.5,33.51
2025-01-05 15:08:00,264.7,116.92,29.17,6.23,10.91,14.01,0.0
2025-01-05 15:09:00,203.25,118.19,32.81,5.68,17.41,0.0,5.88
2025-01-05 15:10:00,258.95,116.34,17.17,3.21,4.18,12.76,56.16
2025-01-05 15:11:00,262.19,112.71,29.86,8.52,1.22,1.15,66.57
2025-01-05 15:12:00,219.38,116.85,26.42,15.85,4.24,4.76,4.03
2025-01-05 15:13:00,188.09,115.87,21.23,2.45,8.01,0.64,9.68
2025-01-05 15:14:00,244.84,119.12,19.46,12.92,25.45,7.07,0.0
2025-01-05 15:15:00,247.49,118.48,18.77,12.28,21.99,4.25,0.0
2025-01-05 15:16:00,219.85,115.5,33.25,0.0,5.15,1.08,14.18
2025-01-05 15:17:00,223.83,111.79,36.61,0.92,10.29,0.25,0.0
2025-01-05 15:18:00,206.01,112.76,27.4,1.36,7.58,0.0,0.0
2025-01-05 15:19:00,253.4,113.18,32.03,9.55,17.51,0.0,45.52
2025-01-05 15:20:00,246.92,114.12,29.31,6.95,3.5,6.03,20.88
2025-01-05 15:21:00,218.98,116.45,27.75,3.41,11.36,1.35,32.27
2025-01-05 15:22:00,203.89,118.24,31.63,7.64,14.91,0.0,0.0
2025-01-05 15:23:00,247.96,115.17,30.69,9.44,0.0,9.86,28.95
2025-01-05 15:24:00,230.55,115.44,18.22,16.95,13.61,0.0,31.01
2025-01-05 15:25:00,232.09,115.95,27.89,11.67,8.39,1.85,0.0
2025-01-05 15:26:00,242.22,113.31,35.16,0.0,20.84,0.0,0.0
2025-01-05 15:27:00,254.05,111.67,29.98,9.94,8.13,3.1,16.35
2025-01-05 15:28:00,201.03,108.35,32.56,1.51,2.83,0.0,14.6
2025-01-05 15:29:00,205.91,112.6,27.23,9.59,7.29,0.0,8.86
2025-01-05 15:30:00,216.66,117.27,15.68,6.64,8.19,3.07,13.49
2025-01-05 15:31:00,246.48,112.56,27.38,11.15,15.33,8.8,1.84
2025-01-05 15:32:00,194.56,114.42,20.47,0.0,15.11,0.0,0.0
2025-01-05 15:33:00,225.91,117.24,34.57,0.0,8.52,2.02,12.91
2025-01-05 15:34:00,182.48,117.46,28.19,0.0,18.94,0.0,0.0
2025-01-05 15:35:00,204.82,111.06,23.54,12.91,12.79,8.25,0.0
2025-01-05 15:36:00,281.22,119.36,18.05,0.0,12.43,0.0,45.03
2025-01-05 15:37:00,215.65,119.89,26.33,0.86,6.76,2.96,16.43
2025-01-05 15:38:00,246.58,110.86,15.2,9.84,16.66,0.0,24.73
2025-01-05 15:39:00,274.24,112.08,28.69,13.83,11.35,9.42,0.0
2025-01-05 15:40:00,207.38,120.14,26.91,8.65,21.22,4.97,0.0
2025-01-05 15:41:00,233.57,114.79,26.7,10.42,12.6,0.0,0.0
2025-01-05 15:42:00,190.72,106.5,26.46,2.52,9.77,0.0,0.0
2025-01-05 15:43:00,213.18,109.78,23.54,8.14,10.18,8.3,0.0
2025-01-05 15:44:00,211.74,114.38,27.28,3.98,16.95,0.0,0.0
2025-01-05 15:45:00,222.77,110.72,29.56,13.81,11.95,2.88,0.0
2025-01-05 15:46:00,218.87,113.72,35.6,10.76,8.3,13.18,0.0
2025-01-05 15:47:00,201.72,115.51,24.83,4.37,28.98,9.44,0.0
2025-01-05 15:48:00,223.35,121.23,38.26,1.88,11.71,4.16,24.23
2025-01-05 15:49:00,258.73,114.21,34.0,13.21,7.73,0.0,7.09
2025-01-05 15:50:00,278.66,119.67,34.45,14.78,19.69,3.42,28.32
2025-01-05 15:51:00,212.46,121.09,23.82,9.19,17.18,2.16,9.48
2025-01-05 15:52:00,229.29,121.11,30.28,0.0,12.2,1.33,17.7
2025-01-05 15:53:00,229.07,116.52,29.23,4.81,8.9,9.75,0.0
2025-01-05 15:54:00,208.79,107.52,24.73,8.93,7.08,0.35,0.0
2025-01-05 15:55:00,213.59,117.22,31.88,7.07,5.66,18.69,0.0
2025-01-05 15:56:00,212.24,119.57,31.76,5.09,6.71,0.0,0.0
2025-01-05 15:57:00,238.17,115.05,25.63,7.42,11.98,0.0,24.79
2025-01-05 15:58:00,228.94,122.35,29.76,15.56,3.34,8.32,27.74
2025-01-05 15:59:00,236.75,118.82,17.76,0.0,3.17,0.84,12.2
2025-01-05 16:00:00,230.93,117.65,31.98,12.77,13.15,0.0,4.92
2025-01-05 16:01:00,264.46,119.72,29.86,8.78,17.71,0.0,42.52
2025-01-05 16:02:00,225.68,116.71,29.12,3.26,12.44,0.0,0.0
2025-01-05 16:03:00,190.09,105.4,28.4,0.0,13.13,0.0,2.69
2025-01-05 16:04:00,283.01,113.38,31.78,12.65,13.56,2.57,48.3
2025-01-05 16:05:00,218.97,120.16,28.5,10.29,5.5,2.01,0.0
2025-01-05 16:06:00,203.32,112.15,36.09,3.22,16.99,7.2,0.0
2025-01-05 16:07:00,182.54,114.48,23.57,8.44,0.09,0.0,0.0
2025-01-05 16:08:00,264.65,111.2,25.46,27.53,23.73,8.84,1.11
2025-01-05 16:09:00,255.0,122.51,36.06,11.14,17.96,2.46,6.97
2025-01-05 16:10:00,230.08,122.1,27.8,10.92,10.89,0.0,26.5
2025-01-05 16:11:00,244.46,111.84,29.92,8.58,3.17,0.0,17.84
2025-01-05 16:12:00,199.89,115.97,21.26,8.85,13.93,6.9,0.0
2025-01-05 16:13:00,170.27,112.65,26.99,6.53,7.04,0.0,0.0
2025-01-05 16:14:00,224.16,117.84,23.16,12.17,16.62,0.0,0.0
2025-01-05 16:15:00,249.36,117.41,22.21,16.35,15.85,0.97,15.72
2025-01-05 16:16:00,232.18,118.62,35.08,7.68,16.61,0.0,0.0
2025-01-05 16:17:00,272.88,116.7,33.13,14.75,8.12,0.0,29.82
2025-01-05 16:18:00,253.54,127.12,17.8,0.0,7.91,4.14,0.0
2025-01-05 16:19:00,214.14,111.26,26.78,12.32,11.51,1.94,0.0
2025-01-05 16:20:00,200.75,108.53,38.07,0.0,0.0,0.0,0.0
2025-01-05 16:21:00,257.72,113.8,28.3,14.32,9.41,0.0,17.43
2025-01-05 16:22:00,238.52,109.1,25.14,5.78,6.68,7.82,20.46
2025-01-05 16:23:00,182.44,109.41,14.98,0.0,7.88,1.67,0.0
2025-01-05 16:24:00,196.61,111.37,34.69,11.42,10.42,0.0,15.03
2025-01-05 16:25:00,226.77,111.69,29.51,8.48,5.43,0.0,0.0
2025-01-05 16:26:00,160.57,111.56,17.52,0.0,8.13,0.0,0.0
2025-01-05 16:27:00,249.61,117.45,26.04,13.47,10.29,5.94,23.98
2025-01-05 16:28:00,266.97,113.35,33.55,9.63,7.06,9.1,0.0
2025-01-05 16:29:00,222.33,114.66,27.49,7.54,3.76,0.0,16.52
2025-01-05 16:30:00,211.76,118.95,32.54,8.84,9.14,0.0,0.0
2025-01-05 16:31:00,192.62,112.31,29.49,0.58,4.53,0.0,3.07
2025-01-05 16:32:00,202.05,114.32,21.84,12.54,3.12,6.23,17.3
2025-01-05 16:33:00,188.88,116.84,21.35,3.28,11.56,0.31,0.0
2025-01-05 16:34:00,233.2,107.61,22.79,11.83,15.43,8.9,32.22
2025-01-05 16:35:00,251.75,105.84,26.65,21.19,19.58,0.0,0.0
2025-01-05 16:36:00,262.15,116.76,37.02,7.51,14.16,3.57,0.0
2025-01-05 16:37:00,205.78,117.34,37.06,8.72,12.26,2.04,0.0
2025-01-05 16:38:00,225.98,123.63,24.59,0.0,15.02,4.98,0.0
2025-01-05 16:39:00,258.7,116.01,32.57,7.51,21.09,1.52,4.87
2025-01-05 16:40:00,228.97,118.66,35.89,2.71,15.98,7.08,0.19
2025-01-05 16:41:00,263.68,114.59,30.34,8.49,0.0,10.64,0.0
2025-01-05 16:42:00,211.24,116.56,28.74,0.0,26.66,0.4,26.54
2025-01-05 16:43:00,264.55,122.05,28.18,4.72,12.25,0.0,23.19
2025-01-05 16:44:00,239.56,106.88,24.84,7.47,16.94,2.18,15.77
2025-01-05 16:45:00,265.36,117.03,22.95,13.47,24.56,8.48,34.17
2025-01-05 16:46:00,203.78,123.92,25.11,9.21,3.86,1.4,0.0
2025-01-05 16:47:00,268.75,116.5,30.18,0.0,14.86,1.52,62.96
2025-01-05 16:48:00,297.16,121.98,34.67,10.95,12.82,8.19,57.02
2025-01-05 16:49:00,236.46,112.86,18.54,7.16,7.61,4.44,7.84
2025-01-05 16:50:00,213.76,115.25,29.44,7.13,11.25,6.39,0.0
2025-01-05 16:51:00,263.77,115.51,23.75,13.18,15.13,4.37,9.73
2025-01-05 16:52:00,219.76,106.51,27.6,3.27,17.73,2.81,0.0
2025-01-05 16:53:00,192.26,110.7,17.53,1.95,16.85,0.0,0.0
2025-01-05 16:54:00,193.28,110.99,26.95,15.73,8.61,8.29,0.0
2025-01-05 16:55:00,163.02,118.66,29.0,16.02,15.75,0.0,0.0
2025-01-05 16:56:00,233.07,118.86,29.19,4.49,6.84,7.51,0.0
2025-01-05 16:57:00,231.62,116.67,32.48,2.04,13.62,8.38,6.59
2025-01-05 16:58:00,191.97,118.67,30.34,6.28,16.84,2.25,0.0
2025-01-05 16:59:00,227.77,114.72,28.25,2.29,1.71,7.75,0.0
2025-01-05 17:00:00,233.66,120.18,29.02,8.8,0.0,0.0,0.0
2025-01-05 17:01:00,233.33,115.41,23.58,6.82,3.49,7.78,40.19
2025-01-05 17:02:00,203.82,115.61,25.85,11.67,0.0,0.0,26.77
2025-01-05 17:03:00,270.61,114.31,29.4,3.15,3.56,0.0,37.74
2025-01-05 17:04:00,229.78,118.11,29.44,3.92,0.0,5.98,31.2
2025-01-05 17:05:00,191.84,113.69,26.23,7.15,0.96,4.64,0.0
2025-01-05 17:06:00,208.13,119.28,32.4,9.26,5.04,0.0,4.6
2025-01-05 17:07:00,219.88,110.85,29.68,0.62,7.67,7.56,18.96
2025-01-05 17:08:00,207.4,110.98,19.21,3.1,7.41,10.58,0.0
2025-01-05 17:09:00,208.6,118.13,32.36,12.69,1.05,5.09,0.0
2025-01-05 17:10:00,182.13,115.02,30.16,0.0,0.0,0.96,0.0
2025-01-05 17:11:00,206.93,113.56,18.56,4.53,15.86,0.0,1.07
2025-01-05 17:12:00,190.94,118.94,32.03,5.92,0.0,3.43,0.0
2025-01-05 17:13:00,176.29,112.95,19.65,0.0,0.0,3.67,0.0
2025-01-05 17:14:00,229.53,114.58,29.11,3.8,0.31,4.23,25.68
2025-01-05 17:15:00,212.81,120.97,16.54,3.73,0.01,3.52,0.0
2025-01-05 17:16:00,192.88,121.53,21.12,3.84,3.66,7.41,0.0
2025-01-05 17:17:00,227.56,121.67,22.73,3.71,6.51,2.13,9.32
2025-01-05 17:18:00,236.85,114.25,15.35,8.56,11.01,2.16,22.2
2025-01-05 17:19:00,247.64,120.3,35.86,0.82,10.08,0.0,3.8
2025-01-05 17:20:00,222.38,111.58,30.59,7.28,0.0,1.81,0.0
2025-01-05 17:21:00,224.51,111.75,27.51,15.13,0.0,0.0,0.0
2025-01-05 17:22:00,220.32,105.97,30.9,10.75,0.0,1.26,0.0
2025-01-05 17:23:00,274.5,122.07,22.22,10.13,0.0,11.2,49.77
2025-01-05 17:24:00,939.38,111.92,22.01,5.0,3.94,8.95,0.0
2025-01-05 17:25:00,168.56,114.87,15.13,8.74,1.42,5.13,9.64
2025-01-05 17:26:00,200.71,111.73,19.72,11.26,10.51,12.23,0.0
2025-01-05 17:27:00,161.83,118.16,28.39,2.57,0.0,1.44,0.0
2025-01-05 17:28:00,187.9,113.87,30.07,6.74,0.0,0.0,0.0
2025-01-05 17:29:00,206.73,110.16,16.89,11.67,6.96,0.0,0.89
2025-01-05 17:30:00,252.25,117.14,23.4,8.17,0.0,0.0,20.33
2025-01-05 17:31:00,201.89,109.64,31.72,7.8,2.4,0.0,2.35
2025-01-05 17:32:00,195.52,112.03,24.17,15.3,2.1,0.0,0.0
2025-01-05 17:33:00,214.83,106.95,26.9,4.02,0.0,12.67,0.0
2025-01-05 17:34:00,186.23,109.68,24.04,10.37,8.36,0.0,0.0
2025-01-05 17:35:00,192.23,116.09,26.25,10.05,2.44,3.98,0.0
2025-01-05 17:36:00,147.52,107.52,20.55,0.68,8.93,0.0,0.0
2025-01-05 17:37:00,220.5,109.45,34.8,15.53,1.63,0.0,0.0
2025-01-05 17:38:00,188.04,115.37,23.71,17.21,13.15,3.22,0.43
2025-01-05 17:39:00,217.14,113.2,22.82,0.0,0.0,0.21,12.74
2025-01-05 17:40:00,204.69,123.34,31.92,4.26,0.0,1.54,0.0
2025-01-05 17:41:00,227.43,122.71,26.07,7.49,4.93,6.89,0.0
2025-01-05 17:42:00,189.69,111.9,25.55,5.91,6.66,5.23,3.65
2025-01-05 17:43:00,228.67,117.6,24.06,11.4,0.33,1.54,22.84
2025-01-05 17:44:00,208.18,118.37,32.68,5.15,0.54,5.01,0.0
2025-01-05 17:45:00,218.59,112.99,22.93,13.09,0.0,3.63,2.84
2025-01-05 17:46:00,208.73,109.39,16.56,4.3,2.53,0.0,10.44
2025-01-05 17:47:00,228.47,115.33,25.22,11.44,0.0,3.36,25.25
2025-01-05 17:48:00,225.22,114.68,27.75,0.0,0.0,7.61,19.03
2025-01-05 17:49:00,196.37,113.63,33.13,0.98,0.0,2.36,12.24
2025-01-05 17:50:00,216.4,117.15,29.3,5.12,8.18,0.0,18.4
2025-01-05 17:51:00,336.78,112.37,30.35,13.08,7.84,0.0,103.1
2025-01-05 17:52:00,197.36,110.77,33.71,5.21,6.16,0.0,1.66
2025-01-05 17:53:00,227.8,115.81,17.16,8.44,7.24,1.29,0.0
2025-01-05 17:54:00,217.43,116.92,30.48,10.52,7.65,7.63,0.0
2025-01-05 17:55:00,231.85,110.67,39.06,8.67,0.0,5.0,0.0
2025-01-05 17:56:00,196.88,119.09,24.7,3.99,0.0,0.0,5.01
2025-01-05 17:57:00,209.62,108.29,22.71,0.0,4.68,2.99,16.33
2025-01-05 17:58:00,276.04,113.06,32.06,8.67,6.42,6.23,40.81
2025-01-05 17:59:00,160.49,114.34,17.43,0.0,0.0,0.0,0.0
2025-01-05 18:00:00,232.25,112.83,24.39,38.46,7.6,1.23,0.0
2025-01-05 18:01:00,247.32,113.12,39.53,39.09,0.66,1.73,21.43
2025-01-05 18:02:00,263.65,122.86,30.06,28.75,4.14,5.42,29.4
2025-01-05 18:03:00,284.44,111.97,20.88,45.94,7.46,0.0,32.07
2025-01-05 18:04:00,239.51,125.14,28.57,46.26,0.0,6.13,0.0
2025-01-05 18:05:00,201.1,117.12,30.48,38.91,1.44,0.0,0.0
2025-01-05 18:06:00,295.93,115.74,34.46,33.98,3.85,4.04,56.0
2025-01-05 18:07:00,209.92,117.28,28.15,32.44,0.0,0.99,1.88
2025-01-05 18:08:00,223.67,125.5,26.92,41.01,5.64,0.0,0.0
2025-01-05 18:09:00,279.16,111.4,33.74,36.17,5.39,0.0,43.28
2025-01-05 18:10:00,258.15,110.89,25.21,34.86,8.52,10.08,22.91
2025-01-05 18:11:00,220.09,112.36,32.3,28.78,4.74,2.17,0.0
2025-01-05 18:12:00,212.96,115.5,26.98,26.41,0.0,14.31,0.0
2025-01-05 18:13:00,247.01,108.47,35.78,39.17,0.35,0.0,0.0
2025-01-05 18:14:00,245.68,115.47,27.82,39.35,0.0,0.0,0.0
2025-01-05 18:15:00,292.84,122.15,33.13,27.37,2.51,11.44,35.84
2025-01-05 18:16:00,244.34,115.98,26.71,29.32,0.0,2.78,50.97
2025-01-05 18:17:00,162.49,114.21,17.81,12.61,0.11,2.79,0.0
2025-01-05 18:18:00,210.09,112.9,24.34,35.42,12.67,0.0,0.0
2025-01-05 18:19:00,286.28,118.97,35.2,28.45,10.19,0.0,1.9
2025-01-05 18:20:00,238.42,112.07,32.78,35.61,0.0,5.79,0.0
2025-01-05 18:21:00,254.09,122.76,33.56,30.6,0.0,0.67,0.0
2025-01-05 18:22:00,231.62,123.11,20.36,30.91,0.0,7.4,0.0
2025-01-05 18:23:00,262.17,116.4,30.14,30.26,3.87,0.41,1.57
2025-01-05 18:24:00,238.61,115.33,29.0,44.36,2.15,0.0,0.0
2025-01-05 18:25:00,170.13,119.5,24.85,34.81,0.0,0.0,0.0
2025-01-05 18:26:00,243.7,119.76,29.26,37.75,2.15,0.0,7.29
2025-01-05 18:27:00,223.94,112.15,13.99,29.15,1.92,0.0,8.9
2025-01-05 18:28:00,243.25,113.27,27.53,31.28,0.0,0.12,12.12
2025-01-05 18:29:00,188.63,110.09,27.05,34.62,0.0,4.61,0.0
2025-01-05 18:30:00,252.82,117.01,32.03,30.14,5.79,5.92,0.0
2025-01-05 18:31:00,233.99,118.04,31.94,32.74,3.98,0.0,0.0
2025-01-05 18:32:00,209.8,109.98,28.39,28.33,9.63,0.0,0.0
2025-01-05 18:33:00,263.19,113.56,30.73,39.0,0.0,1.46,6.21
2025-01-05 18:34:00,224.88,109.99,28.89,36.14,0.86,0.0,0.0
2025-01-05 18:35:00,216.8,111.78,27.56,27.91,10.01,2.08,0.0
2025-01-05 18:36:00,236.91,117.58,28.12,34.92,0.0,1.07,0.0
2025-01-05 18:37:00,211.25,112.44,20.84,32.3,0.0,0.0,37.85
2025-01-05 18:38:00,229.92,114.17,26.14,25.25,4.41,0.0,0.0
2025-01-05 18:39:00,271.9,108.87,28.25,41.62,0.0,1.41,19.5
2025-01-05 18:40:00,240.73,116.12,34.75,50.46,0.0,0.0,0.0
2025-01-05 18:41:00,238.02,115.2,36.62,30.66,4.61,11.09,0.0
2025-01-05 18:42:00,211.23,112.46,30.26,38.39,5.93,0.0,0.0
2025-01-05 18:43:00,219.19,114.62,32.03,27.66,5.93,5.15,0.0
2025-01-05 18:44:00,248.02,116.1,28.7,41.34,0.0,6.8,0.0
2025-01-05 18:45:00,211.26,112.12,22.08,33.84,0.0,0.0,9.01
2025-01-05 18:46:00,226.19,109.47,25.17,26.6,0.27,1.28,4.05
2025-01-05 18:47:00,306.02,122.6,34.75,36.63,12.24,0.0,17.15
2025-01-05 18:48:00,233.02,112.84,25.11,29.19,0.0,4.46,14.4
2025-01-05 18:49:00,235.39,114.99,18.44,31.52,7.26,0.0,0.0
2025-01-05 18:50:00,309.7,119.42,31.8,34.67,9.95,3.56,11.87
2025-01-05 18:51:00,250.62,129.49,33.38,34.34,3.08,11.92,0.0
2025-01-05 18:52:00,254.16,110.4,32.38,39.71,11.44,3.15,0.0
2025-01-05 18:53:00,224.45,117.18,22.28,34.12,0.0,7.34,2.83
2025-01-05 18:54:00,224.66,112.55,33.61,31.42,0.0,5.96,0.0
2025-01-05 18:55:00,265.05,113.22,38.16,36.83,0.0,0.0,0.0
2025-01-05 18:56:00,233.98,112.5,30.8,38.17,3.11,0.0,0.0
2025-01-05 18:57:00,234.1,110.87,25.47,34.32,0.0,0.37,0.0
2025-01-05 18:58:00,248.87,115.21,24.72,35.98,0.0,0.0,0.0
2025-01-05 18:59:00,282.05,109.48,32.77,37.03,9.54,0.0,0.98
2025-01-05 19:00:00,274.41,119.16,30.03,37.09,29.72,9.67,0.72
2025-01-05 19:01:00,311.93,115.6,34.69,50.03,37.08,5.8,20.29
2025-01-05 19:02:00,301.05,117.07,25.15,27.3,36.43,6.37,21.88
2025-01-05 19:03:00,308.34,113.51,21.95,42.16,52.9,20.77,0.0
2025-01-05 19:04:00,346.16,113.91,31.77,43.07,55.72,16.01,38.84
2025-01-05 19:05:00,291.63,116.53,30.69,34.03,52.61,11.97,0.0
2025-01-05 19:06:00,320.3,110.72,34.92,31.07,30.09,11.72,38.43
2025-01-05 19:07:00,319.77,113.94,38.51,41.11,47.08,15.28,14.61
2025-01-05 19:08:00,297.21,111.94,34.26,33.5,45.0,11.37,0.0
2025-01-05 19:09:00,287.67,111.81,30.67,25.06,32.86,6.63,12.23
2025-01-05 19:10:00,281.49,106.94,21.71,27.06,56.75,19.72,0.0
2025-01-05 19:11:00,278.09,120.73,30.72,20.63,42.75,17.57,5.8
2025-01-05 19:12:00,276.58,112.63,25.44,31.05,48.5,6.16,0.0
2025-01-05 19:13:00,293.72,120.03,34.51,39.01,51.66,12.39,0.0
2025-01-05 19:14:00,275.28,119.65,29.52,32.7,39.16,22.88,0.0
2025-01-05 19:15:00,279.32,110.23,33.57,46.22,46.37,19.03,0.0
2025-01-05 19:16:00,313.48,111.02,22.67,30.72,48.0,18.45,18.22
2025-01-05 19:17:00,277.64,125.62,24.55,29.89,33.07,8.14,0.0
2025-01-05 19:18:00,331.07,122.38,31.99,41.98,41.91,9.25,0.0
2025-01-05 19:19:00,324.37,115.25,23.15,36.11,53.54,1.04,7.85
2025-01-05 19:20:00,355.73,116.41,29.68,34.82,44.24,8.92,32.65
2025-01-05 19:21:00,291.1,112.85,27.64,34.8,35.86,2.79,0.0
2025-01-05 19:22:00,268.62,117.11,23.72,29.93,35.38,6.41,0.0
2025-01-05 19:23:00,318.76,112.51,21.19,31.69,47.48,9.85,29.93
2025-01-05 19:24:00,253.58,107.25,20.04,31.03,43.14,13.5,0.0
2025-01-05 19:25:00,256.74,110.09,24.04,47.96,41.23,6.13,0.0
2025-01-05 19:26:00,296.11,115.46,33.03,40.09,44.14,15.59,0.0
2025-01-05 19:27:00,331.23,110.85,34.87,44.08,45.05,7.83,45.48
2025-01-05 19:28:00,279.82,115.11,21.05,28.97,50.56,7.25,0.0
2025-01-05 19:29:00,276.98,111.08,27.42,32.77,47.78,16.4,12.07
2025-01-05 19:30:00,229.95,112.25,24.6,25.21,38.4,9.58,10.94
2025-01-05 19:31:00,302.8,118.79,22.19,27.84,47.68,3.86,1.07
2025-01-05 19:32:00,286.04,116.37,27.54,27.76,44.02,12.88,24.2
2025-01-05 19:33:00,306.91,115.34,26.66,25.16,39.06,24.92,0.0
2025-01-05 19:34:00,334.54,118.89,22.01,42.21,45.77,13.71,0.0
2025-01-05 19:35:00,265.46,117.3,27.5,28.02,34.19,17.05,0.0
2025-01-05 19:36:00,287.21,121.16,34.21,40.24,30.93,4.18,0.0
2025-01-05 19:37:00,297.08,113.54,27.87,38.4,42.57,15.38,0.0
2025-01-05 19:38:00,269.09,113.66,28.43,26.87,41.2,10.77,0.0
2025-01-05 19:39:00,277.44,110.17,23.1,33.34,34.59,9.06,0.0
2025-01-05 19:40:00,268.81,113.66,32.62,37.48,41.91,11.42,8.98
2025-01-05 19:41:00,254.64,119.24,20.94,27.24,35.81,0.0,25.58
2025-01-05 19:42:00,264.12,120.58,30.08,16.5,46.98,4.51,2.9
2025-01-05 19:43:00,279.73,119.22,22.12,28.0,44.79,15.17,0.0
2025-01-05 19:44:00,264.95,108.2,23.97,28.71,40.37,5.66,4.98
2025-01-05 19:45:00,289.4,119.71,25.87,42.26,41.18,12.5,0.0
2025-01-05 19:46:00,299.65,108.02,19.47,31.85,39.11,11.53,6.24
2025-01-05 19:47:00,276.25,118.97,32.23,30.98,34.95,21.54,0.0
2025-01-05 19:48:00,293.25,113.9,20.07,31.75,55.64,16.12,8.37
2025-01-05 19:49:00,304.54,118.19,22.11,43.22,40.74,10.33,0.0
2025-01-05 19:50:00,275.49,110.05,24.43,34.34,39.01,8.82,0.0
2025-01-05 19:51:00,266.95,120.06,27.02,33.2,48.48,19.1,0.0
2025-01-05 19:52:00,298.07,109.52,23.9,42.79,44.95,10.92,18.02
2025-01-05 19:53:00,315.34,112.7,30.27,43.26,45.39,12.9,46.14
2025-01-05 19:54:00,303.76,111.38,26.27,47.92,45.65,20.15,0.0
2025-01-05 19:55:00,252.1,108.36,23.98,35.16,40.44,11.92,6.57
2025-01-05 19:56:00,323.38,115.75,20.47,30.02,50.63,10.25,32.56
2025-01-05 19:57:00,232.3,122.6,21.41,27.54,34.2,7.05,0.0
2025-01-05 19:58:00,297.11,126.04,23.02,41.06,33.87,14.78,9.48
2025-01-05 19:59:00,300.09,115.76,27.52,36.16,44.69,10.62,22.62
2025-01-05 20:00:00,323.24,119.84,26.01,28.71,41.9,22.63,11.45
2025-01-05 20:01:00,318.89,116.3,36.03,32.59,51.22,13.6,21.52
2025-01-05 20:02:00,289.74,117.37,24.83,37.4,37.29,7.03,22.47
2025-01-05 20:03:00,356.41,114.01,30.93,33.69,40.77,16.48,10.61
2025-01-05 20:04:00,309.98,116.16,34.51,40.79,38.87,14.37,0.0
2025-01-05 20:05:00,271.46,117.53,25.67,40.59,37.77,13.19,0.0
2025-01-05 20:06:00,247.39,113.06,24.86,35.47,43.35,19.12,0.0
2025-01-05 20:07:00,299.97,115.07,28.9,27.23,34.3,4.73,29.97
2025-01-05 20:08:00,311.99,115.14,27.55,37.06,42.34,5.64,41.4
2025-01-05 20:09:00,322.87,118.68,29.94,15.06,39.32,9.65,0.0
2025-01-05 20:10:00,314.39,111.11,24.47,31.44,47.7,14.51,11.7
2025-01-05 20:11:00,276.29,115.17,31.08,28.4,41.96,6.25,1.23
2025-01-05 20:12:00,283.5,123.02,31.08,30.32,36.73,14.67,2.58
2025-01-05 20:13:00,324.52,120.03,30.9,33.78,50.61,14.74,15.69
2025-01-05 20:14:00,289.44,120.77,27.16,39.91,46.7,11.0,0.0
2025-01-05 20:15:00,303.75,115.47,30.39,33.9,41.0,10.64,14.01
2025-01-05 20:16:00,241.15,116.66,28.79,37.94,36.03,5.91,0.0
2025-01-05 20:17:00,274.76,119.39,29.46,35.22,40.21,20.73,0.0
2025-01-05 20:18:00,279.55,121.62,26.57,35.56,41.54,13.51,1.87
2025-01-05 20:19:00,258.87,107.57,25.61,30.6,36.08,12.58,22.48
2025-01-05 20:20:00,283.55,110.11,23.64,39.61,39.33,10.63,23.81
2025-01-05 20:21:00,312.89,120.61,38.96,37.3,50.11,15.74,0.52
2025-01-05 20:22:00,320.06,114.27,29.78,39.58,39.03,27.97,0.0
2025-01-05 20:23:00,250.42,112.69,30.81,27.93,42.94,5.9,0.0
2025-01-05 20:24:00,317.04,110.36,30.26,36.99,42.86,17.38,33.68
2025-01-05 20:25:00,269.87,113.16,32.75,35.02,36.61,3.53,10.22
2025-01-05 20:26:00,316.03,109.77,26.37,32.71,39.96,21.02,2.28
2025-01-05 20:27:00,280.44,123.74,24.19,35.45,44.07,16.09,0.0
2025-01-05 20:28:00,310.82,115.29,23.13,32.55,47.48,19.58,0.0
2025-01-05 20:29:00,333.35,115.14,34.0,29.35,39.55,13.26,11.03
2025-01-05 20:30:00,272.0,117.73,30.63,38.23,43.96,15.82,7.28
2025-01-05 20:31:00,344.43,119.23,24.96,28.35,46.09,17.96,23.65
2025-01-05 20:32:00,266.81,119.16,29.33,33.21,40.2,4.39,2.86
2025-01-05 20:33:00,316.68,119.67,26.4,39.09,39.2,3.39,26.72
2025-01-05 20:34:00,291.53,112.85,23.74,32.26,46.2,10.73,0.0
2025-01-05 20:35:00,259.27,114.18,27.09,31.77,40.81,18.89,0.0
2025-01-05 20:36:00,324.57,118.45,30.32,32.22,48.35,11.76,22.53
2025-01-05 20:37:00,267.64,113.27,18.33,32.51,39.59,9.23,0.0
2025-01-05 20:38:00,301.19,115.36,29.72,33.08,39.42,19.14,0.0
2025-01-05 20:39:00,273.42,116.97,22.78,35.07,46.22,13.31,41.36
2025-01-05 20:40:00,277.19,118.52,22.06,32.82,53.66,3.95,17.62
2025-01-05 20:41:00,278.82,108.27,36.44,40.4,29.31,9.77,0.0
2025-01-05 20:42:00,251.61,118.24,27.06,37.4,46.14,14.3,0.0
2025-01-05 20:43:00,322.85,114.44,21.58,38.83,43.92,16.29,0.0
2025-01-05 20:44:00,314.04,118.21,29.8,37.65,42.83,12.69,10.21
2025-01-05 20:45:00,347.21,118.48,32.8,37.21,44.24,18.83,0.0
2025-01-05 20:46:00,263.91,121.81,23.26,43.09,27.83,14.59,0.0
2025-01-05 20:47:00,353.67,120.79,32.79,43.41,45.77,13.7,23.83
2025-01-05 20:48:00,266.47,120.76,23.81,35.33,39.86,10.67,0.0
2025-01-05 20:49:00,342.97,121.15,28.61,21.58,45.56,18.59,37.26
2025-01-05 20:50:00,290.27,116.54,32.02,24.17,41.27,25.52,17.96
2025-01-05 20:51:00,273.82,115.5,25.13,39.69,37.94,17.14,19.72
2025-01-05 20:52:00,294.4,118.87,30.79,33.36,44.4,13.63,0.0
2025-01-05 20:53:00,290.0,118.3,28.87,32.61,46.05,6.28,1.6
2025-01-05 20:54:00,276.98,114.14,26.8,36.17,38.25,8.09,0.0
2025-01-05 20:55:00,329.3,117.0,32.48,38.92,27.97,9.98,39.33
2025-01-05 20:56:00,274.76,115.24,24.26,43.1,22.59,13.84,0.0
2025-01-05 20:57:00,332.54,111.96,37.44,37.78,37.14,13.5,31.56
2025-01-05 20:58:00,278.9,120.54,30.04,34.58,36.82,12.38,0.0
2025-01-05 20:59:00,256.72,115.6,21.47,42.75,51.13,13.21,0.0
2025-01-05 21:00:00,224.63,123.57,18.8,25.66,40.49,11.63,0.0
2025-01-05 21:01:00,275.29,108.87,31.92,29.74,44.6,10.53,6.8
2025-01-05 21:02:00,302.3,113.15,27.13,30.28,43.19,8.86,0.0
2025-01-05 21:03:00,274.03,115.51,25.72,33.16,45.27,8.0,0.0
2025-01-05 21:04:00,302.81,119.93,24.27,42.79,47.77,4.67,22.15
2025-01-05 21:05:00,317.79,116.97,24.25,38.69,53.71,12.25,21.88
2025-01-05 21:06:00,274.14,116.62,26.2,33.53,45.63,6.56,5.49
2025-01-05 21:07:00,284.26,110.87,28.26,21.49,33.42,16.0,5.57
2025-01-05 21:08:00,309.1,110.75,23.68,35.94,35.34,12.16,20.62
2025-01-05 21:09:00,280.9,116.67,34.89,33.81,41.06,8.96,0.0
2025-01-05 21:10:00,338.23,109.92,33.27,34.89,47.1,15.78,41.21
2025-01-05 21:11:00,303.63,113.25,36.12,45.98,43.41,15.89,12.05
2025-01-05 21:12:00,311.77,117.38,30.54,35.53,28.43,15.11,17.41
2025-01-05 21:13:00,265.29,111.45,29.15,28.37,38.29,6.88,0.0
2025-01-05 21:14:00,326.38,121.8,32.19,13.73,42.93,21.42,0.0
2025-01-05 21:15:00,287.13,120.27,30.93,32.07,34.05,10.69,0.0
2025-01-05 21:16:00,266.36,109.09,25.5,23.77,47.27,6.67,0.0
2025-01-05 21:17:00,276.83,111.65,32.15,21.31,42.87,4.46,9.28
2025-01-05 21:18:00,315.33,106.23,23.8,48.78,36.32,12.91,3.63
2025-01-05 21:19:00,301.97,112.25,39.62,33.99,41.3,0.0,0.0
2025-01-05 21:20:00,286.5,118.44,25.55,32.77,34.35,15.48,12.58
2025-01-05 21:21:00,280.75,113.72,30.36,38.87,40.4,14.73,0.0
2025-01-05 21:22:00,289.01,117.22,34.38,33.66,39.07,1.83,4.84
2025-01-05 21:23:00,255.26,109.29,24.87,42.63,37.19,18.22,13.2
2025-01-05 21:24:00,267.0,118.57,25.0,31.6,31.29,7.12,2.79
2025-01-05 21:25:00,317.83,113.16,35.71,39.64,42.65,17.01,4.21
2025-01-05 21:26:00,316.79,115.42,20.49,48.52,42.38,11.52,21.33
2025-01-05 21:27:00,291.88,115.0,30.55,33.6,46.21,4.2,11.19
2025-01-05 21:28:00,327.36,110.29,27.77,44.69,51.08,14.72,39.93
2025-01-05 21:29:00,278.97,110.76,24.75,25.02,39.42,13.58,0.0
2025-01-05 21:30:00,292.87,119.25,24.98,33.27,36.68,14.07,10.69
2025-01-05 21:31:00,1252.78,116.97,20.45,33.33,37.62,0.57,45.71
2025-01-05 21:32:00,310.91,119.58,28.52,29.48,51.12,1.18,29.5
2025-01-05 21:33:00,308.83,116.67,30.78,38.29,47.97,6.79,14.09
2025-01-05 21:34:00,257.82,115.95,24.73,15.59,29.08,16.17,0.0
2025-01-05 21:35:00,291.23,108.47,28.66,29.24,47.08,7.76,0.0
2025-01-05 21:36:00,299.45,114.29,19.39,39.94,50.15,7.63,0.0
2025-01-05 21:37:00,276.38,115.27,28.96,43.28,48.04,5.64,4.71
2025-01-05 21:38:00,371.21,123.19,31.5,38.49,46.47,4.9,50.36
2025-01-05 21:39:00,269.85,118.12,23.43,49.39,37.07,7.87,0.0
2025-01-05 21:40:00,325.5,121.52,27.42,35.69,37.66,13.34,5.99
2025-01-05 21:41:00,337.5,117.77,34.14,46.93,36.34,19.11,9.66
2025-01-05 21:42:00,266.45,112.53,33.01,30.14,49.19,22.58,4.85
2025-01-05 21:43:00,310.78,115.84,19.73,37.25,37.86,2.07,38.84
2025-01-05 21:44:00,296.5,116.32,31.65,37.6,38.81,15.9,0.0
2025-01-05 21:45:00,301.11,111.62,19.04,33.79,37.79,2.36,32.76
2025-01-05 21:46:00,264.33,113.84,28.47,38.13,40.91,17.85,0.0
2025-01-05 21:47:00,266.64,114.55,26.93,37.62,35.67,12.06,0.0
2025-01-05 21:48:00,337.42,121.8,35.59,25.83,42.99,3.78,39.72
2025-01-05 21:49:00,295.87,107.05,35.48,30.91,32.84,10.54,0.0
2025-01-05 21:50:00,292.46,120.2,33.21,40.25,33.47,8.66,0.0
2025-01-05 21:51:00,256.38,111.63,24.32,45.08,41.27,18.41,0.0
2025-01-05 21:52:00,251.63,109.89,26.45,34.49,37.93,6.5,0.0
2025-01-05 21:53:00,296.17,120.1,25.91,33.44,40.65,3.56,20.92
2025-01-05 21:54:00,310.48,118.3,30.6,49.51,49.78,9.52,11.55
2025-01-05 21:55:00,274.69,120.39,25.38,33.86,34.53,10.55,0.0
2025-01-05 21:56:00,275.19,118.58,29.47,31.13,41.36,0.0,19.11
2025-01-05 21:57:00,315.42,123.62,33.13,37.91,32.35,12.85,0.0
2025-01-05 21:58:00,303.32,117.61,31.54,32.8,37.84,13.19,11.33
2025-01-05 21:59:00,241.56,114.75,24.52,42.66,28.3,0.0,1.21
2025-01-05 22:00:00,301.77,116.75,28.0,32.58,38.35,15.88,11.44
2025-01-05 22:01:00,278.94,120.35,25.03,29.54,46.16,5.2,29.07
2025-01-05 22:02:00,300.01,112.26,25.84,39.59,44.86,17.99,0.0
2025-01-05 22:03:00,297.66,112.77,20.63,38.99,34.74,11.94,18.95
2025-01-05 22:04:00,308.48,114.14,24.5,37.82,40.6,8.91,0.0
2025-01-05 22:05:00,271.57,106.96,26.29,35.61,41.89,15.3,0.0
2025-01-05 22:06:00,239.24,115.93,22.89,21.42,39.73,9.06,0.0
2025-01-05 22:07:00,280.82,107.83,35.92,32.21,39.67,15.74,0.0
2025-01-05 22:08:00,277.17,115.59,24.98,48.56,44.44,9.9,0.0
2025-01-05 22:09:00,313.55,118.84,32.2,31.14,50.21,13.47,0.71
2025-01-05 22:10:00,288.37,113.47,23.31,38.26,42.99,6.79,0.0
2025-01-05 22:11:00,320.53,122.08,28.07,43.4,45.05,16.99,33.71
2025-01-05 22:12:00,268.22,109.53,27.27,28.45,49.77,11.36,0.0
2025-01-05 22:13:00,304.47,120.14,28.72,37.75,33.82,13.86,12.23
2025-01-05 22:14:00,354.9,118.08,38.41,23.8,47.85,19.67,30.36
2025-01-05 22:15:00,374.41,108.51,31.01,40.96,44.75,0.71,52.47
2025-01-05 22:16:00,289.27,126.22,27.36,43.67,44.89,5.11,0.0
2025-01-05 22:17:00,313.58,115.12,26.41,41.79,44.64,0.0,0.68
2025-01-05 22:18:00,288.32,111.87,28.73,29.86,45.05,15.93,0.0
2025-01-05 22:19:00,294.57,109.75,24.29,22.68,43.11,11.96,0.0
2025-01-05 22:20:00,299.28,114.5,32.6,41.82,42.85,9.79,14.33
2025-01-05 22:21:00,318.52,114.87,26.87,37.45,46.83,16.41,15.71
2025-01-05 22:22:00,323.71,115.79,27.86,35.29,43.26,6.85,28.79
2025-01-05 22:23:00,282.16,114.18,24.89,40.75,39.14,22.28,0.0
2025-01-05 22:24:00,297.44,117.91,29.43,42.26,42.43,14.72,0.0
2025-01-05 22:25:00,310.27,113.83,25.26,27.97,46.82,10.34,0.0
2025-01-05 22:26:00,311.1,107.64,22.61,34.67,51.5,19.5,41.9
2025-01-05 22:27:00,285.95,114.78,26.66,36.85,36.97,22.54,0.0
2025-01-05 22:28:00,282.09,105.91,30.0,34.18,48.6,6.63,28.02
2025-01-05 22:29:00,294.6,116.79,15.45,39.53,43.76,17.22,35.69
2025-01-05 22:30:00,296.32,111.46,36.21,42.98,46.16,13.4,0.02
2025-01-05 22:31:00,311.69,116.03,30.14,42.61,35.24,17.69,0.0
2025-01-05 22:32:00,314.83,120.63,24.95,39.88,40.14,18.17,0.0
2025-01-05 22:33:00,292.22,111.58,30.57,32.62,43.93,9.8,4.6
2025-01-05 22:34:00,298.79,119.62,32.32,29.11,43.69,19.49,23.46
2025-01-05 22:35:00,240.38,113.64,28.45,27.35,35.13,26.46,0.0
2025-01-05 22:36:00,249.29,122.39,26.41,35.31,36.52,0.12,0.0
2025-01-05 22:37:00,250.34,113.92,28.62,28.58,40.92,13.51,37.36
2025-01-05 22:38:00,302.5,112.01,28.27,49.9,39.73,11.84,0.0
2025-01-05 22:39:00,274.29,118.13,30.6,30.27,37.31,10.94,13.04
2025-01-05 22:40:00,323.06,113.63,26.41,34.15,43.19,11.85,10.76
2025-01-05 22:41:00,262.75,112.01,17.03,39.0,34.04,27.21,0.0
2025-01-05 22:42:00,344.33,113.46,27.36,39.44,33.23,21.87,0.0
2025-01-05 22:43:00,261.94,115.2,21.59,48.28,35.03,12.32,11.39
2025-01-05 22:44:00,306.23,120.74,29.5,23.31,34.78,14.97,0.82
2025-01-05 22:45:00,278.83,107.64,22.16,33.19,41.63,11.18,0.0
2025-01-05 22:46:00,328.04,115.47,38.44,40.04,40.65,3.56,39.3
2025-01-05 22:47:00,330.28,117.88,22.24,41.39,44.98,16.08,26.36
2025-01-05 22:48:00,264.66,116.15,37.42,24.4,36.26,4.8,0.0
2025-01-05 22:49:00,288.69,120.62,29.61,31.14,38.82,10.2,0.0
2025-01-05 22:50:00,272.24,115.08,34.92,34.07,32.88,5.85,2.82
2025-01-05 22:51:00,295.24,114.64,24.88,33.72,42.3,9.83,27.09
2025-01-05 22:52:00,311.24,117.75,26.86,23.28,43.03,0.0,39.01
2025-01-05 22:53:00,237.72,115.77,22.8,30.51,30.56,13.24,0.0
2025-01-05 22:54:00,291.63,113.81,28.86,31.25,43.04,2.22,0.0
2025-01-05 22:55:00,253.25,117.44,28.25,39.92,37.38,4.46,0.0
2025-01-05 22:56:00,287.03,112.77,30.29,29.7,41.22,14.04,6.2
2025-01-05 22:57:00,290.84,112.93,22.95,33.64,42.89,15.05,5.25
2025-01-05 22:58:00,251.82,113.26,29.17,37.09,35.56,11.67,0.0
2025-01-05 22:59:00,291.29,120.79,32.95,24.72,31.46,16.37,0.0
2025-01-05 23:00:00,226.0,102.49,14.88,31.87,42.28,0.0,0.0
2025-01-05 23:01:00,260.53,116.96,7.26,46.31,36.76,4.07,0.0
2025-01-05 23:02:00,267.62,115.51,16.08,32.47,34.37,0.11,5.93
2025-01-05 23:03:00,271.17,108.65,5.0,32.99,47.58,0.0,23.09
2025-01-05 23:04:00,275.84,116.61,9.89,33.87,35.38,3.01,0.0
2025-01-05 23:05:00,251.07,117.28,5.0,42.13,44.75,2.89,0.0
2025-01-05 23:06:00,265.33,117.73,8.65,31.42,45.42,0.0,12.54
2025-01-05 23:07:00,267.63,104.77,5.0,26.88,51.58,6.57,3.66
2025-01-05 23:08:00,282.98,120.84,9.8,38.83,33.43,1.95,0.0
2025-01-05 23:09:00,296.81,112.43,5.0,33.44,38.07,3.37,22.03
2025-01-05 23:10:00,285.83,118.12,5.0,36.82,35.24,0.49,25.25
2025-01-05 23:11:00,232.51,118.34,5.01,26.99,43.5,2.3,0.0
2025-01-05 23:12:00,291.46,111.87,8.88,30.9,42.22,0.0,30.76
2025-01-05 23:13:00,234.74,118.02,5.0,39.01,43.4,0.0,32.46
2025-01-05 23:14:00,251.77,113.83,5.0,31.1,37.7,3.36,0.0
2025-01-05 23:15:00,215.59,107.09,5.0,33.43,36.61,0.0,0.0
2025-01-05 23:16:00,222.96,120.05,11.6,29.17,34.86,0.0,0.0
2025-01-05 23:17:00,215.79,112.28,10.53,27.68,40.96,0.0,0.0
2025-01-05 23:18:00,261.25,111.96,16.21,37.1,34.99,5.92,10.11
2025-01-05 23:19:00,254.18,113.76,5.0,29.28,42.21,0.0,14.06
2025-01-05 23:20:00,267.28,116.47,12.55,31.17,38.14,0.0,4.2
2025-01-05 23:21:00,246.65,115.15,5.0,28.04,44.4,0.0,15.17
2025-01-05 23:22:00,268.65,117.57,5.0,38.77,37.66,8.21,0.0
2025-01-05 23:23:00,270.13,110.02,5.0,31.88,46.5,0.0,14.16
2025-01-05 23:24:00,240.93,112.41,6.22,33.31,30.36,4.02,0.0
2025-01-05 23:25:00,326.0,114.91,5.2,36.58,33.31,11.36,60.55
2025-01-05 23:26:00,240.08,122.97,8.1,27.75,40.83,4.3,4.93
2025-01-05 23:27:00,253.8,114.92,9.03,36.91,40.49,4.58,13.16
2025-01-05 23:28:00,306.01,119.72,21.54,45.32,42.48,0.0,5.7
2025-01-05 23:29:00,241.72,115.53,8.94,23.11,35.39,0.0,0.0
2025-01-05 23:30:00,288.38,113.44,11.53,36.49,49.54,6.01,17.94
2025-01-05 23:31:00,233.06,114.39,6.38,31.8,44.79,10.18,0.0
2025-01-05 23:32:00,247.02,114.7,5.0,35.82,45.69,0.0,24.12
2025-01-05 23:33:00,1348.14,117.79,8.75,33.47,43.97,0.38,0.0
2025-01-05 23:34:00,236.36,120.87,14.34,20.09,41.85,0.4,0.0
2025-01-05 23:35:00,240.12,116.81,8.55,40.4,38.98,0.0,0.0
2025-01-05 23:36:00,234.34,120.12,5.71,28.51,46.8,0.25,5.31
2025-01-05 23:37:00,258.64,111.52,5.53,38.82,42.44,8.05,11.45
2025-01-05 23:38:00,257.78,113.72,10.97,33.18,36.5,0.0,0.0
2025-01-05 23:39:00,253.72,112.48,24.57,32.87,46.41,0.0,19.4
2025-01-05 23:40:00,223.12,116.63,10.71,22.95,44.68,5.2,0.0
2025-01-05 23:41:00,296.96,113.94,6.75,36.45,49.48,8.1,22.6
2025-01-05 23:42:00,274.64,118.3,8.83,44.36,50.08,0.0,14.7
2025-01-05 23:43:00,267.46,111.65,6.43,26.28,55.91,5.36,0.0
2025-01-05 23:44:00,214.59,115.55,5.0,42.36,35.63,0.74,0.0
2025-01-05 23:45:00,240.21,118.12,6.16,36.92,37.7,12.65,6.3
2025-01-05 23:46:00,227.78,107.11,13.07,34.0,36.15,0.0,0.0
2025-01-05 23:47:00,243.99,123.86,17.6,39.83,52.09,0.0,0.0
2025-01-05 23:48:00,267.75,114.24,13.47,31.96,44.24,0.18,0.0
2025-01-05 23:49:00,247.57,107.28,11.48,30.25,40.33,0.0,0.0
2025-01-05 23:50:00,213.72,116.01,5.0,38.3,43.6,0.0,0.0
2025-01-05 23:51:00,273.78,115.51,5.0,42.81,37.69,6.5,0.0
2025-01-05 23:52:00,259.09,115.05,11.67,33.9,43.76,5.96,0.0
2025-01-05 23:53:00,250.18,119.34,12.59,26.37,39.37,0.0,0.0
2025-01-05 23:54:00,262.09,118.37,13.87,36.83,26.24,16.09,0.0
2025-01-05 23:55:00,236.37,116.57,12.08,38.49,34.39,2.75,0.0
2025-01-05 23:56:00,270.42,117.18,5.0,39.85,47.34,0.0,0.0
2025-01-05 23:57:00,271.75,114.96,8.63,45.74,45.63,0.0,12.53
2025-01-05 23:58:00,255.12,122.48,8.33,32.32,54.14,0.87,0.67
2025-01-05 23:59:00,252.83,109.46,8.37,43.74,47.79,0.0,0.0
2025-01-06 00:00:00,186.78,118.83,7.13,19.59,9.22,0.0,0.0
2025-01-06 00:01:00,251.09,118.53,12.73,36.01,12.13,4.05,0.0
2025-01-06 00:02:00,213.65,121.53,9.55,21.69,0.0,9.8,0.0
2025-01-06 00:03:00,241.24,114.9,10.51,32.72,0.0,4.38,0.66
2025-01-06 00:04:00,200.12,111.3,6.64,26.51,0.0,0.0,0.81
2025-01-06 00:05:00,241.68,118.9,13.44,29.24,8.19,2.71,15.05
2025-01-06 00:06:00,229.94,119.4,15.32,30.79,11.42,0.0,0.0
2025-01-06 00:07:00,242.18,124.23,5.0,20.83,19.01,1.82,23.11
2025-01-06 00:08:00,217.57,113.19,5.0,24.61,0.0,3.13,1.4
2025-01-06 00:09:00,242.07,122.89,5.0,25.18,0.0,8.36,12.02
2025-01-06 00:10:00,215.77,127.74,13.81,27.77,0.0,18.33,0.0
2025-01-06 00:11:00,197.85,116.76,5.0,31.25,0.0,3.96,0.0
2025-01-06 00:12:00,219.47,113.11,10.52,34.77,0.0,3.95,0.0
2025-01-06 00:13:00,238.39,116.64,5.0,30.65,5.66,5.2,51.71
2025-01-06 00:14:00,203.93,118.33,7.44,24.5,0.0,0.0,0.0
2025-01-06 00:15:00,233.34,120.53,10.59,37.89,1.91,0.0,0.0
2025-01-06 00:16:00,236.1,115.91,9.16,31.14,0.1,3.15,0.0
2025-01-06 00:17:00,252.44,124.49,5.0,20.92,3.89,9.01,6.98
2025-01-06 00:18:00,176.87,113.81,5.78,30.88,0.0,4.33,0.0
2025-01-06 00:19:00,202.2,111.32,8.28,29.82,0.0,0.97,2.39
2025-01-06 00:20:00,214.31,122.7,6.59,27.31,0.0,2.27,0.0
2025-01-06 00:21:00,255.32,109.17,13.95,33.42,5.67,3.22,0.0
2025-01-06 00:22:00,196.49,117.46,9.26,23.81,2.15,3.22,0.0
2025-01-06 00:23:00,281.72,130.74,7.24,27.74,0.0,9.33,14.27
2025-01-06 00:24:00,229.35,118.22,8.88,28.02,2.92,1.67,0.0
2025-01-06 00:25:00,259.53,113.79,10.85,31.79,0.0,0.0,10.29
2025-01-06 00:26:00,232.0,118.04,7.67,43.35,0.0,0.0,10.31
2025-01-06 00:27:00,220.09,118.07,5.21,35.04,7.63,1.53,0.0
2025-01-06 00:28:00,253.97,118.92,5.0,23.05,0.84,8.15,41.45
2025-01-06 00:29:00,191.84,120.92,5.46,30.8,0.0,8.36,0.0
2025-01-06 00:30:00,268.4,114.12,16.47,28.2,0.0,0.0,42.44
2025-01-06 00:31:00,256.74,125.02,18.48,31.51,10.8,13.09,18.01
2025-01-06 00:32:00,291.19,119.25,13.83,26.19,0.0,10.1,51.14
2025-01-06 00:33:00,206.38,121.18,9.04,26.9,3.1,0.66,6.72
2025-01-06 00:34:00,199.75,115.76,8.85,29.4,5.14,13.03,0.0
2025-01-06 00:35:00,235.66,123.42,9.84,26.35,0.0,0.0,32.64
2025-01-06 00:36:00,172.68,117.24,5.0,25.9,6.97,0.0,0.0
2025-01-06 00:37:00,220.04,119.38,9.5,23.72,3.0,7.22,0.0
2025-01-06 00:38:00,236.49,114.54,8.76,19.47,3.98,2.17,38.6
2025-01-06 00:39:00,214.94,114.28,5.61,23.83,0.0,0.0,0.0
2025-01-06 00:40:00,179.65,121.03,5.0,27.27,0.54,5.33,0.0
2025-01-06 00:41:00,191.12,116.5,12.66,28.56,0.0,0.0,18.01
2025-01-06 00:42:00,238.97,114.86,14.76,23.21,3.16,0.0,19.17
2025-01-06 00:43:00,224.9,115.7,13.75,24.07,0.0,3.54,0.0
2025-01-06 00:44:00,227.18,121.07,12.96,37.92,0.0,0.0,0.0
2025-01-06 00:45:00,195.33,115.76,14.16,26.32,0.0,0.0,0.0
2025-01-06 00:46:00,232.57,117.8,5.0,34.58,0.0,6.91,0.0
2025-01-06 00:47:00,200.63,118.33,12.28,37.38,0.0,0.0,2.21
2025-01-06 00:48:00,184.5,110.6,5.0,30.7,0.0,2.14,0.0
2025-01-06 00:49:00,228.78,112.39,5.0,34.33,0.0,0.0,14.93
2025-01-06 00:50:00,221.55,119.62,8.69,28.0,3.62,6.47,43.47
2025-01-06 00:51:00,215.52,115.32,5.0,33.75,0.0,3.34,10.73
2025-01-06 00:52:00,217.61,122.5,7.42,37.85,4.77,2.3,4.01
2025-01-06 00:53:00,239.39,122.14,10.76,30.51,8.23,5.09,18.12
2025-01-06 00:54:00,224.18,121.15,11.62,26.01,8.82,1.42,7.06
2025-01-06 00:55:00,211.25,125.55,5.0,31.61,2.71,6.34,3.1
2025-01-06 00:56:00,187.18,117.94,5.4,29.56,0.0,2.64,0.0
2025-01-06 00:57:00,266.5,120.87,7.88,30.67,11.72,6.31,46.16
2025-01-06 00:58:00,208.23,115.93,6.99,24.74,4.65,6.99,7.91
2025-01-06 00:59:00,255.69,128.08,11.29,32.28,0.0,1.78,21.36
2025-01-06 01:00:00,249.09,126.21,10.18,26.82,0.0,13.53,23.18
2025-01-06 01:01:00,180.59,118.32,5.0,31.67,5.98,0.0,0.0
2025-01-06 01:02:00,194.0,119.82,5.0,30.44,0.33,0.28,29.8
2025-01-06 01:03:00,275.5,123.71,17.34,31.66,4.88,8.22,0.0
2025-01-06 01:04:00,212.14,117.68,7.05,30.62,1.9,0.0,16.54
2025-01-06 01:05:00,229.18,115.65,6.96,27.97,1.21,3.49,0.0
2025-01-06 01:06:00,236.05,121.77,13.86,35.85,11.12,4.91,4.13
2025-01-06 01:07:00,185.33,118.59,9.88,26.72,0.0,2.24,0.0
2025-01-06 01:08:00,254.89,119.0,17.94,28.14,1.92,0.0,0.0
2025-01-06 01:09:00,189.52,114.94,5.01,23.38,9.73,3.99,0.0
2025-01-06 01:10:00,234.79,111.4,10.43,34.12,10.8,11.33,16.08
2025-01-06 01:11:00,266.86,119.22,11.9,21.25,9.74,8.09,18.8
2025-01-06 01:12:00,238.75,121.89,5.0,28.92,7.42,0.0,20.95
2025-01-06 01:13:00,216.35,117.37,8.67,32.53,0.0,0.0,0.0
2025-01-06 01:14:00,224.82,124.02,5.0,37.54,7.59,0.0,24.6
2025-01-06 01:15:00,201.29,115.46,5.0,29.13,8.47,0.0,0.0
2025-01-06 01:16:00,214.93,114.05,5.0,31.49,0.0,1.18,10.57
2025-01-06 01:17:00,239.65,118.0,12.23,24.6,0.0,6.72,15.71
2025-01-06 01:18:00,246.86,117.94,8.8,42.65,7.19,0.0,16.21
2025-01-06 01:19:00,1246.3,121.35,10.48,28.0,6.95,0.0,0.0
2025-01-06 01:20:00,230.77,115.17,12.85,37.13,2.99,2.88,12.09
2025-01-06 01:21:00,236.16,123.74,5.0,18.99,5.18,9.13,11.91
2025-01-06 01:22:00,205.96,126.14,14.48,26.63,6.53,7.03,31.77
2025-01-06 01:23:00,215.71,118.12,5.99,35.79,3.57,12.44,0.0
2025-01-06 01:24:00,183.09,123.27,5.0,22.02,1.89,2.64,0.0
2025-01-06 01:25:00,173.81,114.05,7.19,23.35,3.75,0.0,0.0
2025-01-06 01:26:00,183.77,122.57,5.0,34.97,2.46,0.0,0.0
2025-01-06 01:27:00,224.15,122.46,5.0,34.62,1.92,1.88,2.82
2025-01-06 01:28:00,205.04,121.73,9.73,34.94,1.08,0.0,3.68
2025-01-06 01:29:00,246.44,118.21,5.07,34.11,0.0,0.0,29.89
2025-01-06 01:30:00,222.99,106.46,7.61,22.54,0.0,8.56,0.0
2025-01-06 01:31:00,210.2,115.71,5.0,21.13,0.0,6.7,22.54
2025-01-06 01:32:00,206.63,115.77,5.0,27.4,4.99,8.56,5.1
2025-01-06 01:33:00,214.79,114.36,5.7,25.56,3.87,4.34,0.0
2025-01-06 01:34:00,219.83,118.76,6.49,35.65,13.21,5.1,0.0
2025-01-06 01:35:00,220.2,116.6,8.05,36.93,12.08,0.0,0.0
2025-01-06 01:36:00,244.11,114.97,5.0,29.85,2.02,7.48,18.06
2025-01-06 01:37:00,198.22,114.04,13.22,30.26,0.52,0.0,2.47
2025-01-06 01:38:00,242.56,115.41,5.0,25.17,0.0,0.0,5.71
2025-01-06 01:39:00,237.32,122.76,7.26,32.23,6.43,5.6,0.0
2025-01-06 01:40:00,201.85,115.63,12.35,28.84,11.76,4.57,0.0
2025-01-06 01:41:00,187.99,116.21,13.44,32.8,0.0,8.64,0.0
2025-01-06 01:42:00,226.7,116.45,8.82,22.8,9.66,0.0,25.36
2025-01-06 01:43:00,255.64,119.63,15.93,35.16,2.31,1.08,23.35
2025-01-06 01:44:00,230.18,120.1,5.01,29.3,0.0,17.18,0.0
2025-01-06 01:45:00,198.15,106.09,11.84,26.72,8.18,0.0,0.0
2025-01-06 01:46:00,251.21,122.36,5.0,25.03,6.99,0.0,0.0
2025-01-06 01:47:00,207.74,124.02,13.57,34.23,2.03,0.0,0.0
2025-01-06 01:48:00,231.33,114.07,13.06,31.74,6.63,3.63,16.92
2025-01-06 01:49:00,228.7,114.38,7.73,28.97,10.43,0.0,27.91
2025-01-06 01:50:00,265.97,116.47,9.88,32.09,3.16,12.02,36.39
2025-01-06 01:51:00,212.99,115.25,5.0,28.79,4.29,0.0,6.84
2025-01-06 01:52:00,170.9,119.17,5.75,28.2,0.0,0.0,0.0
2025-01-06 01:53:00,195.71,110.49,9.76,21.29,1.63,4.45,0.0
2025-01-06 01:54:00,218.2,113.8,5.0,32.02,0.0,0.76,0.0
2025-01-06 01:55:00,228.55,124.43,5.0,26.9,0.0,0.0,2.94
2025-01-06 01:56:00,229.8,114.56,5.0,32.23,12.14,0.0,19.68
2025-01-06 01:57:00,203.23,123.25,5.35,30.78,10.41,7.74,0.0
2025-01-06 01:58:00,194.71,119.69,5.0,48.53,3.3,0.0,1.69
2025-01-06 01:59:00,196.19,111.04,7.81,26.68,2.41,11.95,0.0
2025-01-06 02:00:00,183.95,120.81,5.63,28.71,0.0,5.27,0.0
2025-01-06 02:01:00,179.71,117.8,10.71,45.95,0.0,5.62,0.0
2025-01-06 02:02:00,254.91,116.45,8.17,31.3,3.69,0.0,28.8
2025-01-06 02:03:00,206.86,119.25,13.52,32.65,0.0,0.0,0.0
2025-01-06 02:04:00,220.29,120.17,9.48,26.41,0.0,0.0,4.24
2025-01-06 02:05:00,208.43,121.1,15.82,40.0,4.76,0.0,0.0
2025-01-06 02:06:00,207.24,122.99,5.78,28.14,0.0,10.98,0.0
2025-01-06 02:07:00,214.73,119.91,15.79,30.08,1.24,0.0,1.32
2025-01-06 02:08:00,273.27,112.77,18.4,27.52,5.21,5.2,14.73
2025-01-06 02:09:00,174.38,116.38,10.66,28.46,0.0,0.0,0.0
2025-01-06 02:10:00,279.16,130.04,5.0,38.1,7.46,0.0,44.07
2025-01-06 02:11:00,221.73,121.17,5.0,26.6,0.0,0.0,19.7
2025-01-06 02:12:00,214.55,127.75,7.99,46.0,0.0,0.84,0.0
2025-01-06 02:13:00,199.11,123.85,5.0,34.05,0.0,0.0,7.31
2025-01-06 02:14:00,238.58,119.24,11.49,35.65,6.82,1.89,21.51
2025-01-06 02:15:00,229.77,119.48,5.71,34.48,2.58,6.39,12.86
2025-01-06 02:16:00,245.44,118.13,5.0,30.93,0.0,16.09,0.0
2025-01-06 02:17:00,244.62,111.32,7.84,31.59,4.51,4.5,27.62
2025-01-06 02:18:00,220.72,118.34,5.0,28.92,0.0,0.0,2.52
2025-01-06 02:19:00,236.83,123.12,14.09,26.88,5.75,12.19,27.09
2025-01-06 02:20:00,234.56,115.87,8.43,26.72,1.97,10.06,0.0
2025-01-06 02:21:00,230.11,119.92,5.53,34.54,0.0,0.49,0.0
2025-01-06 02:22:00,205.91,121.68,5.0,28.82,0.0,11.73,5.9
2025-01-06 02:23:00,192.18,114.63,5.0,18.02,0.0,4.79,0.0
2025-01-06 02:24:00,186.75,116.47,11.42,32.56,2.05,5.14,0.0
2025-01-06 02:25:00,209.36,114.2,7.11,28.84,0.0,6.68,0.0
2025-01-06 02:26:00,236.37,114.98,8.96,37.1,3.85,4.65,0.0
2025-01-06 02:27:00,263.95,113.12,7.57,38.38,0.68,0.0,51.5
2025-01-06 02:28:00,205.19,114.67,12.34,31.54,1.73,0.0,22.95
2025-01-06 02:29:00,277.43,123.95,5.0,42.29,4.27,6.9,32.03
2025-01-06 02:30:00,201.72,114.61,16.64,20.71,4.31,3.63,0.0
2025-01-06 02:31:00,211.31,118.78,6.32,29.99,16.29,0.0,0.0
2025-01-06 02:32:00,217.2,116.26,14.8,33.63,6.39,0.66,0.0
2025-01-06 02:33:00,278.6,122.99,15.92,30.9,6.86,15.02,18.97
2025-01-06 02:34:00,205.9,123.52,5.0,29.16,0.0,0.0,0.0
2025-01-06 02:35:00,235.17,121.73,8.87,43.72,0.0,1.85,0.0
2025-01-06 02:36:00,195.83,119.5,5.0,26.2,0.0,1.37,0.0
2025-01-06 02:37:00,201.08,117.35,5.0,26.84,3.99,15.77,0.0
2025-01-06 02:38:00,243.71,113.51,9.81,27.82,0.79,4.89,0.0
2025-01-06 02:39:00,221.6,126.05,6.99,16.17,5.96,0.0,0.0
2025-01-06 02:40:00,229.95,115.23,12.37,29.31,0.0,7.39,0.93
2025-01-06 02:41:00,271.06,120.93,5.0,27.32,6.45,10.8,12.5
2025-01-06 02:42:00,243.81,122.51,5.0,33.33,5.42,6.44,3.94
2025-01-06 02:43:00,226.49,116.05,14.6,29.37,6.36,13.49,5.03
2025-01-06 02:44:00,230.39,122.42,11.48,38.83,0.0,9.77,0.0
2025-01-06 02:45:00,237.34,121.33,17.26,18.82,10.35,2.5,0.0
2025-01-06 02:46:00,220.06,125.18,13.03,35.39,1.4,2.51,0.12
2025-01-06 02:47:00,221.11,116.4,12.69,28.51,0.36,10.82,0.0
2025-01-06 02:48:00,256.8,113.13,10.76,40.69,9.72,0.0,15.05
2025-01-06 02:49:00,263.65,116.25,11.01,32.84,9.18,4.17,0.0
2025-01-06 02:50:00,202.08,119.11,7.74,17.4,9.47,13.22,0.0
2025-01-06 02:51:00,204.81,118.51,18.96,31.85,0.0,1.09,5.76
2025-01-06 02:52:00,215.65,116.7,9.42,29.62,4.63,3.82,9.7
2025-01-06 02:53:00,175.79,110.64,7.25,30.48,0.0,0.0,3.79
2025-01-06 02:54:00,167.26,120.15,8.21,41.88,1.66,0.0,0.0
2025-01-06 02:55:00,249.69,126.16,16.75,34.91,3.33,0.0,0.0
2025-01-06 02:56:00,249.35,120.13,9.17,27.25,0.0,21.73,18.96
2025-01-06 02:57:00,258.85,120.71,7.29,17.98,0.0,12.87,57.14
2025-01-06 02:58:00,254.1,120.56,7.08,26.32,1.25,5.54,33.09
2025-01-06 02:59:00,243.48,119.86,8.07,29.68,0.28,12.91,0.0
2025-01-06 03:00:00,233.36,122.0,5.0,29.2,0.0,8.76,21.8
2025-01-06 03:01:00,196.92,119.85,5.0,30.73,8.97,0.0,8.69
2025-01-06 03:02:00,190.13,117.02,5.93,24.74,0.0,0.42,0.0
2025-01-06 03:03:00,187.51,115.09,5.08,29.22,1.6,2.76,0.0
2025-01-06 03:04:00,225.36,117.28,6.19,33.9,6.61,6.23,15.64
2025-01-06 03:05:00,265.8,119.53,8.4,38.71,7.63,9.9,0.0
2025-01-06 03:06:00,228.6,117.01,10.79,28.92,6.2,12.78,0.0
2025-01-06 03:07:00,211.24,119.53,5.0,35.46,0.0,2.98,0.0
2025-01-06 03:08:00,221.11,120.03,5.0,28.02,0.0,6.72,0.0
2025-01-06 03:09:00,198.45,121.61,12.83,32.54,1.08,0.0,0.0
2025-01-06 03:10:00,192.01,123.4,7.05,33.04,0.0,0.0,0.0
2025-01-06 03:11:00,229.67,118.58,5.0,37.41,3.01,10.32,0.0
2025-01-06 03:12:00,201.88,113.04,5.0,13.89,0.0,5.6,9.27
2025-01-06 03:13:00,1275.59,116.89,7.42,28.22,8.7,4.97,0.0
2025-01-06 03:14:00,218.08,118.45,7.12,32.81,0.0,11.41,0.0
2025-01-06 03:15:00,234.65,110.93,15.31,32.59,0.98,3.37,4.09
2025-01-06 03:16:00,191.28,123.83,5.46,27.43,0.0,0.0,0.0
2025-01-06 03:17:00,241.39,118.84,11.33,33.59,1.28,0.0,0.0
2025-01-06 03:18:00,200.43,119.8,9.29,18.74,0.0,0.0,13.8
2025-01-06 03:19:00,224.23,123.73,9.78,39.95,11.49,0.0,0.0
2025-01-06 03:20:00,221.79,115.75,5.0,31.93,11.74,5.85,0.0
2025-01-06 03:21:00,241.05,120.57,9.06,30.97,0.0,5.8,6.79
2025-01-06 03:22:00,197.19,117.83,7.66,29.91,1.52,0.78,7.76
2025-01-06 03:23:00,246.54,117.54,5.12,29.88,0.38,0.0,0.0
2025-01-06 03:24:00,202.97,115.18,8.62,38.7,0.0,0.0,0.0
2025-01-06 03:25:00,247.33,124.93,5.0,30.36,0.0,0.24,0.0
2025-01-06 03:26:00,210.42,116.77,15.49,25.54,0.0,6.69,9.51
2025-01-06 03:27:00,239.96,121.07,15.57,20.41,0.0,0.0,3.75
2025-01-06 03:28:00,148.82,110.77,15.47,24.34,0.43,0.3,15.42
2025-01-06 03:29:00,223.82,122.99,5.0,34.61,3.61,14.53,6.21
2025-01-06 03:30:00,210.58,122.48,5.0,20.71,0.0,9.02,4.84
2025-01-06 03:31:00,293.88,118.66,9.67,31.86,14.4,12.72,44.38
2025-01-06 03:32:00,234.83,117.36,16.54,34.51,10.64,0.0,20.2
2025-01-06 03:33:00,222.29,119.87,14.07,37.61,11.5,8.88,0.0
2025-01-06 03:34:00,249.94,127.43,13.41,26.36,2.01,13.03,0.0
2025-01-06 03:35:00,208.54,111.22,5.0,34.56,8.3,0.0,0.0
2025-01-06 03:36:00,272.17,121.4,5.75,25.59,7.44,4.99,41.97
2025-01-06 03:37:00,223.71,114.63,5.68,31.29,0.0,10.8,0.0
2025-01-06 03:38:00,227.61,118.19,16.68,39.13,0.0,4.11,0.0
2025-01-06 03:39:00,236.08,117.28,5.77,22.54,3.21,9.35,9.42
2025-01-06 03:40:00,264.43,116.56,8.72,33.59,11.43,4.05,12.83
2025-01-06 03:41:00,264.16,118.23,18.3,33.8,9.14,5.47,0.0
2025-01-06 03:42:00,264.01,113.74,12.44,26.71,3.2,11.19,29.96
2025-01-06 03:43:00,203.25,122.39,18.87,29.7,0.0,0.0,8.89
2025-01-06 03:44:00,225.08,111.1,12.1,29.31,2.6,9.21,0.0
2025-01-06 03:45:00,209.81,120.43,16.94,25.44,0.0,0.0,1.82
2025-01-06 03:46:00,234.65,116.97,12.12,28.42,10.32,5.68,0.0
2025-01-06 03:47:00,215.05,113.59,9.25,29.42,0.0,0.0,12.58
2025-01-06 03:48:00,199.29,119.08,5.0,38.57,0.0,10.14,17.68
2025-01-06 03:49:00,206.69,112.04,7.46,38.02,0.0,10.51,0.0
2025-01-06 03:50:00,236.8,118.43,11.29,23.75,0.18,0.0,31.56
2025-01-06 03:51:00,237.8,112.58,14.76,27.61,4.77,9.14,4.76
2025-01-06 03:52:00,230.22,120.12,13.86,30.3,0.0,0.0,14.82
2025-01-06 03:53:00,241.62,114.58,11.36,35.78,9.38,1.06,0.0
2025-01-06 03:54:00,199.94,116.47,6.88,23.52,0.0,1.22,5.02
2025-01-06 03:55:00,233.23,119.45,10.79,37.5,12.1,0.0,0.0
2025-01-06 03:56:00,229.68,115.18,8.73,22.75,7.5,4.96,30.51
2025-01-06 03:57:00,191.49,118.04,11.87,40.53,11.51,4.19,13.98
2025-01-06 03:58:00,200.44,112.22,8.94,24.65,0.0,12.21,0.0
2025-01-06 03:59:00,250.66,120.8,5.57,36.67,7.19,0.69,23.21
2025-01-06 04:00:00,238.76,125.33,8.81,31.66,0.0,7.78,16.72
2025-01-06 04:01:00,211.55,129.44,7.87,33.86,0.0,4.12,0.0
2025-01-06 04:02:00,196.87,118.64,6.36,27.49,1.63,7.75,5.08
2025-01-06 04:03:00,237.51,121.43,8.0,28.04,3.73,0.0,11.97
2025-01-06 04:04:00,213.39,111.15,5.0,35.94,6.18,0.0,5.58
2025-01-06 04:05:00,277.91,124.28,5.0,33.59,4.68,9.32,0.0
2025-01-06 04:06:00,231.59,121.38,10.5,30.48,4.05,3.63,0.0
2025-01-06 04:07:00,264.38,116.34,10.54,33.1,11.47,5.23,12.78
2025-01-06 04:08:00,225.73,123.22,12.8,27.56,12.14,6.78,0.0
2025-01-06 04:09:00,249.89,117.25,14.43,29.24,0.37,0.0,30.35
2025-01-06 04:10:00,228.43,116.44,5.0,29.91,0.0,2.27,13.79
2025-01-06 04:11:00,201.48,120.17,9.68,32.34,0.0,7.84,0.0
2025-01-06 04:12:00,170.07,114.02,10.66,22.63,0.0,0.0,0.0
2025-01-06 04:13:00,173.25,122.36,9.06,35.28,1.1,0.0,0.0
2025-01-06 04:14:00,249.82,114.05,8.72,29.61,0.0,3.57,27.54
2025-01-06 04:15:00,212.05,114.07,13.07,27.59,0.25,14.73,0.0
2025-01-06 04:16:00,257.28,114.63,9.12,36.77,3.17,1.3,11.1
2025-01-06 04:17:00,204.73,121.31,13.78,34.95,1.67,7.06,0.0
2025-01-06 04:18:00,208.67,115.81,6.11,34.58,0.0,0.0,0.0
2025-01-06 04:19:00,211.01,112.88,5.04,35.45,0.0,0.0,0.0
2025-01-06 04:20:00,186.32,115.85,5.0,24.71,5.4,0.0,0.0
2025-01-06 04:21:00,171.66,118.14,7.14,20.49,0.0,0.0,0.0
2025-01-06 04:22:00,274.38,113.55,6.85,26.46,17.37,0.0,19.77
2025-01-06 04:23:00,215.03,113.67,12.24,26.42,9.06,0.0,0.0
2025-01-06 04:24:00,177.7,126.72,6.83,27.68,0.0,4.48,3.58
2025-01-06 04:25:00,202.91,114.83,8.71,30.87,0.0,0.0,10.29
2025-01-06 04:26:00,218.1,116.98,5.0,24.51,7.72,2.02,0.0
2025-01-06 04:27:00,224.84,116.8,7.12,29.45,17.97,0.0,0.0
2025-01-06 04:28:00,242.51,116.59,14.6,34.8,0.0,14.34,2.53
2025-01-06 04:29:00,202.3,120.76,6.5,27.65,5.27,4.54,0.0
2025-01-06 04:30:00,252.83,122.07,10.63,23.68,0.02,0.97,34.58
2025-01-06 04:31:00,211.56,117.05,8.75,26.89,0.0,6.79,0.0
2025-01-06 04:32:00,239.1,113.33,5.49,30.05,0.0,1.89,8.72
2025-01-06 04:33:00,252.41,123.37,16.73,27.69,0.0,3.63,30.25
2025-01-06 04:34:00,230.18,117.89,6.99,34.58,8.26,10.61,0.0
2025-01-06 04:35:00,232.41,125.19,10.83,30.78,2.46,0.0,0.0
2025-01-06 04:36:00,214.73,109.29,8.84,33.67,1.94,0.0,0.0
2025-01-06 04:37:00,233.54,119.05,7.09,24.73,0.0,18.96,0.0
2025-01-06 04:38:00,211.28,125.95,5.21,27.54,2.15,0.0,0.0
2025-01-06 04:39:00,231.84,116.86,5.0,24.86,0.0,4.48,28.41
2025-01-06 04:40:00,216.8,117.37,5.0,29.35,8.53,0.0,16.98
2025-01-06 04:41:00,244.47,119.45,5.0,20.49,7.89,10.94,28.72
2025-01-06 04:42:00,198.35,116.04,9.74,38.94,1.94,0.0,0.0
2025-01-06 04:43:00,220.08,117.02,13.17,31.91,6.15,5.59,0.0
2025-01-06 04:44:00,235.93,116.92,17.37,29.49,0.0,8.9,0.0
2025-01-06 04:45:00,212.68,115.76,9.02,34.14,0.0,0.0,0.0
2025-01-06 04:46:00,252.69,123.19,20.94,27.8,0.0,0.0,0.0
2025-01-06 04:47:00,250.74,120.12,10.89,28.22,15.12,3.95,0.0
2025-01-06 04:48:00,246.49,119.28,10.44,29.47,3.13,0.0,21.75
2025-01-06 04:49:00,214.79,121.51,9.61,18.38,3.44,0.0,26.26
2025-01-06 04:50:00,241.78,117.22,6.67,25.8,11.41,8.78,27.74
2025-01-06 04:51:00,245.74,115.18,12.29,31.21,0.0,1.77,13.45
2025-01-06 04:52:00,182.86,115.86,11.79,16.79,3.96,0.0,3.65
2025-01-06 04:53:00,240.16,118.28,5.31,31.76,6.53,0.0,0.0
2025-01-06 04:54:00,213.69,114.04,10.98,29.84,0.0,14.65,4.25
2025-01-06 04:55:00,175.27,116.27,5.0,36.81,0.0,4.94,2.89
2025-01-06 04:56:00,223.7,116.21,5.83,24.31,12.62,0.0,0.0
2025-01-06 04:57:00,237.03,126.77,7.4,33.75,2.67,6.93,1.4
2025-01-06 04:58:00,170.8,107.18,8.8,25.93,7.81,0.0,0.0
2025-01-06 04:59:00,224.17,117.55,10.52,12.49,0.0,3.91,13.95
2025-01-06 05:00:00,130.9,125.18,5.73,20.72,0.0,0.0,0.0
2025-01-06 05:01:00,185.92,118.76,13.12,23.71,0.0,0.0,0.0
2025-01-06 05:02:00,256.09,121.29,12.43,30.83,9.01,0.0,0.0
2025-01-06 05:03:00,181.03,118.67,5.0,32.32,0.0,1.35,1.19
2025-01-06 05:04:00,201.29,115.6,6.4,28.45,0.0,12.2,3.37
2025-01-06 05:05:00,275.22,109.3,10.75,29.16,3.83,0.0,8.06
2025-01-06 05:06:00,193.97,119.09,5.0,26.25,2.82,0.0,5.03
2025-01-06 05:07:00,213.42,115.17,6.14,27.81,0.0,14.81,0.0
2025-01-06 05:08:00,174.57,115.07,6.01,30.67,1.94,9.11,0.0
2025-01-06 05:09:00,194.79,116.28,5.0,23.63,5.86,0.44,0.0
2025-01-06 05:10:00,252.53,125.25,11.42,32.48,0.0,0.0,25.34
2025-01-06 05:11:00,248.17,127.89,8.19,34.41,1.31,0.0,26.9
2025-01-06 05:12:00,218.23,119.14,5.0,34.34,6.44,0.0,0.0
2025-01-06 05:13:00,190.51,116.41,7.1,37.56,1.95,1.29,0.0
2025-01-06 05:14:00,217.31,113.56,5.0,29.82,0.0,0.0,0.0
2025-01-06 05:15:00,192.91,120.15,11.52,24.5,4.8,0.0,0.0
2025-01-06 05:16:00,172.77,125.4,5.0,19.33,0.0,0.0,0.0
2025-01-06 05:17:00,229.24,117.28,8.0,21.89,7.81,1.44,6.96
2025-01-06 05:18:00,238.25,108.76,5.0,26.8,0.49,8.5,0.0
2025-01-06 05:19:00,209.79,120.95,5.66,32.72,7.98,2.11,13.16
2025-01-06 05:20:00,219.31,122.21,8.28,28.33,0.65,3.59,0.0
2025-01-06 05:21:00,213.96,111.93,15.12,12.12,5.2,0.0,0.0
2025-01-06 05:22:00,245.78,118.98,5.11,28.49,4.73,0.0,0.0
2025-01-06 05:23:00,203.14,120.08,12.09,25.11,0.0,0.0,12.89
2025-01-06 05:24:00,196.32,117.98,13.9,18.55,3.82,1.49,0.0
2025-01-06 05:25:00,201.78,115.11,12.22,31.42,4.34,7.55,0.0
2025-01-06 05:26:00,230.07,122.34,13.53,18.35,3.57,13.69,0.0
2025-01-06 05:27:00,246.12,116.66,13.59,29.94,0.0,8.94,0.0
2025-01-06 05:28:00,211.65,112.33,8.93,33.18,0.0,0.0,8.39
2025-01-06 05:29:00,227.53,110.07,12.23,33.77,8.36,2.7,14.15
2025-01-06 05:30:00,250.01,123.32,5.0,30.33,2.42,10.38,8.75
2025-01-06 05:31:00,173.3,120.74,5.0,25.42,4.12,4.29,1.61
2025-01-06 05:32:00,204.95,118.62,5.0,34.04,6.78,2.42,0.0
2025-01-06 05:33:00,200.07,116.51,11.63,14.72,0.0,0.0,13.34
2025-01-06 05:34:00,257.42,116.16,9.6,28.88,0.8,0.0,0.0
2025-01-06 05:35:00,188.48,113.97,7.18,38.64,4.82,6.76,0.0
2025-01-06 05:36:00,263.15,116.55,13.13,28.42,10.31,5.08,18.68
2025-01-06 05:37:00,269.81,109.79,13.47,14.57,0.0,0.0,59.16
2025-01-06 05:38:00,203.54,115.33,13.46,32.28,0.0,2.21,7.48
2025-01-06 05:39:00,208.73,117.03,9.59,18.99,0.0,0.0,2.86
2025-01-06 05:40:00,235.01,120.71,15.41,25.97,1.85,7.52,0.0
2025-01-06 05:41:00,217.52,118.11,5.0,25.22,10.19,0.0,0.0
2025-01-06 05:42:00,284.48,121.45,5.81,29.31,0.0,0.54,43.22
2025-01-06 05:43:00,237.77,123.67,11.05,33.52,0.0,0.0,14.63
2025-01-06 05:44:00,235.84,122.51,12.18,31.68,3.38,0.0,0.0
2025-01-06 05:45:00,244.31,120.15,6.98,30.39,0.0,0.0,33.62
2025-01-06 05:46:00,223.16,118.32,5.41,29.2,6.25,0.0,0.0
2025-01-06 05:47:00,234.09,114.35,13.63,31.42,0.73,5.64,1.21
2025-01-06 05:48:00,202.01,121.23,5.0,25.18,0.0,0.0,9.3
2025-01-06 05:49:00,257.07,124.99,17.08,37.75,12.33,0.0,10.62
2025-01-06 05:50:00,218.7,119.64,11.37,26.99,0.0,16.75,0.0
2025-01-06 05:51:00,237.35,125.94,5.0,26.16,6.54,0.0,28.45
2025-01-06 05:52:00,200.73,112.17,15.26,30.86,2.27,1.09,3.4
2025-01-06 05:53:00,216.24,113.66,14.14,28.9,8.6,9.38,0.0
2025-01-06 05:54:00,270.88,121.69,6.66,31.57,8.02,5.91,19.15
2025-01-06 05:55:00,240.73,119.33,12.65,38.23,0.0,0.0,12.62
2025-01-06 05:56:00,236.53,123.53,8.21,27.35,10.45,0.0,2.14
2025-01-06 05:57:00,190.55,118.21,5.0,28.69,0.0,0.0,0.0
2025-01-06 05:58:00,199.02,114.8,12.77,31.05,2.64,7.92,0.0
2025-01-06 05:59:00,175.79,117.42,5.0,37.11,0.0,0.0,0.0
2025-01-06 06:00:00,218.61,112.14,13.15,17.63,5.04,6.0,28.94
2025-01-06 06:01:00,253.12,113.76,13.29,22.76,2.0,13.3,6.83
2025-01-06 06:02:00,222.29,122.16,6.4,31.49,6.27,8.24,0.0
2025-01-06 06:03:00,205.5,121.76,8.61,29.57,0.0,10.17,0.0
2025-01-06 06:04:00,238.47,119.72,10.77,19.74,0.0,5.63,16.64
2025-01-06 06:05:00,221.89,111.39,5.6,22.41,6.23,4.62,0.0
2025-01-06 06:06:00,207.47,116.84,5.0,33.43,0.0,6.31,0.0
2025-01-06 06:07:00,197.27,113.37,5.0,32.67,0.83,2.4,4.51
2025-01-06 06:08:00,204.34,122.98,23.2,10.87,0.0,1.95,0.0
2025-01-06 06:09:00,232.77,115.94,6.55,25.77,5.73,8.18,31.1
2025-01-06 06:10:00,179.1,113.93,7.78,29.72,8.04,0.0,0.0
2025-01-06 06:11:00,223.74,118.39,6.03,20.53,4.39,11.68,0.0
2025-01-06 06:12:00,220.18,115.71,14.11,19.57,0.0,3.62,0.0
2025-01-06 06:13:00,226.29,124.21,5.0,37.4,3.21,5.76,0.0
2025-01-06 06:14:00,217.18,115.33,5.0,32.0,6.19,0.0,0.0
2025-01-06 06:15:00,195.8,112.68,5.0,28.43,0.0,8.16,3.73
2025-01-06 06:16:00,168.25,109.66,7.68,21.49,1.56,7.41,0.0
2025-01-06 06:17:00,169.54,118.15,10.01,27.75,0.0,0.0,0.0
2025-01-06 06:18:00,235.12,116.02,7.99,22.63,0.0,3.17,10.47
2025-01-06 06:19:00,172.69,112.56,5.0,33.69,9.32,0.37,0.0
2025-01-06 06:20:00,199.07,123.03,7.77,25.71,4.45,0.0,0.0
2025-01-06 06:21:00,198.37,120.94,6.89,28.46,1.75,0.0,1.29
2025-01-06 06:22:00,220.66,118.16,17.51,22.6,0.0,0.0,0.0
2025-01-06 06:23:00,194.55,123.73,5.0,31.6,1.69,0.0,0.0
2025-01-06 06:24:00,207.52,120.92,10.95,25.33,0.17,5.92,1.92
2025-01-06 06:25:00,207.05,114.98,14.69,23.5,0.0,6.09,7.63
2025-01-06 06:26:00,230.25,114.12,5.0,31.8,4.99,0.0,6.14
2025-01-06 06:27:00,253.53,121.54,7.37,23.94,17.09,1.2,23.53
2025-01-06 06:28:00,217.05,119.86,5.0,39.31,1.21,5.68,0.0
2025-01-06 06:29:00,231.57,118.95,17.61,27.24,0.0,2.14,26.15
2025-01-06 06:30:00,183.7,114.89,5.0,40.07,3.29,0.48,0.0
2025-01-06 06:31:00,209.5,120.7,5.13,26.27,0.0,0.0,6.01
2025-01-06 06:32:00,205.5,115.25,5.0,30.86,0.0,0.0,0.0
2025-01-06 06:33:00,246.73,117.86,8.1,42.02,12.25,0.0,13.24
2025-01-06 06:34:00,219.51,124.06,11.13,27.08,0.0,17.9,0.0
2025-01-06 06:35:00,191.27,115.63,5.0,32.65,7.44,0.38,0.92
2025-01-06 06:36:00,174.81,111.98,14.94,31.72,2.43,0.41,0.0
2025-01-06 06:37:00,204.92,114.06,11.4,22.26,4.25,0.0,3.33
2025-01-06 06:38:00,197.71,122.25,11.12,18.92,2.49,7.78,0.0
2025-01-06 06:39:00,223.06,119.29,13.1,27.76,5.5,2.5,37.07
2025-01-06 06:40:00,207.51,117.76,11.95,29.53,0.0,0.0,0.0
2025-01-06 06:41:00,246.95,116.24,5.0,30.51,11.04,9.07,13.49
2025-01-06 06:42:00,230.32,120.21,9.16,34.66,9.41,5.3,0.0
2025-01-06 06:43:00,199.25,114.88,12.27,25.83,0.0,0.0,0.0
2025-01-06 06:44:00,211.18,119.5,12.72,29.2,0.0,10.4,0.86
2025-01-06 06:45:00,224.15,115.35,8.34,23.86,9.89,7.64,13.85
2025-01-06 06:46:00,188.6,114.68,11.45,28.05,0.0,4.03,0.0
2025-01-06 06:47:00,242.88,115.72,6.02,32.45,2.89,0.0,26.96
2025-01-06 06:48:00,223.3,116.77,7.5,28.71,3.17,8.12,0.0
2025-01-06 06:49:00,227.07,118.08,8.59,39.13,5.66,0.97,0.0
2025-01-06 06:50:00,220.27,119.21,5.0,21.6,0.0,6.33,30.25
2025-01-06 06:51:00,177.15,103.52,5.0,27.74,1.6,5.49,0.0
2025-01-06 06:52:00,169.13,115.04,12.73,11.43,0.0,0.0,0.0
2025-01-06 06:53:00,233.2,116.71,5.0,25.86,14.54,3.54,34.38
2025-01-06 06:54:00,220.1,124.29,6.27,41.37,1.17,0.0,0.0
2025-01-06 06:55:00,297.26,113.95,16.19,32.85,6.75,1.4,41.75
2025-01-06 06:56:00,255.71,118.92,9.1,22.86,5.39,0.0,39.59
2025-01-06 06:57:00,198.05,124.25,9.37,31.11,0.0,3.34,0.0
2025-01-06 06:58:00,192.38,113.02,5.0,34.35,0.77,0.0,0.0
2025-01-06 06:59:00,254.36,119.85,6.84,30.09,6.0,0.0,8.24
2025-01-06 07:00:00,169.5,115.06,10.0,16.6,0.0,3.29,0.0
2025-01-06 07:01:00,214.58,116.25,11.56,6.85,5.44,5.77,5.38
2025-01-06 07:02:00,142.09,115.06,9.78,5.96,0.0,0.47,0.0
2025-01-06 07:03:00,173.56,115.35,11.31,3.14,0.0,0.0,0.0
2025-01-06 07:04:00,178.41,129.16,5.4,0.82,0.0,6.67,0.0
2025-01-06 07:05:00,183.94,121.65,8.56,4.73,0.0,3.61,0.0
2025-01-06 07:06:00,175.43,122.68,10.98,9.59,0.0,6.86,0.0
2025-01-06 07:07:00,164.66,120.24,5.0,7.65,0.0,13.65,0.0
2025-01-06 07:08:00,246.12,111.85,6.66,8.17,7.53,12.03,25.83
2025-01-06 07:09:00,205.12,119.85,10.67,1.25,8.63,4.64,3.38
2025-01-06 07:10:00,177.22,122.56,7.7,11.35,1.46,0.0,19.28
2025-01-06 07:11:00,205.6,114.86,7.08,5.58,5.06,9.63,0.0
2025-01-06 07:12:00,209.37,122.13,9.88,7.59,0.0,0.0,0.0
2025-01-06 07:13:00,142.62,121.09,5.0,7.67,0.0,2.31,10.58
2025-01-06 07:14:00,180.9,125.68,6.31,0.0,10.9,4.37,0.0
2025-01-06 07:15:00,218.81,116.6,8.7,12.51,2.76,5.72,16.19
2025-01-06 07:16:00,216.96,113.88,11.61,5.1,0.0,1.08,24.16
2025-01-06 07:17:00,173.39,116.83,5.11,5.64,5.35,0.46,0.0
2025-01-06 07:18:00,147.57,124.01,11.07,4.09,0.0,0.0,14.06
2025-01-06 07:19:00,188.89,110.96,15.8,0.0,8.6,0.0,0.0
2025-01-06 07:20:00,210.65,110.0,5.0,3.05,14.16,6.74,0.0
2025-01-06 07:21:00,209.94,118.63,6.9,4.56,15.46,0.0,0.0
2025-01-06 07:22:00,173.45,116.5,5.0,2.69,12.22,0.86,0.0
2025-01-06 07:23:00,190.97,118.3,7.28,0.98,5.83,5.96,0.0
2025-01-06 07:24:00,163.94,122.05,5.82,0.0,0.78,0.0,0.0
2025-01-06 07:25:00,192.29,116.06,5.0,6.73,2.5,0.0,0.0
2025-01-06 07:26:00,169.11,110.78,5.0,0.0,0.0,1.05,0.0
2025-01-06 07:27:00,217.43,126.45,5.0,6.03,5.61,3.71,0.0
2025-01-06 07:28:00,181.98,114.28,6.91,13.75,0.0,2.13,0.0
2025-01-06 07:29:00,152.95,114.04,5.0,0.38,0.0,2.71,0.0
2025-01-06 07:30:00,209.48,122.69,10.43,8.5,5.52,0.0,0.0
2025-01-06 07:31:00,248.55,116.73,12.59,19.99,4.15,2.86,22.57
2025-01-06 07:32:00,196.45,118.02,5.0,14.16,5.45,7.57,0.0
2025-01-06 07:33:00,179.66,120.2,5.0,0.0,0.0,5.98,0.0
2025-01-06 07:34:00,186.14,122.61,5.0,1.58,0.0,0.0,0.0
2025-01-06 07:35:00,194.61,116.94,7.88,3.59,1.53,6.25,12.91
2025-01-06 07:36:00,245.48,124.35,9.53,16.58,6.88,8.2,21.16
2025-01-06 07:37:00,181.14,109.73,12.83,8.08,4.34,2.48,0.0
2025-01-06 07:38:00,215.3,121.31,16.63,0.0,0.0,2.46,26.17
2025-01-06 07:39:00,168.35,114.91,9.97,1.36,0.0,4.84,0.0
2025-01-06 07:40:00,185.27,123.76,5.0,6.16,0.0,0.0,0.0
2025-01-06 07:41:00,228.09,118.84,5.0,3.91,8.08,2.17,0.0
2025-01-06 07:42:00,214.08,115.58,21.16,13.35,9.58,8.82,2.46
2025-01-06 07:43:00,163.14,120.92,5.0,5.09,6.54,0.38,0.0
2025-01-06 07:44:00,195.39,121.85,6.51,0.9,0.0,0.0,0.0
2025-01-06 07:45:00,242.59,120.84,13.44,20.14,9.82,17.75,10.54
2025-01-06 07:46:00,193.9,114.15,14.08,0.0,0.0,11.67,0.0
2025-01-06 07:47:00,208.03,116.34,11.97,10.72,0.73,6.46,2.03
2025-01-06 07:48:00,204.6,118.26,15.68,7.48,0.0,0.0,0.0
2025-01-06 07:49:00,224.01,118.11,8.88,10.59,0.0,6.33,22.44
2025-01-06 07:50:00,202.77,121.27,20.72,4.72,2.77,11.83,0.0
2025-01-06 07:51:00,158.16,110.21,7.66,9.02,0.0,1.95,6.73
2025-01-06 07:52:00,250.35,119.61,5.0,14.5,0.0,4.5,26.51
2025-01-06 07:53:00,190.25,117.11,7.44,17.17,2.45,7.44,0.0
2025-01-06 07:54:00,215.8,114.92,6.59,0.48,0.92,12.99,17.89
2025-01-06 07:55:00,245.51,115.3,18.83,6.14,0.0,8.76,10.69
2025-01-06 07:56:00,202.04,117.41,9.81,0.81,1.68,0.0,12.53
2025-01-06 07:57:00,230.49,103.87,5.8,7.69,16.96,3.86,14.62
2025-01-06 07:58:00,173.66,115.47,8.86,0.67,10.42,3.09,8.55
2025-01-06 07:59:00,187.22,114.77,7.39,5.64,13.16,0.0,7.53
2025-01-06 08:00:00,218.39,120.4,9.02,0.0,0.47,0.0,19.55
2025-01-06 08:01:00,195.92,115.05,6.31,5.85,0.0,3.19,10.16
2025-01-06 08:02:00,194.15,117.41,8.25,3.07,3.14,0.09,3.76
2025-01-06 08:03:00,187.06,124.44,5.0,13.03,6.65,6.78,0.0
2025-01-06 08:04:00,244.03,122.25,5.0,7.39,0.0,7.46,42.82
2025-01-06 08:05:00,221.47,121.88,11.65,5.08,6.6,13.91,0.0
2025-01-06 08:06:00,159.89,116.27,8.47,8.03,0.0,15.66,3.66
2025-01-06 08:07:00,220.07,120.44,14.78,12.53,0.0,7.42,12.29
2025-01-06 08:08:00,167.72,117.34,14.86,0.0,2.75,1.44,2.23
2025-01-06 08:09:00,168.36,117.49,6.66,7.35,5.99,0.0,0.0
2025-01-06 08:10:00,243.85,119.91,8.44,13.89,0.0,2.04,30.94
2025-01-06 08:11:00,157.3,115.88,5.0,7.46,3.44,1.52,0.0
2025-01-06 08:12:00,203.9,124.24,8.09,10.65,0.0,1.6,0.0
2025-01-06 08:13:00,158.67,117.63,5.0,0.0,9.64,5.17,0.0
2025-01-06 08:14:00,176.15,120.75,20.67,3.73,1.15,3.95,7.29
2025-01-06 08:15:00,185.63,124.09,18.59,5.24,0.0,0.0,6.24
2025-01-06 08:16:00,223.0,122.4,6.72,11.25,5.76,0.0,12.51
2025-01-06 08:17:00,215.29,112.64,6.59,10.3,4.65,0.0,0.0
2025-01-06 08:18:00,193.72,120.05,13.09,10.95,1.39,0.0,13.96
2025-01-06 08:19:00,208.32,121.68,5.0,0.0,0.0,1.54,26.48
2025-01-06 08:20:00,222.07,121.84,12.31,15.63,0.0,6.92,24.94
2025-01-06 08:21:00,198.39,113.82,5.0,0.9,4.38,5.69,39.26
2025-01-06 08:22:00,207.76,115.64,5.95,3.95,0.0,3.51,37.16
2025-01-06 08:23:00,178.0,122.25,5.0,2.9,5.75,12.49,0.0
2025-01-06 08:24:00,199.83,115.23,14.1,1.57,0.0,3.42,24.3
2025-01-06 08:25:00,216.11,117.07,16.09,15.21,0.0,0.0,0.0
2025-01-06 08:26:00,211.6,124.58,14.52,10.31,5.28,10.56,0.0
2025-01-06 08:27:00,210.17,118.08,7.54,7.38,5.24,1.55,0.84
2025-01-06 08:28:00,178.08,115.37,12.22,12.62,0.0,5.94,0.0
2025-01-06 08:29:00,227.97,114.76,6.26,0.0,5.15,0.0,36.36
2025-01-06 08:30:00,185.23,119.6,5.0,1.19,7.27,5.82,0.0
2025-01-06 08:31:00,174.3,112.94,11.68,0.0,4.63,0.19,19.77
2025-01-06 08:32:00,172.91,117.28,8.12,9.33,0.0,0.0,0.0
2025-01-06 08:33:00,217.08,119.61,11.06,0.0,0.0,8.11,18.64
2025-01-06 08:34:00,200.44,123.47,15.85,0.01,1.74,0.0,5.36
2025-01-06 08:35:00,155.66,120.94,5.0,3.81,4.19,2.76,0.0
2025-01-06 08:36:00,174.81,115.42,9.2,5.81,0.0,0.0,0.0
2025-01-06 08:37:00,186.74,122.99,5.0,18.22,4.26,10.57,1.6
2025-01-06 08:38:00,200.47,117.07,5.0,11.46,7.27,0.0,4.06
2025-01-06 08:39:00,222.52,113.33,11.69,9.65,9.26,8.41,0.0
2025-01-06 08:40:00,249.56,117.58,5.0,4.71,5.42,9.92,27.49
2025-01-06 08:41:00,243.16,124.03,16.34,0.0,0.0,6.02,22.67
2025-01-06 08:42:00,150.48,118.93,9.15,14.22,0.0,0.0,1.47
2025-01-06 08:43:00,172.72,118.32,6.82,3.94,1.3,3.52,0.0
2025-01-06 08:44:00,233.53,124.82,5.0,1.66,0.0,5.38,54.62
2025-01-06 08:45:00,213.01,112.55,6.51,14.45,6.13,2.62,28.08
2025-01-06 08:46:00,183.4,113.13,9.3,6.51,3.34,3.36,3.82
2025-01-06 08:47:00,188.63,111.81,8.59,0.0,9.71,6.33,8.72
2025-01-06 08:48:00,190.87,119.76,7.46,8.31,0.0,0.0,0.0
2025-01-06 08:49:00,212.15,118.94,18.8,15.39,0.0,9.68,10.0
2025-01-06 08:50:00,212.57,124.44,8.87,8.09,0.0,0.0,43.24
2025-01-06 08:51:00,153.43,119.25,7.0,0.56,0.0,0.0,0.0
2025-01-06 08:52:00,199.02,116.66,10.64,6.99,12.19,0.0,0.0
2025-01-06 08:53:00,204.84,118.28,6.01,7.78,9.01,0.0,0.0
2025-01-06 08:54:00,184.69,118.74,13.83,12.0,0.0,0.0,21.66
2025-01-06 08:55:00,204.56,111.59,5.0,12.22,5.77,5.31,0.0
2025-01-06 08:56:00,225.81,129.11,5.0,7.3,0.0,4.61,11.94
2025-01-06 08:57:00,161.99,120.35,5.0,5.37,7.9,8.03,0.0
2025-01-06 08:58:00,226.36,119.11,6.42,8.81,9.43,0.28,0.0
2025-01-06 08:59:00,206.08,120.73,5.0,4.16,1.92,0.0,4.41
2025-01-06 09:00:00,297.1,121.11,32.77,5.49,0.0,67.94,0.0
2025-01-06 09:01:00,222.49,117.71,29.91,9.08,2.34,59.92,0.0
2025-01-06 09:02:00,284.21,115.75,31.09,2.97,1.99,54.04,0.0
2025-01-06 09:03:00,238.46,120.67,29.74,2.4,0.0,58.83,0.0
2025-01-06 09:04:00,300.59,119.82,24.34,11.61,0.0,63.14,8.58
2025-01-06 09:05:00,266.2,115.03,28.32,3.19,0.0,61.24,0.0
2025-01-06 09:06:00,254.47,123.95,24.39,8.39,0.0,57.26,0.0
2025-01-06 09:07:00,304.29,119.45,33.4,14.02,8.09,63.58,0.0
2025-01-06 09:08:00,294.1,121.19,21.65,15.72,4.28,64.44,0.0
2025-01-06 09:09:00,317.89,123.84,25.09,10.2,4.23,66.0,31.17
2025-01-06 09:10:00,308.5,118.36,34.4,12.54,1.64,62.85,0.0
2025-01-06 09:11:00,279.97,119.54,30.42,3.88,1.29,71.06,22.21
2025-01-06 09:12:00,275.83,121.51,28.55,6.16,0.0,68.68,12.7
2025-01-06 09:13:00,286.83,115.37,27.01,8.1,13.89,66.65,7.61
2025-01-06 09:14:00,272.16,118.49,17.24,7.45,0.0,53.28,23.97
2025-01-06 09:15:00,276.35,118.77,31.77,20.39,0.0,60.57,13.91
2025-01-06 09:16:00,253.27,114.45,21.34,5.53,0.0,65.08,0.0
2025-01-06 09:17:00,277.32,127.54,25.83,0.41,4.36,61.68,11.14
2025-01-06 09:18:00,279.13,112.64,28.36,16.97,9.65,66.8,0.0
2025-01-06 09:19:00,268.49,113.08,35.48,16.49,0.0,66.52,4.32
2025-01-06 09:20:00,255.15,123.53,38.52,6.08,0.0,54.58,0.0
2025-01-06 09:21:00,276.18,121.13,27.99,8.81,5.83,55.74,0.0
2025-01-06 09:22:00,278.86,114.17,34.01,5.8,0.0,57.22,11.81
2025-01-06 09:23:00,300.1,120.7,33.75,16.1,2.5,71.31,0.0
2025-01-06 09:24:00,277.69,124.14,27.4,2.39,2.76,66.72,4.11
2025-01-06 09:25:00,251.17,118.15,31.7,1.55,0.0,48.55,29.42
2025-01-06 09:26:00,279.52,128.67,23.63,0.0,10.53,63.81,7.2
2025-01-06 09:27:00,278.19,111.38,28.23,5.45,5.9,66.98,4.69
2025-01-06 09:28:00,268.03,121.05,32.27,11.14,0.0,57.08,22.73
2025-01-06 09:29:00,306.23,122.94,27.5,3.75,8.98,64.77,10.22
2025-01-06 09:30:00,290.41,121.84,25.75,10.8,2.98,64.84,0.0
2025-01-06 09:31:00,292.86,117.46,22.37,3.57,2.22,58.59,8.22
2025-01-06 09:32:00,249.01,117.11,30.31,2.85,0.0,62.03,27.99
2025-01-06 09:33:00,281.21,120.05,29.63,11.91,10.56,53.43,10.64
2025-01-06 09:34:00,328.58,121.54,25.13,8.74,2.72,63.4,0.0
2025-01-06 09:35:00,293.79,120.68,32.06,0.0,0.0,65.08,7.61
2025-01-06 09:36:00,267.99,122.43,20.22,4.86,0.0,70.54,0.0
2025-01-06 09:37:00,252.87,114.2,30.41,11.08,0.0,66.36,26.59
2025-01-06 09:38:00,264.98,117.36,30.45,7.6,4.19,69.1,5.29
2025-01-06 09:39:00,238.71,114.51,18.49,9.09,8.53,69.91,0.0
2025-01-06 09:40:00,295.48,116.73,23.75,10.78,6.77,62.98,17.37
2025-01-06 09:41:00,287.73,122.33,26.88,19.33,2.16,55.16,0.77
2025-01-06 09:42:00,314.15,118.7,28.25,0.0,6.88,63.38,42.65
2025-01-06 09:43:00,323.5,128.7,31.8,5.19,2.6,65.15,25.45
2025-01-06 09:44:00,310.97,119.05,21.38,10.32,3.11,64.62,7.49
2025-01-06 09:45:00,300.2,118.51,28.44,13.66,7.23,58.68,2.18
2025-01-06 09:46:00,293.39,118.7,30.79,3.21,0.0,61.05,13.03
2025-01-06 09:47:00,263.25,115.72,36.37,5.81,0.0,70.66,0.0
2025-01-06 09:48:00,277.32,118.04,21.84,4.36,9.28,59.34,23.01
2025-01-06 09:49:00,252.75,122.78,27.55,0.37,0.0,60.66,0.0
2025-01-06 09:50:00,289.35,118.73,24.7,9.74,0.0,75.48,11.18
2025-01-06 09:51:00,250.5,115.1,34.2,2.2,0.0,54.78,0.0
2025-01-06 09:52:00,277.85,114.57,20.32,7.55,6.76,53.35,0.0
2025-01-06 09:53:00,246.49,116.47,25.61,7.41,8.68,56.81,1.93
2025-01-06 09:54:00,288.03,118.57,36.14,0.0,3.38,64.07,17.66
2025-01-06 09:55:00,312.0,123.05,26.13,9.72,0.0,56.85,21.88
2025-01-06 09:56:00,276.63,112.91,23.35,23.16,0.0,63.12,0.0
2025-01-06 09:57:00,311.28,116.99,32.94,20.77,0.0,63.28,9.38
2025-01-06 09:58:00,279.69,118.85,29.48,9.03,5.39,67.92,0.0
2025-01-06 09:59:00,249.33,110.94,27.75,10.18,1.67,60.02,14.57
2025-01-06 10:00:00,228.7,114.94,28.88,2.98,0.57,58.67,0.0
2025-01-06 10:01:00,255.63,115.55,27.95,10.28,0.0,55.33,0.0
2025-01-06 10:02:00,259.23,115.09,18.14,5.57,0.0,53.8,19.93
2025-01-06 10:03:00,279.52,119.04,26.72,9.85,6.48,62.82,0.0
2025-01-06 10:04:00,264.16,117.63,21.99,20.75,0.0,64.72,0.0
2025-01-06 10:05:00,280.38,116.05,32.87,13.39,8.72,55.59,15.85
2025-01-06 10:06:00,309.43,119.98,28.32,1.08,0.0,56.2,43.26
2025-01-06 10:07:00,320.38,125.16,28.8,6.78,6.99,62.1,0.0
2025-01-06 10:08:00,287.79,124.83,28.21,0.0,0.0,72.64,5.46
2025-01-06 10:09:00,249.67,110.58,22.09,5.85,0.0,61.21,0.1
2025-01-06 10:10:00,257.24,120.58,21.76,6.14,4.97,58.48,8.91
2025-01-06 10:11:00,252.0,117.56,19.25,8.64,0.17,50.27,19.71
2025-01-06 10:12:00,265.01,118.89,30.09,5.82,0.0,59.12,0.0
2025-01-06 10:13:00,275.59,116.68,32.71,10.81,0.76,56.51,0.0
2025-01-06 10:14:00,280.25,118.74,26.93,0.0,2.54,65.02,0.0
2025-01-06 10:15:00,298.96,118.88,37.64,18.23,1.02,76.53,0.0
2025-01-06 10:16:00,284.91,115.96,33.27,4.14,1.31,63.54,4.45
2025-01-06 10:17:00,337.72,114.69,31.21,4.45,3.08,64.25,19.21
2025-01-06 10:18:00,257.72,116.48,35.19,4.74,8.1,66.35,2.68
2025-01-06 10:19:00,301.26,119.21,28.1,9.73,0.0,61.88,10.62
2025-01-06 10:20:00,294.57,120.67,32.68,5.79,0.0,70.09,0.0
2025-01-06 10:21:00,292.71,121.69,28.89,4.83,7.92,63.5,18.85
2025-01-06 10:22:00,260.98,116.3,23.66,0.0,0.0,55.25,0.0
2025-01-06 10:23:00,262.8,119.41,19.26,3.72,2.34,64.26,0.0
2025-01-06 10:24:00,298.68,122.12,19.73,15.22,7.69,47.34,18.48
2025-01-06 10:25:00,268.27,122.93,30.92,7.08,0.0,61.18,5.13
2025-01-06 10:26:00,233.81,118.04,35.19,2.71,0.0,59.5,0.0
2025-01-06 10:27:00,275.3,117.39,27.72,1.51,0.84,59.28,27.74
2025-01-06 10:28:00,273.69,119.04,33.48,3.01,4.62,60.1,0.0
2025-01-06 10:29:00,247.38,113.67,28.08,0.85,11.42,59.63,0.0
2025-01-06 10:30:00,284.84,117.5,30.76,10.04,8.56,53.42,5.15
2025-01-06 10:31:00,228.77,121.25,34.96,5.6,0.0,52.88,1.57
2025-01-06 10:32:00,321.65,120.84,29.26,5.53,2.63,58.34,19.61
2025-01-06 10:33:00,274.69,117.19,30.01,0.0,0.0,62.06,6.15
2025-01-06 10:34:00,280.9,119.14,24.81,7.96,0.0,67.63,6.32
2025-01-06 10:35:00,361.26,114.97,34.46,7.31,13.5,67.3,54.32
2025-01-06 10:36:00,208.93,121.09,22.6,0.0,0.0,51.07,0.0
2025-01-06 10:37:00,263.54,117.96,28.77,3.33,0.0,51.26,23.42
2025-01-06 10:38:00,305.38,117.17,23.74,6.17,12.4,61.26,0.0
2025-01-06 10:39:00,224.95,116.83,29.56,0.0,2.32,58.57,0.0
2025-01-06 10:40:00,281.16,118.02,36.37,0.0,0.0,55.87,13.12
2025-01-06 10:41:00,213.39,116.48,28.14,2.16,0.0,52.35,0.0
2025-01-06 10:42:00,270.5,120.91,26.39,14.03,13.23,59.21,25.77
2025-01-06 10:43:00,1005.28,116.69,28.03,11.04,6.67,62.6,0.0
2025-01-06 10:44:00,286.49,124.64,39.96,15.5,0.16,59.67,0.0
2025-01-06 10:45:00,328.61,124.13,32.78,9.23,7.53,65.18,12.37
2025-01-06 10:46:00,271.57,114.71,31.07,0.0,0.0,57.21,9.63
2025-01-06 10:47:00,275.26,118.55,25.33,2.43,0.0,56.68,20.78
2025-01-06 10:48:00,266.58,115.67,27.96,4.1,0.0,67.65,0.0
2025-01-06 10:49:00,336.54,116.97,32.09,12.19,11.13,66.36,31.26
2025-01-06 10:50:00,246.97,126.28,27.51,7.07,1.5,55.03,5.04
2025-01-06 10:51:00,263.5,117.04,19.07,5.96,5.27,62.46,19.34
2025-01-06 10:52:00,277.54,119.71,33.33,1.83,6.98,53.4,8.25
2025-01-06 10:53:00,266.76,120.44,30.44,12.74,0.0,55.36,10.02
2025-01-06 10:54:00,242.96,114.27,29.35,1.37,0.0,72.76,0.0
2025-01-06 10:55:00,301.14,114.85,24.85,3.37,6.38,51.43,34.04
2025-01-06 10:56:00,262.47,113.45,24.97,0.36,0.0,63.02,0.0
2025-01-06 10:57:00,221.01,114.73,20.74,5.56,3.91,60.74,0.0
2025-01-06 10:58:00,237.53,106.87,31.31,1.75,0.0,69.71,0.0
2025-01-06 10:59:00,296.35,120.45,24.18,1.27,0.0,63.4,0.0
2025-01-06 11:00:00,255.48,126.49,23.14,0.0,0.0,63.49,0.0
2025-01-06 11:01:00,270.94,118.86,22.13,0.0,7.78,62.66,0.0
2025-01-06 11:02:00,292.09,112.61,27.61,0.47,0.0,64.85,0.0
2025-01-06 11:03:00,259.08,115.7,17.98,9.04,9.51,56.78,0.0
2025-01-06 11:04:00,256.48,116.44,24.5,5.91,1.58,57.41,0.0
2025-01-06 11:05:00,258.39,114.2,26.81,0.0,4.12,55.27,0.0
2025-01-06 11:06:00,271.79,121.71,34.67,0.3,0.0,65.87,0.0
2025-01-06 11:07:00,261.38,121.51,31.49,15.23,0.0,61.43,0.0
2025-01-06 11:08:00,296.37,113.65,23.92,10.3,0.0,63.06,0.0
2025-01-06 11:09:00,282.22,121.17,31.53,14.43,5.53,66.01,8.7
2025-01-06 11:10:00,307.7,124.38,31.64,2.85,0.0,70.02,18.49
2025-01-06 11:11:00,283.28,125.88,26.57,9.14,0.0,69.84,0.0
2025-01-06 11:12:00,318.62,129.73,29.48,0.0,0.0,66.47,0.0
2025-01-06 11:13:00,243.38,114.66,23.31,7.08,5.85,58.7,23.44
2025-01-06 11:14:00,271.26,129.57,24.29,5.93,2.1,67.98,1.38
2025-01-06 11:15:00,245.1,116.86,32.18,4.16,1.63,67.8,0.0
2025-01-06 11:16:00,291.11,115.9,31.91,8.31,0.0,58.41,0.0
2025-01-06 11:17:00,257.53,119.58,26.24,10.21,1.05,60.49,0.0
2025-01-06 11:18:00,295.71,115.94,30.79,0.0,1.25,63.16,0.0
2025-01-06 11:19:00,270.66,119.87,12.93,0.0,0.0,66.17,19.49
2025-01-06 11:20:00,312.39,112.99,36.1,5.85,6.36,61.84,1.24
2025-01-06 11:21:00,316.16,117.32,25.66,9.58,1.51,67.76,42.71
2025-01-06 11:22:00,277.5,123.41,27.52,3.61,0.83,69.82,5.04
2025-01-06 11:23:00,285.72,118.04,29.82,13.46,0.0,64.83,3.19
2025-01-06 11:24:00,293.66,118.84,25.52,11.74,7.09,75.43,0.0
2025-01-06 11:25:00,272.22,120.17,28.47,12.54,0.0,77.24,5.45
2025-01-06 11:26:00,250.27,122.96,23.48,4.86,0.0,66.22,0.0
2025-01-06 11:27:00,284.23,111.65,29.07,4.97,1.6,67.25,0.0
2025-01-06 11:28:00,279.15,120.61,28.44,6.89,3.28,56.56,4.33
2025-01-06 11:29:00,271.21,117.2,20.04,11.86,4.27,65.48,0.0
2025-01-06 11:30:00,239.18,118.94,29.04,9.22,0.0,58.62,0.0
2025-01-06 11:31:00,269.5,122.51,31.53,14.87,0.0,60.79,0.0
2025-01-06 11:32:00,264.29,113.5,30.03,0.0,2.54,48.37,0.0
2025-01-06 11:33:00,293.09,114.22,28.13,6.68,0.0,49.87,13.34
2025-01-06 11:34:00,310.26,110.53,34.95,10.52,10.87,62.12,31.02
2025-01-06 11:35:00,226.73,116.08,22.02,0.62,0.0,52.03,0.0
2025-01-06 11:36:00,258.8,123.59,30.11,15.11,0.0,49.71,0.0
2025-01-06 11:37:00,264.01,117.79,22.77,7.69,3.16,53.25,0.0
2025-01-06 11:38:00,233.62,112.91,28.36,2.77,0.0,54.86,0.0
2025-01-06 11:39:00,261.04,116.33,26.68,0.0,5.89,52.44,13.73
2025-01-06 11:40:00,261.78,112.32,23.55,6.2,0.0,64.2,0.0
2025-01-06 11:41:00,305.47,113.77,34.58,3.81,2.32,57.11,15.48
2025-01-06 11:42:00,271.52,119.83,25.53,4.07,7.92,62.69,0.0
2025-01-06 11:43:00,276.64,113.58,27.14,13.58,7.46,67.05,0.0
2025-01-06 11:44:00,298.77,122.72,30.71,0.0,0.0,65.39,3.04
2025-01-06 11:45:00,290.6,117.99,22.4,2.72,0.0,64.85,12.59
2025-01-06 11:46:00,262.71,118.61,25.84,1.5,0.0,54.37,0.0
2025-01-06 11:47:00,269.41,117.16,30.69,19.56,10.73,69.42,0.0
2025-01-06 11:48:00,241.91,121.36,17.98,6.62,4.85,55.93,0.0
2025-01-06 11:49:00,237.6,121.41,24.28,0.56,2.89,56.65,31.4
2025-01-06 11:50:00,268.75,119.61,26.87,8.59,8.15,49.81,0.0
2025-01-06 11:51:00,285.76,120.53,29.8,10.27,3.69,64.37,16.75
2025-01-06 11:52:00,258.35,117.42,31.3,12.01,0.04,55.31,0.0
2025-01-06 11:53:00,268.87,120.44,22.32,12.84,0.0,64.93,0.0
2025-01-06 11:54:00,316.65,116.92,26.52,7.07,4.96,70.2,17.51
2025-01-06 11:55:00,304.19,118.28,32.13,10.5,10.55,62.87,2.75
2025-01-06 11:56:00,298.38,117.17,29.92,5.75,2.42,57.42,30.5
2025-01-06 11:57:00,315.01,116.44,28.85,4.19,7.18,66.63,25.6
2025-01-06 11:58:00,291.55,115.52,23.49,0.0,4.74,61.32,32.61
2025-01-06 11:59:00,271.72,120.14,29.52,15.37,1.41,60.34,0.0
2025-01-06 12:00:00,291.15,123.51,27.69,11.0,4.25,54.94,18.13
2025-01-06 12:01:00,286.41,122.96,21.02,14.49,0.0,48.51,0.15
2025-01-06 12:02:00,232.35,113.25,30.59,3.94,0.64,49.76,0.0
2025-01-06 12:03:00,274.65,123.43,32.24,0.0,4.16,70.14,0.0
2025-01-06 12:04:00,258.95,117.0,30.93,0.0,0.57,57.42,20.46
2025-01-06 12:05:00,268.87,120.68,29.74,8.19,9.73,61.4,0.0
2025-01-06 12:06:00,234.63,114.65,27.11,10.06,7.13,56.41,0.0
2025-01-06 12:07:00,267.86,118.84,25.29,0.0,12.41,61.87,4.91
2025-01-06 12:08:00,261.42,119.53,26.83,1.58,7.36,59.98,0.0
2025-01-06 12:09:00,261.01,112.33,28.26,18.94,2.95,56.97,0.0
2025-01-06 12:10:00,304.75,120.71,33.12,14.4,4.77,44.67,19.7
2025-01-06 12:11:00,305.2,123.66,24.85,20.5,9.05,77.67,24.23
2025-01-06 12:12:00,273.5,117.57,30.6,8.7,0.0,66.49,0.0
2025-01-06 12:13:00,259.27,123.71,29.37,0.0,3.03,65.74,0.0
2025-01-06 12:14:00,251.25,117.51,20.08,0.0,0.0,54.97,1.11
2025-01-06 12:15:00,300.33,121.67,32.46,12.14,0.0,65.29,16.13
2025-01-06 12:16:00,257.57,109.4,27.66,13.19,0.29,66.63,5.6
2025-01-06 12:17:00,296.4,127.95,26.7,0.0,0.0,55.19,0.0
2025-01-06 12:18:00,278.55,124.25,30.65,10.88,10.33,55.95,4.79
2025-01-06 12:19:00,259.24,117.13,27.69,12.06,0.0,62.25,0.0
2025-01-06 12:20:00,247.7,110.38,28.78,8.91,0.0,66.03,4.81
2025-01-06 12:21:00,278.91,119.42,25.64,11.75,1.92,69.47,3.05
2025-01-06 12:22:00,234.84,112.5,25.22,13.1,13.11,60.22,0.0
2025-01-06 12:23:00,316.0,120.05,35.27,12.93,2.64,75.07,4.19
2025-01-06 12:24:00,305.17,119.92,25.43,0.0,0.0,70.59,19.78
2025-01-06 12:25:00,294.82,114.51,21.7,12.81,0.0,54.86,21.23
2025-01-06 12:26:00,275.19,122.76,26.52,2.74,5.14,58.67,0.0
2025-01-06 12:27:00,254.2,121.49,21.29,3.54,6.86,56.63,5.48
2025-01-06 12:28:00,258.7,122.18,25.32,1.95,0.0,66.3,0.0
2025-01-06 12:29:00,276.39,118.31,29.89,2.47,0.0,53.47,18.58
2025-01-06 12:30:00,275.39,112.61,30.6,0.7,8.02,62.47,30.64
2025-01-06 12:31:00,277.89,122.18,20.88,11.24,2.19,64.65,0.0
2025-01-06 12:32:00,323.13,117.19,16.59,3.62,0.0,64.76,25.18
2025-01-06 12:33:00,222.39,112.71,27.75,7.39,3.65,51.08,0.0
2025-01-06 12:34:00,304.89,123.68,29.21,5.4,0.0,51.42,25.49
2025-01-06 12:35:00,281.7,126.67,24.7,3.08,8.76,62.0,24.56
2025-01-06 12:36:00,271.58,118.11,27.13,7.9,0.0,68.46,20.75
2025-01-06 12:37:00,322.69,126.91,22.14,13.86,0.0,68.37,13.86
2025-01-06 12:38:00,257.27,118.64,26.56,0.0,0.0,63.92,0.0
2025-01-06 12:39:00,297.7,116.75,23.7,7.39,0.0,67.56,26.61
2025-01-06 12:40:00,264.88,115.75,28.18,3.02,0.0,58.15,0.0
2025-01-06 12:41:00,319.73,124.82,20.28,6.78,5.96,58.27,37.91
2025-01-06 12:42:00,272.35,115.15,25.59,2.62,5.7,57.91,0.0
2025-01-06 12:43:00,288.67,121.21,22.5,12.59,6.05,63.45,0.0
2025-01-06 12:44:00,260.22,116.04,29.38,2.73,9.44,62.07,0.0
2025-01-06 12:45:00,269.26,116.43,28.51,8.97,6.93,57.28,0.39
2025-01-06 12:46:00,311.39,122.39,25.32,0.43,4.56,61.34,12.69
2025-01-06 12:47:00,278.46,116.75,26.05,13.39,8.74,67.47,0.0
2025-01-06 12:48:00,288.83,116.65,20.03,2.51,4.28,62.58,0.0
2025-01-06 12:49:00,305.48,122.8,32.44,5.33,8.42,61.78,0.0
2025-01-06 12:50:00,309.73,124.66,20.68,1.1,10.5,72.02,0.0
2025-01-06 12:51:00,313.48,120.85,38.44,3.65,7.61,66.47,22.79
2025-01-06 12:52:00,258.82,115.65,30.49,6.15,0.0,51.63,0.0
2025-01-06 12:53:00,329.22,116.23,33.04,6.32,9.41,61.81,0.0
2025-01-06 12:54:00,249.91,118.59,27.98,11.71,0.0,70.0,0.0
2025-01-06 12:55:00,327.44,119.56,31.74,13.87,0.0,56.77,34.36
2025-01-06 12:56:00,269.1,114.32,19.8,4.93,0.0,70.37,9.37
2025-01-06 12:57:00,339.84,121.16,22.55,4.14,7.29,66.71,46.72
2025-01-06 12:58:00,277.17,118.61,24.1,7.37,0.0,57.08,0.0
2025-01-06 12:59:00,244.28,111.41,28.67,4.85,3.67,69.65,0.0
2025-01-06 13:00:00,293.9,114.56,37.24,5.3,3.9,69.22,17.93
2025-01-06 13:01:00,219.65,116.26,28.14,13.85,6.39,52.26,0.0
2025-01-06 13:02:00,262.16,117.98,27.24,5.78,7.99,51.01,0.0
2025-01-06 13:03:00,294.29,125.83,19.62,3.22,8.99,67.41,7.8
2025-01-06 13:04:00,304.43,119.23,28.72,0.0,0.0,68.21,0.78
2025-01-06 13:05:00,256.46,114.91,21.7,0.0,0.0,71.56,12.79
2025-01-06 13:06:00,302.87,119.16,32.09,8.99,0.87,68.12,0.0
2025-01-06 13:07:00,319.8,116.86,34.12,4.59,19.22,64.02,27.22
2025-01-06 13:08:00,257.75,119.57,29.73,12.83,1.63,62.21,5.93
2025-01-06 13:09:00,302.04,120.59,25.74,8.06,0.0,47.92,36.23
2025-01-06 13:10:00,263.97,123.11,23.11,9.15,6.49,60.07,13.41
2025-01-06 13:11:00,251.81,118.18,23.63,12.73,13.65,57.41,0.0
2025-01-06 13:12:00,302.73,124.83,23.73,3.14,1.91,58.94,18.19
2025-01-06 13:13:00,269.8,121.9,21.68,14.35,0.0,53.13,8.29
2025-01-06 13:14:00,290.71,115.44,22.07,10.56,5.62,64.81,0.0
2025-01-06 13:15:00,290.78,127.11,30.12,5.61,0.0,63.6,9.64
2025-01-06 13:16:00,291.57,119.58,25.44,4.86,0.0,56.17,25.97
2025-01-06 13:17:00,287.1,114.93,29.95,6.93,2.98,62.38,0.0
2025-01-06 13:18:00,316.95,124.88,23.32,11.09,9.89,67.39,33.76
2025-01-06 13:19:00,250.74,126.58,23.06,1.08,5.45,60.17,3.53
2025-01-06 13:20:00,298.51,118.14,27.57,4.49,8.82,52.35,0.0
2025-01-06 13:21:00,222.92,116.26,20.49,4.93,0.0,50.38,5.34
2025-01-06 13:22:00,308.01,117.58,26.76,18.62,10.96,62.54,30.04
2025-01-06 13:23:00,332.57,121.13,37.07,12.18,4.63,60.74,22.51
2025-01-06 13:24:00,303.32,123.38,27.45,8.13,8.78,63.84,14.02
2025-01-06 13:25:00,272.23,120.55,27.17,0.0,0.0,54.1,19.13
2025-01-06 13:26:00,273.92,118.68,25.95,16.72,0.0,53.11,0.0
2025-01-06 13:27:00,247.91,124.26,29.49,0.0,7.35,56.97,0.0
2025-01-06 13:28:00,275.44,117.02,32.23,0.0,7.77,67.28,3.69
2025-01-06 13:29:00,305.29,122.4,18.63,2.37,12.08,62.81,7.24
2025-01-06 13:30:00,298.54,117.12,19.51,0.01,15.58,67.9,19.74
2025-01-06 13:31:00,243.62,120.0,23.83,6.77,8.94,66.04,0.0
2025-01-06 13:32:00,253.93,117.82,33.6,3.43,0.0,61.12,0.0
2025-01-06 13:33:00,285.17,118.05,29.8,14.9,0.0,52.48,0.0
2025-01-06 13:34:00,250.76,116.76,33.23,0.0,9.16,65.66,15.62
2025-01-06 13:35:00,315.67,123.65,33.49,9.29,10.56,72.71,0.0
2025-01-06 13:36:00,240.93,115.34,24.35,22.26,0.38,62.03,0.0
2025-01-06 13:37:00,241.63,115.31,29.46,3.85,0.0,64.87,0.0
2025-01-06 13:38:00,272.85,126.76,29.66,15.03,1.56,54.51,0.0
2025-01-06 13:39:00,273.21,122.18,26.48,6.64,3.2,70.64,0.0
2025-01-06 13:40:00,298.0,108.73,28.07,7.47,0.0,64.85,0.0
2025-01-06 13:41:00,255.35,116.01,24.22,1.92,2.34,61.58,1.82
2025-01-06 13:42:00,318.48,111.02,23.11,5.46,10.96,71.87,0.0
2025-01-06 13:43:00,268.82,114.47,34.8,0.84,0.0,68.9,0.0
2025-01-06 13:44:00,244.62,105.72,27.67,0.0,3.6,57.58,1.37
2025-01-06 13:45:00,272.48,117.72,28.06,17.69,2.02,47.42,2.17
2025-01-06 13:46:00,261.41,113.7,26.84,3.14,0.0,60.74,5.8
2025-01-06 13:47:00,234.82,118.51,25.2,1.87,1.56,68.22,0.0
2025-01-06 13:48:00,224.73,111.77,25.21,5.22,6.7,47.94,0.0
2025-01-06 13:49:00,274.21,118.6,35.57,4.68,0.0,67.36,12.26
2025-01-06 13:50:00,231.79,116.61,21.14,0.0,5.24,59.6,0.0
2025-01-06 13:51:00,331.55,124.28,20.38,21.36,4.36,70.64,0.0
2025-01-06 13:52:00,261.46,123.92,20.65,11.58,4.95,60.7,0.0
2025-01-06 13:53:00,278.19,121.41,15.79,0.0,0.0,61.28,21.37
2025-01-06 13:54:00,303.87,116.97,35.67,9.3,0.0,64.03,10.08
2025-01-06 13:55:00,258.1,126.21,25.05,7.95,8.38,59.05,0.0
2025-01-06 13:56:00,300.13,112.06,30.67,12.4,4.15,57.0,0.0
2025-01-06 13:57:00,243.32,112.66,25.04,1.24,0.0,57.7,7.75
2025-01-06 13:58:00,316.37,117.94,31.86,7.87,0.0,73.93,10.45
2025-01-06 13:59:00,324.64,127.29,35.02,0.0,4.11,57.28,28.08
2025-01-06 14:00:00,299.19,117.46,33.87,0.0,7.4,65.09,27.22
2025-01-06 14:01:00,307.79,117.54,22.88,16.43,5.36,71.83,4.77
2025-01-06 14:02:00,313.8,112.5,14.07,7.65,0.18,76.6,14.16
2025-01-06 14:03:00,256.8,122.06,28.06,3.66,0.0,56.04,0.0
2025-01-06 14:04:00,295.33,122.09,32.57,0.0,4.12,67.45,0.0
2025-01-06 14:05:00,319.41,121.43,38.57,15.45,0.0,63.11,9.85
2025-01-06 14:06:00,270.79,115.76,27.81,11.77,0.0,60.73,0.0
2025-01-06 14:07:00,282.34,115.45,34.45,5.24,2.38,60.7,23.29
2025-01-06 14:08:00,296.81,113.1,22.52,13.37,5.08,65.09,3.48
2025-01-06 14:09:00,259.13,118.61,26.53,9.65,0.0,56.13,0.0
2025-01-06 14:10:00,247.78,113.95,27.5,0.0,0.0,69.17,5.7
2025-01-06 14:11:00,283.83,113.56,26.82,15.49,0.0,69.23,0.0
2025-01-06 14:12:00,299.57,116.58,25.63,14.64,1.4,63.4,33.3
2025-01-06 14:13:00,233.72,116.32,32.76,2.11,11.74,60.62,0.0
2025-01-06 14:14:00,314.23,116.12,30.6,15.92,1.76,71.73,16.37
2025-01-06 14:15:00,277.74,120.14,30.67,4.76,0.0,64.13,0.0
2025-01-06 14:16:00,266.02,118.59,34.16,9.99,0.0,77.85,0.0
2025-01-06 14:17:00,302.19,117.12,23.75,7.89,0.0,67.06,1.78
2025-01-06 14:18:00,242.87,119.0,22.02,0.0,6.78,61.46,0.0
2025-01-06 14:19:00,311.5,114.31,38.15,12.72,5.2,66.69,9.06
2025-01-06 14:20:00,272.58,118.69,26.43,4.87,4.11,57.96,0.0
2025-01-06 14:21:00,279.59,118.87,25.04,7.51,0.0,59.39,5.98
2025-01-06 14:22:00,906.69,112.26,22.15,6.91,0.0,64.55,0.0
2025-01-06 14:23:00,295.5,122.26,30.77,13.97,0.0,65.06,0.0
2025-01-06 14:24:00,263.19,114.75,29.82,6.53,7.89,62.17,0.0
2025-01-06 14:25:00,267.04,118.63,28.69,12.55,7.07,57.86,17.2
2025-01-06 14:26:00,270.05,122.93,29.97,3.54,1.04,57.55,4.24
2025-01-06 14:27:00,299.51,121.98,38.17,0.0,1.71,62.21,16.05
2025-01-06 14:28:00,331.66,118.41,34.48,11.64,3.42,61.6,18.49
2025-01-06 14:29:00,237.88,116.82,28.57,1.56,0.0,52.5,16.95
2025-01-06 14:30:00,242.93,122.06,25.77,2.06,0.0,62.5,4.92
2025-01-06 14:31:00,325.98,120.97,29.5,6.89,4.69,64.32,23.51
2025-01-06 14:32:00,281.0,115.8,28.6,0.75,0.0,45.92,29.48
2025-01-06 14:33:00,986.28,115.09,26.53,0.0,0.0,60.82,0.0
2025-01-06 14:34:00,274.05,109.98,31.99,3.99,0.0,55.6,5.96
2025-01-06 14:35:00,333.55,118.89,27.82,0.86,4.35,66.55,27.05
2025-01-06 14:36:00,263.47,117.94,18.08,11.06,0.0,63.24,10.59
2025-01-06 14:37:00,308.78,122.82,23.4,4.43,13.77,57.03,1.05
2025-01-06 14:38:00,264.96,119.71,32.55,9.03,2.59,55.62,0.0
2025-01-06 14:39:00,291.67,123.61,29.29,8.41,0.0,63.35,1.26
2025-01-06 14:40:00,242.95,115.48,31.31,5.06,2.94,54.9,0.0
2025-01-06 14:41:00,301.27,122.83,29.32,16.33,4.72,66.68,0.0
2025-01-06 14:42:00,265.25,116.16,30.14,17.2,7.21,55.87,2.48
2025-01-06 14:43:00,274.54,121.38,33.34,0.0,0.0,60.74,0.0
2025-01-06 14:44:00,243.55,112.44,27.81,0.0,7.07,58.05,0.0
2025-01-06 14:45:00,279.31,119.21,20.16,0.0,9.93,65.11,0.0
2025-01-06 14:46:00,278.5,110.33,25.46,0.0,3.08,64.92,1.53
2025-01-06 14:47:00,276.71,117.2,23.8,10.71,0.4,68.44,29.3
2025-01-06 14:48:00,267.97,120.03,30.33,0.0,1.07,64.92,0.0
2025-01-06 14:49:00,292.25,116.19,28.22,6.06,0.0,65.31,0.0
2025-01-06 14:50:00,273.85,114.07,25.65,0.0,0.0,60.36,0.0
2025-01-06 14:51:00,302.69,121.66,31.19,0.65,0.0,65.98,28.51
2025-01-06 14:52:00,288.95,117.86,28.07,13.49,0.0,71.35,14.85
2025-01-06 14:53:00,231.72,116.31,28.96,0.69,2.5,63.53,21.74
2025-01-06 14:54:00,253.17,118.44,31.27,5.6,2.59,57.95,0.0
2025-01-06 14:55:00,310.87,128.82,25.18,11.57,0.0,61.48,6.16
2025-01-06 14:56:00,246.39,122.89,32.43,0.0,0.78,64.49,0.0
2025-01-06 14:57:00,300.64,122.92,28.96,16.82,1.42,64.63,36.79
2025-01-06 14:58:00,261.63,120.01,25.26,3.03,5.75,52.84,10.18
2025-01-06 14:59:00,298.63,118.94,21.41,14.06,0.0,72.38,3.1
2025-01-06 15:00:00,274.57,108.69,29.73,5.45,4.85,54.66,9.42
2025-01-06 15:01:00,257.65,115.56,21.08,2.1,0.0,70.72,0.0
2025-01-06 15:02:00,261.55,116.35,33.01,0.0,6.14,64.72,3.13
2025-01-06 15:03:00,221.99,110.77,25.94,6.23,0.0,64.21,0.0
2025-01-06 15:04:00,249.52,113.64,26.63,0.0,0.0,75.51,0.0
2025-01-06 15:05:00,264.64,110.35,30.29,4.25,10.61,61.85,0.0
2025-01-06 15:06:00,247.47,118.12,15.51,6.37,0.0,65.65,0.0
2025-01-06 15:07:00,274.55,121.55,26.3,15.4,1.14,64.23,0.0
2025-01-06 15:08:00,309.06,122.7,34.91,22.63,3.92,66.79,0.0
2025-01-06 15:09:00,288.17,119.93,19.69,1.04,0.24,60.8,12.23
2025-01-06 15:10:00,309.03,114.42,29.23,5.75,7.49,69.78,23.35
2025-01-06 15:11:00,269.63,110.54,19.38,0.2,0.0,63.64,7.45
2025-01-06 15:12:00,276.03,111.25,27.89,8.24,8.9,57.05,10.35
2025-01-06 15:13:00,245.54,113.2,29.28,8.76,20.23,64.94,0.0
2025-01-06 15:14:00,271.72,114.72,24.61,4.13,4.05,64.6,13.16
2025-01-06 15:15:00,276.79,117.63,25.91,4.69,0.0,66.07,7.01
2025-01-06 15:16:00,268.86,114.22,28.3,2.46,8.19,57.99,0.0
2025-01-06 15:17:00,272.5,119.63,31.77,6.4,0.44,57.92,0.0
2025-01-06 15:18:00,287.03,117.34,27.1,9.86,0.0,63.17,5.17
2025-01-06 15:19:00,290.73,118.31,18.48,6.79,0.29,68.76,18.19
2025-01-06 15:20:00,284.38,122.83,28.95,4.71,2.46,63.72,3.65
2025-01-06 15:21:00,232.69,113.55,20.23,0.0,0.0,63.63,0.0
2025-01-06 15:22:00,295.32,119.95,36.93,1.54,9.1,51.66,25.93
2025-01-06 15:23:00,242.97,118.22,23.38,6.17,1.61,49.6,0.0
2025-01-06 15:24:00,235.52,116.94,21.55,8.43,3.07,58.2,5.11
2025-01-06 15:25:00,269.41,121.81,24.12,6.37,5.24,58.06,0.0
2025-01-06 15:26:00,255.33,121.79,26.54,8.54,5.82,65.5,0.0
2025-01-06 15:27:00,291.98,114.49,25.24,4.53,2.49,56.63,0.0
2025-01-06 15:28:00,281.8,117.54,25.53,0.0,10.04,62.85,0.0
2025-01-06 15:29:00,252.04,119.4,21.03,9.8,3.81,56.96,0.0
2025-01-06 15:30:00,289.01,117.18,25.46,2.31,0.0,60.79,0.0
2025-01-06 15:31:00,261.86,120.61,37.32,2.12,0.0,63.57,3.83
2025-01-06 15:32:00,274.57,119.4,33.81,14.02,11.06,69.74,0.0
2025-01-06 15:33:00,370.7,125.6,31.48,0.0,3.22,53.7,87.93
2025-01-06 15:34:00,219.5,112.15,28.57,6.81,0.0,58.36,0.0
2025-01-06 15:35:00,229.28,117.78,24.12,6.1,0.0,67.93,0.0
2025-01-06 15:36:00,254.51,114.64,26.83,4.22,9.48,68.9,0.97
2025-01-06 15:37:00,233.0,120.69,27.81,2.33,0.0,58.54,0.0
2025-01-06 15:38:00,273.47,111.8,31.08,9.48,1.68,66.27,0.0
2025-01-06 15:39:00,337.79,119.66,32.29,6.44,6.49,70.03,0.0
2025-01-06 15:40:00,316.3,115.75,26.95,12.73,0.0,76.71,0.0
2025-01-06 15:41:00,242.13,115.34,34.3,0.0,8.9,60.24,4.37
2025-01-06 15:42:00,252.77,112.49,23.69,0.0,0.0,63.88,16.92
2025-01-06 15:43:00,268.77,116.41,28.59,5.22,6.26,47.56,0.0
2025-01-06 15:44:00,379.35,122.61,33.74,12.12,0.0,55.29,86.71
2025-01-06 15:45:00,271.81,118.17,34.17,0.0,12.08,77.18,0.0
2025-01-06 15:46:00,286.49,120.78,37.13,0.31,1.59,62.79,0.0
2025-01-06 15:47:00,319.69,124.93,32.08,4.58,10.23,43.19,59.5
2025-01-06 15:48:00,296.76,119.33,18.46,9.45,5.74,55.58,0.0
2025-01-06 15:49:00,323.33,116.04,31.13,18.03,15.37,59.35,21.71
2025-01-06 15:50:00,282.47,120.14,29.9,7.71,1.95,61.44,11.3
2025-01-06 15:51:00,301.6,116.1,34.25,12.31,2.66,69.42,21.81
2025-01-06 15:52:00,272.3,116.25,20.74,9.73,7.75,60.35,0.0
2025-01-06 15:53:00,232.53,112.19,18.51,4.0,0.0,61.41,0.0
2025-01-06 15:54:00,300.81,121.98,35.97,1.39,1.12,66.54,0.0
2025-01-06 15:55:00,263.6,116.73,26.22,9.83,3.35,61.85,0.0
2025-01-06 15:56:00,298.15,119.0,32.04,8.39,0.75,58.05,30.7
2025-01-06 15:57:00,271.92,114.13,22.43,9.04,1.15,71.39,0.16
2025-01-06 15:58:00,243.37,120.02,23.97,0.0,2.45,66.39,0.0
2025-01-06 15:59:00,315.17,115.22,19.81,12.95,7.32,69.82,19.82
2025-01-06 16:00:00,341.01,117.71,40.29,11.98,3.21,66.19,0.0
2025-01-06 16:01:00,249.07,121.78,19.51,7.0,0.0,63.2,7.98
2025-01-06 16:02:00,269.94,121.44,31.38,1.32,10.45,55.22,31.26
2025-01-06 16:03:00,296.2,118.18,30.08,6.18,6.01,61.35,2.28
2025-01-06 16:04:00,305.51,111.2,29.95,0.84,3.44,62.42,0.0
2025-01-06 16:05:00,291.38,130.24,34.72,7.74,1.12,62.79,6.61
2025-01-06 16:06:00,307.54,125.26,29.73,14.02,3.89,73.77,0.0
2025-01-06 16:07:00,253.71,121.16,28.13,11.1,0.0,57.73,16.43
2025-01-06 16:08:00,279.03,115.26,26.63,8.65,8.52,69.15,0.0
2025-01-06 16:09:00,286.78,117.82,33.28,7.27,2.32,62.97,0.0
2025-01-06 16:10:00,291.72,116.1,27.77,10.28,10.85,68.24,0.0
2025-01-06 16:11:00,258.31,123.33,36.21,7.42,2.96,71.26,0.0
2025-01-06 16:12:00,240.67,119.32,28.33,8.67,0.0,63.29,0.0
2025-01-06 16:13:00,289.52,115.14,26.69,4.92,3.98,61.55,46.54
2025-01-06 16:14:00,263.44,116.39,26.07,12.02,2.15,56.77,0.0
2025-01-06 16:15:00,277.48,122.76,30.65,7.36,3.16,53.37,10.24
2025-01-06 16:16:00,271.51,124.67,26.53,2.35,2.65,52.82,0.0
2025-01-06 16:17:00,287.94,124.39,25.33,8.64,0.0,70.0,0.0
2025-01-06 16:18:00,278.59,121.3,23.8,2.99,1.05,55.63,0.0
2025-01-06 16:19:00,290.83,117.26,37.13,6.92,9.63,66.48,0.17
2025-01-06 16:20:00,241.99,105.31,34.73,5.06,0.0,66.63,0.0
2025-01-06 16:21:00,259.98,119.46,27.08,8.33,10.61,59.89,6.16
2025-01-06 16:22:00,240.99,118.27,20.49,1.29,10.58,57.57,0.0
2025-01-06 16:23:00,302.49,118.83,31.65,0.12,3.74,64.85,0.0
2025-01-06 16:24:00,286.29,118.49,30.63,0.67,0.84,74.78,2.72
2025-01-06 16:25:00,282.38,112.97,32.38,11.0,8.59,63.54,0.0
2025-01-06 16:26:00,280.9,120.5,33.78,2.66,10.15,48.88,3.88
2025-01-06 16:27:00,300.82,120.8,21.48,6.65,0.0,51.81,6.64
2025-01-06 16:28:00,261.05,121.0,27.54,0.0,0.0,56.11,12.33
2025-01-06 16:29:00,270.71,122.06,27.83,0.96,0.0,59.19,16.49
2025-01-06 16:30:00,314.71,120.69,18.11,10.22,0.0,65.37,0.0
2025-01-06 16:31:00,240.82,116.63,24.7,16.27,0.0,55.31,0.0
2025-01-06 16:32:00,310.42,117.99,32.33,9.05,0.0,75.15,8.95
2025-01-06 16:33:00,257.87,118.64,33.08,0.0,8.93,66.6,0.0
2025-01-06 16:34:00,266.34,118.7,29.38,6.39,0.0,52.4,0.0
2025-01-06 16:35:00,269.89,122.27,26.73,0.0,1.03,67.78,0.0
2025-01-06 16:36:00,249.92,120.85,27.65,2.67,1.48,56.84,24.54
2025-01-06 16:37:00,311.27,126.58,26.88,13.04,7.93,59.11,24.62
2025-01-06 16:38:00,282.66,127.1,27.34,11.17,0.0,67.37,0.0
2025-01-06 16:39:00,289.69,118.59,39.62,0.0,11.17,71.28,0.0
2025-01-06 16:40:00,299.53,102.93,29.08,12.16,0.32,69.7,38.85
2025-01-06 16:41:00,257.54,123.22,26.4,13.29,1.51,73.82,0.44
2025-01-06 16:42:00,249.58,116.11,30.25,9.53,0.0,57.13,0.0
2025-01-06 16:43:00,227.29,115.07,25.48,8.35,0.0,61.72,0.0
2025-01-06 16:44:00,252.48,116.68,23.58,2.06,15.86,58.0,10.6
2025-01-06 16:45:00,272.23,116.49,27.29,11.98,7.98,59.27,2.46
2025-01-06 16:46:00,294.29,120.72,30.68,1.72,2.98,81.98,18.8
2025-01-06 16:47:00,329.75,112.03,33.08,10.15,2.33,61.41,33.39
2025-01-06 16:48:00,256.85,113.96,17.8,1.17,0.2,61.27,0.0
2025-01-06 16:49:00,268.54,119.65,17.57,3.8,6.44,71.36,5.59
2025-01-06 16:50:00,290.1,120.76,31.5,9.81,0.0,59.24,0.0
2025-01-06 16:51:00,263.97,120.84,30.5,5.53,0.52,69.7,16.02
2025-01-06 16:52:00,282.75,115.12,34.44,3.21,0.0,69.75,5.7
2025-01-06 16:53:00,245.76,114.36,26.0,0.0,3.19,67.14,0.0
2025-01-06 16:54:00,277.3,116.25,31.77,0.0,2.6,60.2,0.0
2025-01-06 16:55:00,249.41,119.23,26.03,8.74,2.35,69.56,0.0
2025-01-06 16:56:00,267.2,124.21,27.57,4.91,1.6,63.1,10.65
2025-01-06 16:57:00,286.89,110.08,16.58,8.18,10.45,64.79,0.0
2025-01-06 16:58:00,252.38,117.39,23.44,6.77,2.41,67.7,3.25
2025-01-06 16:59:00,224.51,112.94,28.18,0.0,0.0,74.48,0.0
2025-01-06 17:00:00,310.72,111.66,33.3,1.87,9.13,66.81,7.92
2025-01-06 17:01:00,255.34,122.14,26.9,0.0,7.28,50.01,0.0
2025-01-06 17:02:00,257.84,120.45,22.34,4.56,1.39,58.47,2.31
2025-01-06 17:03:00,278.71,120.07,26.59,11.29,2.49,56.99,8.03
2025-01-06 17:04:00,259.98,121.96,18.07,0.0,16.92,58.09,4.4
2025-01-06 17:05:00,279.11,116.35,34.29,0.75,0.0,71.54,3.74
2025-01-06 17:06:00,298.84,116.54,30.06,18.62,0.0,70.29,16.11
2025-01-06 17:07:00,289.96,127.02,18.59,10.59,0.54,60.76,21.13
2025-01-06 17:08:00,233.59,117.29,35.0,10.01,0.0,59.39,6.51
2025-01-06 17:09:00,237.73,121.21,26.03,0.0,0.0,64.13,0.0
2025-01-06 17:10:00,279.11,118.3,20.1,2.77,0.0,64.0,21.08
2025-01-06 17:11:00,261.95,110.88,24.48,3.83,2.86,49.9,1.83
2025-01-06 17:12:00,290.46,110.09,34.2,6.01,8.3,73.04,0.0
2025-01-06 17:13:00,270.71,115.96,31.73,12.6,8.64,56.57,0.0
2025-01-06 17:14:00,291.87,122.5,39.97,11.48,0.0,57.79,18.6
2025-01-06 17:15:00,304.83,121.43,35.91,8.25,0.0,76.94,0.0
2025-01-06 17:16:00,257.82,121.93,24.15,3.05,0.0,51.62,11.28
2025-01-06 17:17:00,323.29,114.32,25.4,1.45,8.27,60.72,44.24
2025-01-06 17:18:00,307.22,124.74,26.62,11.25,1.93,55.87,14.11
2025-01-06 17:19:00,259.0,114.41,23.21,17.1,7.52,59.69,0.0
2025-01-06 17:20:00,274.6,119.12,22.92,2.6,14.48,65.35,0.0
2025-01-06 17:21:00,297.19,118.23,26.28,2.67,0.0,52.05,33.41
2025-01-06 17:22:00,272.82,117.58,23.29,0.0,0.0,62.81,13.94
2025-01-06 17:23:00,307.26,123.63,30.72,10.79,4.39,61.34,8.04
2025-01-06 17:24:00,292.53,115.45,20.24,13.8,12.28,67.08,0.0
2025-01-06 17:25:00,291.17,112.87,35.82,4.22,5.17,55.75,25.54
2025-01-06 17:26:00,252.28,118.35,23.81,0.0,1.28,59.8,0.0
2025-01-06 17:27:00,275.7,116.67,29.78,15.7,4.4,67.66,1.38
2025-01-06 17:28:00,285.51,131.78,26.28,7.1,0.0,63.43,0.0
2025-01-06 17:29:00,260.25,120.98,33.1,5.93,0.0,58.31,4.41
2025-01-06 17:30:00,313.88,116.64,28.55,4.09,1.86,57.89,37.74
2025-01-06 17:31:00,284.47,114.05,28.46,10.7,2.76,64.61,22.5
2025-01-06 17:32:00,257.03,110.75,30.53,0.0,1.44,60.64,0.0
2025-01-06 17:33:00,236.7,114.17,35.38,4.36,2.87,57.37,0.0
2025-01-06 17:34:00,225.8,118.73,31.34,0.0,0.0,58.95,10.26
2025-01-06 17:35:00,295.59,123.98,20.86,1.44,0.0,68.18,26.85
2025-01-06 17:36:00,281.26,122.76,22.62,7.18,0.0,67.0,0.0
2025-01-06 17:37:00,276.41,119.19,34.74,0.0,5.14,62.5,14.86
2025-01-06 17:38:00,276.29,116.98,34.04,0.0,8.87,67.77,16.73
2025-01-06 17:39:00,280.88,119.35,26.83,11.73,0.0,61.64,0.0
2025-01-06 17:40:00,208.7,116.2,22.0,7.26,0.0,52.59,0.0
2025-01-06 17:41:00,279.08,125.15,16.97,3.98,6.38,68.33,21.71
2025-01-06 17:42:00,247.78,117.52,28.15,4.85,5.32,61.65,0.0
2025-01-06 17:43:00,264.87,117.93,21.21,10.93,0.0,66.56,0.0
2025-01-06 17:44:00,280.58,109.41,28.38,7.33,5.29,55.27,0.0
2025-01-06 17:45:00,264.24,117.49,25.35,3.98,0.0,71.34,0.0
2025-01-06 17:46:00,258.77,121.62,32.84,0.0,0.0,59.55,0.0
2025-01-06 17:47:00,305.0,114.0,34.46,15.15,0.0,62.31,0.0
2025-01-06 17:48:00,265.4,115.27,26.74,1.25,1.23,72.02,5.28
2025-01-06 17:49:00,235.45,121.44,20.3,4.01,9.9,61.97,0.0
2025-01-06 17:50:00,286.71,112.37,19.18,20.23,5.77,60.75,14.23
2025-01-06 17:51:00,313.08,122.5,22.88,11.05,6.84,66.23,13.45
2025-01-06 17:52:00,278.49,116.14,19.75,8.89,0.0,50.02,0.0
2025-01-06 17:53:00,286.31,116.72,26.05,18.86,6.35,66.88,0.0
2025-01-06 17:54:00,274.91,113.78,22.1,7.93,3.5,61.16,0.0
2025-01-06 17:55:00,321.68,119.78,28.18,0.0,2.18,73.45,62.72
2025-01-06 17:56:00,267.65,128.11,30.55,5.09,5.78,60.32,5.83
2025-01-06 17:57:00,314.05,121.4,28.92,0.0,11.59,64.53,42.57
2025-01-06 17:58:00,253.55,114.82,35.36,0.0,0.0,50.84,4.37
2025-01-06 17:59:00,253.33,122.82,35.52,1.33,0.0,51.23,0.0
2025-01-06 18:00:00,316.15,117.01,25.35,36.83,0.9,58.83,28.95
2025-01-06 18:01:00,303.77,123.77,36.0,20.3,0.0,71.04,0.0
2025-01-06 18:02:00,321.27,121.5,25.16,37.84,5.24,58.37,0.0
2025-01-06 18:03:00,301.88,106.5,30.52,30.5,9.97,55.1,0.0
2025-01-06 18:04:00,320.86,114.26,32.93,25.21,13.73,60.82,25.82
2025-01-06 18:05:00,365.78,122.05,26.62,27.93,4.43,58.62,35.46
2025-01-06 18:06:00,297.33,118.88,25.0,28.45,1.59,61.11,20.48
2025-01-06 18:07:00,337.1,114.18,25.74,40.1,0.0,58.43,0.0
2025-01-06 18:08:00,254.22,115.74,21.29,37.63,0.0,60.27,3.42
2025-01-06 18:09:00,284.07,110.65,31.64,32.09,2.47,71.8,6.83
2025-01-06 18:10:00,295.65,117.92,33.97,26.32,2.0,65.27,0.0
2025-01-06 18:11:00,293.67,127.12,35.09,19.89,0.0,61.59,0.0
2025-01-06 18:12:00,274.66,121.49,19.25,24.78,6.58,54.42,0.0
2025-01-06 18:13:00,334.04,127.03,25.28,21.97,3.64,61.51,33.84
2025-01-06 18:14:00,309.23,121.8,18.43,41.2,4.98,68.57,6.67
2025-01-06 18:15:00,300.31,122.38,23.39,28.37,5.25,61.99,1.95
2025-01-06 18:16:00,299.85,126.17,30.4,31.14,0.39,66.86,0.0
2025-01-06 18:17:00,279.33,119.78,32.35,24.95,6.24,60.43,0.0
2025-01-06 18:18:00,310.7,117.52,25.3,35.08,1.8,51.68,30.95
2025-01-06 18:19:00,294.5,122.4,31.83,19.55,0.32,62.7,0.0
2025-01-06 18:20:00,319.78,124.09,27.79,27.27,5.61,62.98,2.76
2025-01-06 18:21:00,279.49,116.35,18.91,24.88,0.0,55.93,0.0
2025-01-06 18:22:00,340.21,115.39,31.96,22.53,0.0,75.45,17.55
2025-01-06 18:23:00,270.95,118.83,26.21,27.05,3.85,65.05,0.82
2025-01-06 18:24:00,347.53,121.6,28.69,31.01,7.07,65.76,32.37
2025-01-06 18:25:00,303.24,121.46,30.74,47.01,0.0,50.15,0.0
2025-01-06 18:26:00,330.5,112.58,30.0,27.36,11.02,59.02,4.58
2025-01-06 18:27:00,321.61,125.92,28.84,34.39,4.18,67.57,0.0
2025-01-06 18:28:00,363.63,115.71,31.43,35.74,9.34,55.62,65.89
2025-01-06 18:29:00,295.41,117.21,20.55,29.04,0.0,67.44,0.0
2025-01-06 18:30:00,293.3,114.66,29.1,27.49,0.0,62.99,0.6
2025-01-06 18:31:00,342.01,129.07,37.58,20.56,0.0,60.64,16.25
2025-01-06 18:32:00,305.34,119.24,28.81,28.67,0.0,65.14,4.53
2025-01-06 18:33:00,260.06,114.87,24.37,32.87,10.36,57.51,0.0
2025-01-06 18:34:00,283.03,121.73,29.06,42.88,9.47,54.03,0.0
2025-01-06 18:35:00,283.52,121.35,26.28,33.53,1.56,58.06,0.0
2025-01-06 18:36:00,326.87,117.52,32.83,31.76,0.0,70.87,0.0
2025-01-06 18:37:00,270.85,121.63,31.28,24.87,0.0,57.3,0.0
2025-01-06 18:38:00,253.73,114.97,30.75,27.06,0.0,67.14,10.99
2025-01-06 18:39:00,305.35,116.3,27.34,30.06,2.75,63.4,22.94
2025-01-06 18:40:00,303.17,110.23,25.28,34.82,0.0,61.22,0.0
2025-01-06 18:41:00,295.95,112.98,27.23,34.86,7.07,64.61,24.41
2025-01-06 18:42:00,288.13,125.5,34.28,20.57,0.0,62.38,0.0
2025-01-06 18:43:00,298.39,124.84,27.53,23.92,0.25,59.19,0.0
2025-01-06 18:44:00,307.25,118.54,30.84,27.46,3.5,61.47,0.0
2025-01-06 18:45:00,298.9,124.92,31.96,43.39,13.24,68.86,0.0
2025-01-06 18:46:00,293.84,117.63,31.48,23.05,0.0,54.11,0.0
2025-01-06 18:47:00,297.51,117.3,29.2,34.45,10.26,57.54,0.0
2025-01-06 18:48:00,350.28,118.5,34.87,36.43,7.98,68.15,16.82
2025-01-06 18:49:00,331.09,117.77,28.11,37.84,0.0,62.33,4.11
2025-01-06 18:50:00,286.1,117.41,18.41,23.33,1.08,66.16,10.14
2025-01-06 18:51:00,280.44,122.85,19.33,35.61,0.0,61.22,0.0
2025-01-06 18:52:00,274.04,118.87,30.7,25.03,0.0,66.01,0.0
2025-01-06 18:53:00,272.77,121.12,29.68,26.13,0.0,56.83,0.0
2025-01-06 18:54:00,286.66,122.4,20.46,36.52,2.67,59.68,0.0
2025-01-06 18:55:00,303.54,119.83,28.89,35.01,2.05,71.48,3.99
2025-01-06 18:56:00,271.84,114.39,26.12,32.62,0.0,58.2,0.0
2025-01-06 18:57:00,285.56,112.86,26.4,32.21,0.0,71.54,0.0
2025-01-06 18:58:00,286.68,118.87,29.58,30.53,0.0,62.42,0.0
2025-01-06 18:59:00,237.84,117.59,18.77,32.97,0.74,58.99,0.0
2025-01-06 19:00:00,306.39,118.62,28.97,30.26,42.41,12.75,0.0
2025-01-06 19:01:00,212.05,118.21,23.89,30.24,36.15,20.04,0.0
2025-01-06 19:02:00,297.14,128.61,29.82,30.6,55.04,13.14,0.0
2025-01-06 19:03:00,309.35,112.95,25.79,28.5,33.99,1.87,30.98
2025-01-06 19:04:00,326.51,110.31,18.66,23.25,42.86,11.19,66.86
2025-01-06 19:05:00,290.31,119.6,30.61,27.87,43.6,12.94,0.0
2025-01-06 19:06:00,308.26,116.77,30.62,33.38,43.98,17.08,7.0
2025-01-06 19:07:00,267.88,119.54,27.96,34.55,34.08,0.0,0.0
2025-01-06 19:08:00,259.48,120.61,32.59,32.63,48.61,11.75,0.0
2025-01-06 19:09:00,283.98,123.41,30.75,29.12,43.51,13.84,20.31
2025-01-06 19:10:00,264.85,112.24,21.22,27.64,40.18,16.15,0.0
2025-01-06 19:11:00,265.48,116.05,18.99,23.5,36.17,9.79,21.58
2025-01-06 19:12:00,351.07,119.99,20.48,34.16,46.73,14.02,25.57
2025-01-06 19:13:00,286.48,121.35,32.59,28.17,44.94,21.35,0.0
2025-01-06 19:14:00,287.08,127.05,36.37,24.03,43.09,17.29,39.21
2025-01-06 19:15:00,301.69,122.1,25.15,34.26,39.88,6.86,0.0
2025-01-06 19:16:00,214.29,118.05,27.39,38.29,33.59,12.75,0.0
2025-01-06 19:17:00,244.98,114.71,25.12,35.79,45.38,15.89,0.0
2025-01-06 19:18:00,316.81,116.02,29.93,34.42,37.79,25.09,0.0
2025-01-06 19:19:00,314.92,115.9,33.3,30.15,50.8,14.96,0.0
2025-01-06 19:20:00,233.04,120.89,25.43,23.03,44.8,3.12,0.0
2025-01-06 19:21:00,284.66,119.3,27.11,17.18,44.79,8.27,0.0
2025-01-06 19:22:00,272.2,112.98,22.93,38.15,39.08,5.24,0.0
2025-01-06 19:23:00,294.93,116.53,30.1,29.66,41.94,14.13,10.67
2025-01-06 19:24:00,293.58,121.78,32.13,28.79,32.23,3.72,0.0
2025-01-06 19:25:00,322.4,119.68,29.76,33.97,39.95,15.35,57.95
2025-01-06 19:26:00,292.43,120.55,24.64,21.54,45.28,19.05,16.85
2025-01-06 19:27:00,293.14,119.8,21.98,32.68,47.6,13.76,0.0
2025-01-06 19:28:00,278.51,124.78,28.88,32.47,43.68,4.58,0.0
2025-01-06 19:29:00,303.9,119.22,21.67,33.93,54.59,18.02,0.0
2025-01-06 19:30:00,302.04,116.73,33.25,28.23,36.88,5.54,12.36
2025-01-06 19:31:00,275.14,114.61,35.48,32.35,43.51,10.35,0.0
2025-01-06 19:32:00,288.14,119.27,28.42,35.99,47.28,24.04,2.5
2025-01-06 19:33:00,248.22,108.51,30.01,33.12,36.74,11.3,0.0
2025-01-06 19:34:00,283.55,117.54,30.68,26.44,36.53,18.72,2.95
2025-01-06 19:35:00,299.57,117.45,30.41,34.79,37.18,17.46,6.23
2025-01-06 19:36:00,278.2,112.81,26.2,28.55,44.59,9.23,8.6
2025-01-06 19:37:00,322.03,114.56,30.2,28.93,49.61,6.0,16.61
2025-01-06 19:38:00,267.77,121.51,24.5,33.05,39.99,7.56,0.0
2025-01-06 19:39:00,255.7,119.2,21.87,18.42,43.81,11.42,0.0
2025-01-06 19:40:00,318.89,118.68,30.11,23.49,31.71,18.64,5.04
2025-01-06 19:41:00,271.19,119.5,20.83,27.05,51.51,4.24,0.0
2025-01-06 19:42:00,275.71,118.64,33.33,34.41,37.79,2.71,0.0
2025-01-06 19:43:00,297.31,123.24,24.94,35.2,35.62,17.12,0.52
2025-01-06 19:44:00,292.8,118.77,28.5,30.09,44.66,11.72,9.94
2025-01-06 19:45:00,303.28,112.44,25.86,30.81,45.49,13.82,0.0
2025-01-06 19:46:00,285.81,124.79,35.72,30.51,50.19,15.09,1.56
2025-01-06 19:47:00,292.63,119.75,28.27,39.03,48.7,12.31,0.0
2025-01-06 19:48:00,321.01,115.92,36.21,30.43,49.53,19.02,0.0
2025-01-06 19:49:00,285.57,113.26,28.49,29.52,37.65,7.47,29.98
2025-01-06 19:50:00,267.87,119.86,27.16,34.28,43.54,10.91,0.0
2025-01-06 19:51:00,255.64,117.8,26.06,20.13,38.71,11.07,10.05
2025-01-06 19:52:00,298.68,124.57,22.78,38.42,38.92,0.77,19.39
2025-01-06 19:53:00,275.84,116.89,30.28,37.02,45.02,14.97,11.19
2025-01-06 19:54:00,282.94,114.92,33.4,30.75,39.79,10.45,0.0
2025-01-06 19:55:00,301.29,121.86,21.65,28.72,43.28,13.45,9.69
2025-01-06 19:56:00,283.49,121.97,29.35,32.16,46.92,11.06,15.71
2025-01-06 19:57:00,275.17,118.95,21.64,25.27,40.31,13.1,7.83
2025-01-06 19:58:00,269.47,120.98,26.0,30.31,46.17,7.32,0.0
2025-01-06 19:59:00,299.65,118.12,30.85,22.09,42.7,9.88,24.19
2025-01-06 20:00:00,253.17,119.21,35.13,29.26,38.94,4.33,0.0
2025-01-06 20:01:00,308.57,122.93,30.62,36.79,44.83,17.79,8.21
2025-01-06 20:02:00,342.07,120.77,19.18,34.45,51.23,15.61,35.43
2025-01-06 20:03:00,308.68,117.6,35.96,21.83,42.31,13.03,24.0
2025-01-06 20:04:00,292.64,123.68,14.3,30.49,42.76,20.38,0.0
2025-01-06 20:05:00,263.04,108.81,27.49,31.64,33.14,12.64,0.0
2025-01-06 20:06:00,248.82,126.48,25.78,28.95,47.69,16.7,2.49
2025-01-06 20:07:00,317.04,111.45,22.66,34.12,38.69,7.17,32.86
2025-01-06 20:08:00,275.22,115.76,19.83,26.16,52.3,16.97,0.0
2025-01-06 20:09:00,292.8,118.11,26.65,22.91,56.19,13.15,0.0
2025-01-06 20:10:00,315.99,117.69,30.26,26.42,43.98,16.07,0.0
2025-01-06 20:11:00,276.25,122.3,28.14,32.53,41.58,0.14,0.0
2025-01-06 20:12:00,254.03,114.04,25.78,28.29,52.3,8.33,0.0
2025-01-06 20:13:00,312.49,119.32,23.91,41.97,50.35,15.73,38.77
2025-01-06 20:14:00,291.58,115.96,23.43,33.48,44.12,6.28,5.14
2025-01-06 20:15:00,314.56,119.45,33.44,36.6,49.33,22.89,0.0
2025-01-06 20:16:00,267.71,118.01,25.64,32.11,42.32,5.39,0.0
2025-01-06 20:17:00,314.83,118.64,32.15,29.1,40.22,0.87,0.0
2025-01-06 20:18:00,306.89,116.07,26.21,27.79,50.79,17.13,0.0
2025-01-06 20:19:00,250.16,116.23,24.68,21.35,38.33,9.04,0.0
2025-01-06 20:20:00,297.22,119.42,25.08,33.94,36.4,7.18,9.88
2025-01-06 20:21:00,304.9,122.05,23.66,26.57,49.92,13.67,0.0
2025-01-06 20:22:00,281.08,115.88,30.88,32.71,40.73,7.01,0.0
2025-01-06 20:23:00,271.96,114.8,27.51,26.72,38.44,24.71,0.0
2025-01-06 20:24:00,306.76,120.73,25.06,33.42,44.54,17.36,4.26
2025-01-06 20:25:00,269.91,118.14,31.76,32.22,37.09,14.53,0.0
2025-01-06 20:26:00,261.2,121.59,34.35,28.23,51.01,6.82,9.25
2025-01-06 20:27:00,288.04,114.65,28.56,38.36,33.01,9.26,3.32
2025-01-06 20:28:00,288.61,111.15,28.82,44.1,44.22,0.0,6.53
2025-01-06 20:29:00,285.17,116.14,29.98,31.07,49.98,5.27,0.85
2025-01-06 20:30:00,271.78,115.21,32.74,33.51,39.2,15.87,0.0
2025-01-06 20:31:00,271.36,117.96,21.49,32.84,34.74,13.16,5.93
2025-01-06 20:32:00,298.89,115.73,18.77,38.72,49.88,5.46,7.06
2025-01-06 20:33:00,288.9,121.24,28.12,34.52,40.8,15.15,0.0
2025-01-06 20:34:00,231.84,117.12,25.52,20.31,46.13,6.77,11.67
2025-01-06 20:35:00,228.55,118.87,18.62,21.88,50.32,3.58,1.79
2025-01-06 20:36:00,267.06,118.9,29.25,22.53,43.44,18.16,0.0
2025-01-06 20:37:00,285.05,119.05,28.24,21.64,33.09,15.93,0.0
2025-01-06 20:38:00,288.42,118.18,22.46,29.67,47.54,12.5,0.0
2025-01-06 20:39:00,286.77,120.31,22.17,26.66,38.23,0.0,30.88
2025-01-06 20:40:00,295.81,115.09,28.75,36.33,44.38,11.84,0.0
2025-01-06 20:41:00,338.74,123.87,34.65,31.94,38.44,19.96,0.0
2025-01-06 20:42:00,280.37,117.33,32.44,29.46,47.88,6.04,0.0
2025-01-06 20:43:00,302.86,113.03,22.05,35.73,41.58,12.32,17.74
2025-01-06 20:44:00,261.29,119.02,28.95,32.56,38.47,3.57,7.31
2025-01-06 20:45:00,256.55,114.87,24.39,27.23,42.39,15.43,0.0
2025-01-06 20:46:00,261.3,120.93,30.0,40.75,33.66,2.55,0.0
2025-01-06 20:47:00,384.86,127.11,26.95,28.54,47.1,8.47,63.47
2025-01-06 20:48:00,282.66,115.13,27.52,24.26,40.53,18.6,4.09
2025-01-06 20:49:00,314.18,119.6,30.95,31.67,47.08,11.8,5.83
2025-01-06 20:50:00,304.91,111.25,22.26,35.17,41.61,7.96,0.0
2025-01-06 20:51:00,344.72,120.09,27.15,37.4,41.72,17.22,36.02
2025-01-06 20:52:00,358.29,114.73,24.34,30.09,42.4,10.25,61.52
2025-01-06 20:53:00,260.38,115.77,20.6,39.04,41.25,8.26,7.92
2025-01-06 20:54:00,247.01,113.87,24.8,24.92,42.38,8.19,12.5
2025-01-06 20:55:00,288.23,121.2,29.16,24.75,41.94,16.93,20.89
2025-01-06 20:56:00,318.76,122.3,26.69,30.18,42.66,20.42,21.82
2025-01-06 20:57:00,267.47,118.37,25.88,30.06,46.71,14.64,6.19
2025-01-06 20:58:00,251.37,114.81,28.72,20.19,32.63,12.72,0.0
2025-01-06 20:59:00,299.08,124.63,26.37,28.53,40.52,4.62,38.68
2025-01-06 21:00:00,299.68,115.27,24.61,24.69,31.82,13.51,15.33
2025-01-06 21:01:00,282.06,109.62,23.06,28.3,40.53,9.33,22.82
2025-01-06 21:02:00,291.67,120.11,32.79,27.56,42.45,13.34,0.0
2025-01-06 21:03:00,309.61,113.85,25.31,34.67,47.06,11.69,51.65
2025-01-06 21:04:00,339.65,122.23,29.83,30.14,41.29,14.75,15.24
2025-01-06 21:05:00,265.67,116.75,26.26,20.43,44.04,8.02,22.64
2025-01-06 21:06:00,342.8,120.69,20.69,42.71,48.0,8.68,38.58
2025-01-06 21:07:00,315.57,123.88,24.2,23.87,35.57,11.88,10.43
2025-01-06 21:08:00,292.44,113.44,25.63,31.35,40.01,16.17,36.06
2025-01-06 21:09:00,291.44,116.01,24.44,25.45,45.31,16.01,0.0
2025-01-06 21:10:00,253.39,117.97,25.3,29.44,40.03,5.04,0.0
2025-01-06 21:11:00,350.14,124.42,35.21,41.07,42.26,18.19,15.09
2025-01-06 21:12:00,318.04,115.64,26.0,27.4,45.06,7.3,34.69
2025-01-06 21:13:00,253.65,115.89,23.92,25.4,40.97,17.58,0.0
2025-01-06 21:14:00,252.18,120.19,23.15,30.99,43.44,9.49,0.0
2025-01-06 21:15:00,303.81,115.96,34.4,23.91,44.58,6.18,20.84
2025-01-06 21:16:00,302.63,118.88,27.33,31.09,42.35,14.38,17.61
2025-01-06 21:17:00,281.15,112.07,26.5,24.44,42.41,3.41,0.0
2025-01-06 21:18:00,284.94,127.13,23.08,34.08,39.02,12.46,0.0
2025-01-06 21:19:00,257.95,112.88,37.91,29.67,36.21,11.01,0.0
2025-01-06 21:20:00,245.49,116.99,23.33,39.11,37.38,12.44,0.0
2025-01-06 21:21:00,225.09,118.14,32.78,27.18,42.97,7.86,0.0
2025-01-06 21:22:00,277.17,125.92,26.86,34.2,41.24,0.0,13.43
2025-01-06 21:23:00,290.68,112.97,25.79,29.27,30.56,6.25,0.0
2025-01-06 21:24:00,292.28,126.21,22.35,39.25,37.91,7.12,12.85
2025-01-06 21:25:00,267.06,121.3,23.52,36.38,44.14,7.03,12.3
2025-01-06 21:26:00,295.96,119.94,28.89,29.33,36.57,18.61,5.34
2025-01-06 21:27:00,303.6,114.33,25.5,26.13,42.14,16.59,29.32
2025-01-06 21:28:00,300.94,120.56,34.45,37.56,39.85,9.58,0.0
2025-01-06 21:29:00,255.03,115.38,22.81,27.68,38.18,12.67,0.0
2025-01-06 21:30:00,285.95,123.34,25.28,28.07,49.15,11.2,8.64
2025-01-06 21:31:00,299.02,114.39,23.55,37.03,48.34,11.56,10.47
2025-01-06 21:32:00,304.33,117.82,27.51,21.86,37.03,20.25,17.83
2025-01-06 21:33:00,263.47,116.05,27.59,31.94,44.18,9.94,0.0
2025-01-06 21:34:00,319.97,114.32,33.74,40.07,41.22,18.74,13.4
2025-01-06 21:35:00,298.68,121.24,32.05,26.29,45.43,12.25,0.0
2025-01-06 21:36:00,237.27,120.41,32.1,17.73,37.54,5.07,0.0
2025-01-06 21:37:00,311.31,123.11,19.9,22.92,35.56,15.91,42.06
2025-01-06 21:38:00,273.27,111.15,23.69,32.97,47.85,7.66,11.84
2025-01-06 21:39:00,323.84,122.53,25.33,31.71,49.03,4.19,34.4
2025-01-06 21:40:00,289.71,128.29,22.56,30.5,29.05,13.41,0.0
2025-01-06 21:41:00,280.28,116.47,32.12,26.61,48.76,16.29,8.5
2025-01-06 21:42:00,274.15,125.85,23.1,29.1,35.88,12.27,23.81
2025-01-06 21:43:00,308.3,117.22,33.69,30.73,35.85,8.01,18.97
2025-01-06 21:44:00,287.05,112.78,30.91,34.83,41.38,6.36,2.31
2025-01-06 21:45:00,298.47,117.05,31.78,22.22,47.77,9.29,9.21
2025-01-06 21:46:00,319.25,122.47,35.54,20.79,47.58,15.7,6.78
2025-01-06 21:47:00,281.37,114.92,32.72,22.19,47.95,9.8,0.0
2025-01-06 21:48:00,300.74,115.87,28.89,15.39,36.31,6.36,28.29
2025-01-06 21:49:00,295.37,120.65,34.14,31.6,41.77,6.87,0.0
2025-01-06 21:50:00,263.81,118.28,32.28,20.28,44.55,22.34,0.0
2025-01-06 21:51:00,291.15,120.61,28.84,38.43,46.67,12.42,0.0
2025-01-06 21:52:00,248.97,119.22,32.47,31.42,47.61,13.76,0.0
2025-01-06 21:53:00,288.26,120.19,34.11,20.81,40.61,12.73,0.0
2025-01-06 21:54:00,287.4,116.54,29.27,22.16,36.09,18.28,0.0
2025-01-06 21:55:00,304.88,119.2,28.2,37.71,47.35,20.06,0.0
2025-01-06 21:56:00,266.25,114.56,27.71,27.8,38.43,9.24,10.94
2025-01-06 21:57:00,280.03,123.43,30.75,27.35,30.61,7.77,36.83
2025-01-06 21:58:00,267.56,115.74,29.54,34.13,38.16,13.67,12.53
2025-01-06 21:59:00,290.46,122.79,20.21,35.23,39.7,16.41,0.0
2025-01-06 22:00:00,310.01,117.34,19.96,33.27,49.01,2.26,28.08
2025-01-06 22:01:00,282.11,119.08,27.55,32.81,41.72,7.45,0.0
2025-01-06 22:02:00,336.88,116.29,29.29,37.91,37.84,20.66,34.34
2025-01-06 22:03:00,299.67,114.21,24.38,23.19,35.5,18.02,1.74
2025-01-06 22:04:00,313.15,111.29,29.91,25.65,40.59,19.19,0.0
2025-01-06 22:05:00,331.66,114.05,38.52,38.41,50.14,18.31,2.82
2025-01-06 22:06:00,262.41,116.98,22.74,32.12,44.27,16.02,0.0
2025-01-06 22:07:00,269.51,119.12,31.8,26.15,35.31,18.47,0.0
2025-01-06 22:08:00,252.76,122.31,28.07,24.16,43.68,3.83,11.39
2025-01-06 22:09:00,255.63,116.49,29.37,33.84,30.14,10.48,0.0
2025-01-06 22:10:00,295.21,114.74,30.76,35.72,38.67,10.99,21.99
2025-01-06 22:11:00,317.34,112.5,26.45,33.04,39.54,24.15,21.8
2025-01-06 22:12:00,316.58,120.19,25.57,29.01,41.95,20.39,24.24
2025-01-06 22:13:00,293.62,123.81,26.48,24.88,51.44,19.35,0.0
2025-01-06 22:14:00,315.03,123.34,30.42,39.72,31.42,13.06,0.0
2025-01-06 22:15:00,298.18,121.11,27.99,30.21,51.0,14.35,10.28
2025-01-06 22:16:00,281.39,120.83,29.81,31.73,41.65,16.53,0.0
2025-01-06 22:17:00,312.11,125.06,18.57,29.53,39.42,14.54,19.59
2025-01-06 22:18:00,270.44,119.6,28.18,34.41,49.08,0.17,0.0
2025-01-06 22:19:00,264.45,120.86,21.82,38.33,40.36,6.86,0.0
2025-01-06 22:20:00,269.11,116.99,24.56,28.95,40.3,5.78,0.0
2025-01-06 22:21:00,292.74,112.82,32.25,33.69,39.08,0.0,36.72
2025-01-06 22:22:00,311.04,115.54,17.59,40.69,40.37,13.95,31.58
2025-01-06 22:23:00,308.85,118.24,18.08,31.74,36.23,13.88,0.0
2025-01-06 22:24:00,251.39,118.52,28.49,20.04,34.24,17.19,0.0
2025-01-06 22:25:00,298.09,125.98,30.58,32.84,37.98,7.86,0.0
2025-01-06 22:26:00,329.14,118.6,19.06,22.1,54.99,23.41,20.55
2025-01-06 22:27:00,284.06,122.99,27.1,32.59,47.04,16.93,10.73
2025-01-06 22:28:00,282.73,116.53,24.55,22.53,42.47,17.49,0.0
2025-01-06 22:29:00,269.29,117.03,19.26,35.74,36.07,12.9,11.13
2025-01-06 22:30:00,269.31,112.96,28.65,28.97,34.75,21.23,0.0
2025-01-06 22:31:00,287.56,115.3,24.96,26.53,46.21,2.16,15.84
2025-01-06 22:32:00,330.02,120.38,32.14,21.44,49.12,12.07,0.0
2025-01-06 22:33:00,343.57,118.3,28.1,34.65,35.07,11.39,27.44
2025-01-06 22:34:00,293.68,122.04,30.61,36.92,47.17,17.45,0.12
2025-01-06 22:35:00,287.18,119.0,25.18,21.44,41.58,11.03,9.96
2025-01-06 22:36:00,292.21,116.86,27.17,28.34,38.6,13.7,8.31
2025-01-06 22:37:00,278.17,126.87,27.71,35.8,50.72,12.27,1.0
2025-01-06 22:38:00,309.53,117.9,31.43,36.41,51.78,19.26,0.0
2025-01-06 22:39:00,288.99,122.92,22.07,30.95,35.88,17.28,7.1
2025-01-06 22:40:00,297.25,116.67,34.74,41.88,47.77,12.09,0.0
2025-01-06 22:41:00,285.23,121.11,25.85,23.81,50.52,5.87,0.0
2025-01-06 22:42:00,281.19,121.98,18.56,24.33,39.54,9.85,0.0
2025-01-06 22:43:00,306.79,119.11,31.32,33.35,35.35,4.14,0.0
2025-01-06 22:44:00,293.33,108.85,28.84,29.46,44.16,0.0,0.0
2025-01-06 22:45:00,277.24,118.35,23.01,34.84,46.82,18.25,7.37
2025-01-06 22:46:00,285.71,123.19,30.23,38.81,43.64,4.98,2.07
2025-01-06 22:47:00,310.56,120.38,26.48,22.26,48.54,15.83,0.0
2025-01-06 22:48:00,282.23,120.06,31.24,35.68,35.07,9.56,0.0
2025-01-06 22:49:00,262.99,111.38,30.22,28.02,45.43,12.44,2.93
2025-01-06 22:50:00,344.52,115.39,29.13,35.78,39.05,11.32,35.36
2025-01-06 22:51:00,261.5,119.92,25.69,30.14,40.96,15.7,3.56
2025-01-06 22:52:00,274.13,119.91,27.66,27.14,33.48,16.07,0.0
2025-01-06 22:53:00,315.79,123.13,29.05,25.97,37.95,5.07,15.45
2025-01-06 22:54:00,301.41,117.69,23.74,36.73,54.9,14.87,0.0
2025-01-06 22:55:00,285.52,119.9,17.01,27.31,47.28,9.59,30.15
2025-01-06 22:56:00,300.66,118.34,34.25,18.97,37.71,16.12,6.56
2025-01-06 22:57:00,273.23,114.32,24.52,36.29,40.59,13.57,0.0
2025-01-06 22:58:00,288.13,109.25,31.79,31.45,35.68,18.75,0.72
2025-01-06 22:59:00,308.95,120.0,30.66,34.39,40.16,11.37,0.0
2025-01-06 23:00:00,307.96,118.97,13.88,17.73,46.51,0.0,9.67
2025-01-06 23:01:00,256.34,115.8,19.12,21.71,36.26,0.0,0.0
2025-01-06 23:02:00,253.07,111.8,7.27,33.15,35.75,6.12,0.0
2025-01-06 23:03:00,273.51,120.79,13.33,25.43,42.6,6.53,0.0
2025-01-06 23:04:00,268.65,117.21,9.91,19.97,44.03,10.88,0.0
2025-01-06 23:05:00,269.49,120.5,9.35,27.98,48.9,6.47,0.0
2025-01-06 23:06:00,261.81,125.73,5.0,41.85,50.96,0.0,2.91
2025-01-06 23:07:00,243.74,109.71,5.0,26.56,33.26,4.48,20.02
2025-01-06 23:08:00,297.58,115.47,5.0,21.1,44.16,0.0,0.0
2025-01-06 23:09:00,247.03,117.44,5.0,31.08,43.77,0.0,2.65
2025-01-06 23:10:00,263.04,124.09,5.44,25.68,40.2,17.31,32.35
2025-01-06 23:11:00,282.45,111.73,9.62,23.64,48.37,4.17,13.3
2025-01-06 23:12:00,263.81,126.02,6.21,35.07,41.7,3.05,0.0
2025-01-06 23:13:00,256.53,118.82,19.12,25.15,35.43,2.03,16.14
2025-01-06 23:14:00,241.04,117.89,9.14,28.54,45.37,2.01,0.0
2025-01-06 23:15:00,292.47,117.48,5.0,31.58,38.68,7.45,8.67
2025-01-06 23:16:00,289.51,116.53,13.53,19.57,49.66,10.73,26.76
2025-01-06 23:17:00,292.99,122.46,8.45,30.4,40.5,0.0,30.01
2025-01-06 23:18:00,218.67,114.0,5.13,28.04,33.86,0.0,11.46
2025-01-06 23:19:00,267.42,119.65,7.34,24.95,44.09,0.0,0.0
2025-01-06 23:20:00,286.73,116.74,5.0,41.2,41.08,11.01,14.69
2025-01-06 23:21:00,270.64,115.22,6.38,40.05,43.57,0.0,0.0
2025-01-06 23:22:00,318.42,128.62,15.76,41.05,34.61,8.16,26.32
2025-01-06 23:23:00,255.66,119.95,10.46,39.74,43.43,12.08,0.27
2025-01-06 23:24:00,346.12,120.73,11.18,31.06,44.07,9.86,39.87
2025-01-06 23:25:00,306.95,122.82,6.47,18.47,53.68,0.0,22.69
2025-01-06 23:26:00,244.76,112.59,14.55,28.95,41.23,9.62,0.0
2025-01-06 23:27:00,256.98,125.28,5.0,24.68,41.42,2.24,0.55
2025-01-06 23:28:00,237.87,108.24,5.0,26.5,39.43,8.96,20.85
2025-01-06 23:29:00,247.92,115.2,12.84,24.23,38.78,14.41,15.61
2025-01-06 23:30:00,268.78,116.44,10.96,35.43,40.64,0.0,5.41
2025-01-06 23:31:00,251.54,120.6,7.01,33.25,46.03,8.99,0.01
2025-01-06 23:32:00,281.6,119.15,5.0,27.43,42.27,0.62,55.1
2025-01-06 23:33:00,234.16,117.61,13.44,26.89,40.4,2.07,0.0
2025-01-06 23:34:00,304.55,118.22,7.52,33.01,40.8,0.0,13.78
2025-01-06 23:35:00,298.47,114.36,5.0,37.41,47.25,0.0,35.86
2025-01-06 23:36:00,262.54,112.28,10.69,35.84,42.9,0.0,13.21
2025-01-06 23:37:00,265.64,121.18,5.0,29.09,48.41,0.0,7.21
2025-01-06 23:38:00,291.65,121.05,5.0,34.98,40.2,3.33,11.14
2025-01-06 23:39:00,277.03,124.61,16.3,23.77,47.76,0.0,0.0
2025-01-06 23:40:00,288.6,115.11,17.23,34.13,44.69,14.86,26.57
2025-01-06 23:41:00,256.62,121.04,15.27,20.96,43.17,0.0,0.0
2025-01-06 23:42:00,236.5,117.14,5.07,31.48,43.99,0.0,0.0
2025-01-06 23:43:00,269.14,123.03,7.76,27.93,36.03,0.0,7.87
2025-01-06 23:44:00,282.61,122.36,7.32,36.58,41.56,10.65,0.0
2025-01-06 23:45:00,241.91,119.12,20.72,38.92,42.88,3.22,0.0
2025-01-06 23:46:00,276.7,116.91,5.88,27.77,40.31,0.21,23.04
2025-01-06 23:47:00,222.41,122.12,5.38,32.72,37.59,0.0,0.0
2025-01-06 23:48:00,251.37,120.86,12.69,30.91,49.96,0.0,0.0
2025-01-06 23:49:00,258.36,115.53,5.0,40.55,36.76,0.0,16.05
2025-01-06 23:50:00,258.08,112.96,8.19,29.97,43.66,4.83,0.0
2025-01-06 23:51:00,290.82,117.12,8.07,37.11,37.23,13.49,14.95
2025-01-06 23:52:00,265.41,124.33,5.63,38.11,49.11,0.0,4.53
2025-01-06 23:53:00,235.48,122.86,6.2,33.91,50.93,0.0,0.0
2025-01-06 23:54:00,277.96,113.82,11.96,25.67,40.62,5.18,11.95
2025-01-06 23:55:00,324.72,113.6,5.0,26.52,55.88,10.31,38.14
2025-01-06 23:56:00,281.06,123.37,10.96,36.39,44.38,0.0,11.29
2025-01-06 23:57:00,252.96,113.73,7.95,27.41,26.75,13.68,0.0
2025-01-06 23:58:00,243.1,120.31,7.6,25.46,45.52,0.0,9.38
2025-01-06 23:59:00,285.82,115.81,9.57,29.42,40.53,6.8,0.0
2025-01-07 00:00:00,242.37,136.47,6.1,27.22,5.77,11.86,25.13
2025-01-07 00:01:00,246.12,126.92,10.48,35.51,0.0,0.13,6.58
2025-01-07 00:02:00,225.41,134.57,9.4,33.51,0.0,0.0,5.12
2025-01-07 00:03:00,201.28,130.74,5.0,22.68,7.32,0.0,14.01
2025-01-07 00:04:00,200.01,131.01,14.53,24.97,0.0,3.09,0.0
2025-01-07 00:05:00,192.88,122.12,19.75,18.48,0.0,2.53,0.0
2025-01-07 00:06:00,238.73,121.19,5.0,37.54,0.0,1.05,7.49
2025-01-07 00:07:00,233.01,129.12,9.92,28.8,4.47,0.0,0.0
2025-01-07 00:08:00,200.75,130.99,5.0,26.34,4.27,6.64,0.4
2025-01-07 00:09:00,248.76,125.5,13.03,44.13,0.0,0.0,17.47
2025-01-07 00:10:00,234.72,125.65,11.83,33.69,0.03,0.0,0.0
2025-01-07 00:11:00,217.39,132.25,12.82,19.01,1.29,0.0,1.33
2025-01-07 00:12:00,217.36,132.25,5.0,30.21,5.98,12.41,0.0
2025-01-07 00:13:00,203.36,129.45,5.73,20.75,4.13,0.0,0.0
2025-01-07 00:14:00,299.94,133.12,9.09,40.09,1.89,0.0,51.76
2025-01-07 00:15:00,228.78,125.3,11.46,25.09,0.0,14.99,0.0
2025-01-07 00:16:00,218.09,128.58,11.51,33.75,1.83,0.0,0.0
2025-01-07 00:17:00,253.61,136.59,9.51,29.31,0.0,2.78,12.38
2025-01-07 00:18:00,202.34,130.27,5.05,24.87,0.0,0.0,0.0
2025-01-07 00:19:00,255.26,130.51,6.73,27.49,4.33,0.0,8.42
2025-01-07 00:20:00,237.11,139.22,5.35,28.58,0.0,0.0,0.0
2025-01-07 00:21:00,214.65,124.4,5.0,18.94,0.0,0.0,0.0
2025-01-07 00:22:00,252.47,133.19,10.09,23.01,0.39,6.39,6.25
2025-01-07 00:23:00,244.59,136.66,10.29,25.33,10.36,1.02,2.53
2025-01-07 00:24:00,201.68,128.7,5.0,31.18,3.51,3.3,0.0
2025-01-07 00:25:00,243.84,133.44,7.98,37.87,3.63,0.0,13.02
2025-01-07 00:26:00,292.83,126.07,5.37,40.82,11.49,0.0,42.01
2025-01-07 00:27:00,249.18,127.25,6.85,33.99,1.54,6.19,30.05
2025-01-07 00:28:00,195.28,131.54,5.0,26.06,6.84,1.12,0.0
2025-01-07 00:29:00,236.35,133.19,9.16,19.92,10.26,0.0,0.0
2025-01-07 00:30:00,238.45,134.48,19.52,24.57,14.8,0.64,0.0
2025-01-07 00:31:00,206.44,136.28,10.01,32.22,0.0,0.0,0.0
2025-01-07 00:32:00,191.83,129.73,5.0,27.82,0.47,0.0,4.33
2025-01-07 00:33:00,192.17,134.77,8.07,29.01,0.0,3.25,0.0
2025-01-07 00:34:00,216.08,128.63,5.0,29.6,10.78,1.7,0.0
2025-01-07 00:35:00,234.78,133.61,10.5,28.24,4.99,0.0,8.5
2025-01-07 00:36:00,273.95,130.83,8.24,35.6,0.0,8.09,0.0
2025-01-07 00:37:00,252.59,131.78,5.0,18.1,5.38,0.0,37.32
2025-01-07 00:38:00,289.27,131.69,5.0,27.83,6.67,4.77,66.12
2025-01-07 00:39:00,263.43,123.58,10.84,29.52,0.0,0.0,52.68
2025-01-07 00:40:00,214.18,125.5,5.35,28.42,7.5,2.52,9.38
2025-01-07 00:41:00,213.79,130.41,12.04,26.01,0.0,7.58,0.0
2025-01-07 00:42:00,259.83,123.25,5.0,32.68,8.68,6.8,4.1
2025-01-07 00:43:00,258.43,133.32,5.0,39.97,0.0,2.8,34.82
2025-01-07 00:44:00,281.1,133.49,5.0,28.25,9.89,10.65,8.64
2025-01-07 00:45:00,257.88,131.31,9.13,29.22,12.42,9.67,28.69
2025-01-07 00:46:00,178.65,125.52,7.8,35.58,1.1,0.0,0.66
2025-01-07 00:47:00,240.87,135.52,5.0,35.49,0.0,0.0,6.58
2025-01-07 00:48:00,257.67,138.15,10.76,33.56,10.9,7.5,0.0
2025-01-07 00:49:00,271.82,130.59,5.0,43.32,0.0,0.7,19.34
2025-01-07 00:50:00,206.13,132.04,5.0,26.05,0.07,1.98,0.0
2025-01-07 00:51:00,216.65,130.81,9.57,29.9,0.0,0.0,2.08
2025-01-07 00:52:00,212.79,132.12,11.22,11.71,2.43,9.42,0.0
2025-01-07 00:53:00,226.61,129.52,8.88,27.68,0.0,2.6,2.41
2025-01-07 00:54:00,207.79,129.86,6.7,23.34,2.69,3.63,5.01
2025-01-07 00:55:00,240.35,133.62,5.84,27.77,0.56,0.49,2.91
2025-01-07 00:56:00,193.39,139.38,8.0,22.73,0.0,0.0,25.31
2025-01-07 00:57:00,221.63,124.4,5.0,27.77,0.66,0.0,3.37
2025-01-07 00:58:00,218.02,129.58,9.95,36.24,0.0,2.46,0.0
2025-01-07 00:59:00,219.1,125.28,5.0,35.45,0.81,0.0,18.24
2025-01-07 01:00:00,230.73,136.37,5.0,23.67,0.0,0.0,0.0
2025-01-07 01:01:00,243.61,127.65,8.15,36.25,9.27,8.78,13.9
2025-01-07 01:02:00,205.86,124.23,10.47,13.93,0.0,0.0,14.54
2025-01-07 01:03:00,280.83,132.55,13.57,32.12,0.0,11.23,22.26
2025-01-07 01:04:00,222.71,136.98,8.88,31.94,4.65,11.31,0.0
2025-01-07 01:05:00,238.69,132.65,9.95,36.07,4.19,4.29,0.0
2025-01-07 01:06:00,256.69,130.82,5.0,37.64,7.58,10.72,18.65
2025-01-07 01:07:00,241.44,131.64,7.99,29.76,0.0,8.28,0.0
2025-01-07 01:08:00,255.96,135.66,7.22,30.71,0.0,2.6,0.0
2025-01-07 01:09:00,205.83,126.5,10.03,31.35,3.4,0.26,0.0
2025-01-07 01:10:00,239.95,129.55,5.0,27.99,0.3,12.25,0.0
2025-01-07 01:11:00,260.6,128.19,7.24,33.64,0.0,9.82,6.47
2025-01-07 01:12:00,254.17,125.33,8.66,37.48,0.0,0.44,25.13
2025-01-07 01:13:00,255.86,128.69,9.22,28.58,11.74,10.78,0.0
2025-01-07 01:14:00,239.83,134.43,5.48,28.69,2.81,0.0,0.0
2025-01-07 01:15:00,243.14,132.27,11.1,25.06,4.12,11.29,0.0
2025-01-07 01:16:00,226.89,132.58,8.06,33.98,0.0,2.64,0.0
2025-01-07 01:17:00,233.16,130.59,6.58,38.19,7.5,0.0,0.0
2025-01-07 01:18:00,222.73,132.09,6.03,32.47,10.31,5.15,14.01
2025-01-07 01:19:00,205.38,126.8,9.2,28.87,0.0,0.0,0.0
2025-01-07 01:20:00,263.29,128.76,5.0,29.02,0.0,0.0,15.04
2025-01-07 01:21:00,212.18,130.77,12.31,23.19,4.18,0.0,22.61
2025-01-07 01:22:00,208.75,131.11,7.47,12.08,2.53,8.02,20.11
2025-01-07 01:23:00,239.98,131.28,8.0,30.95,6.07,1.45,3.74
2025-01-07 01:24:00,261.88,129.45,5.0,27.68,11.69,0.0,19.02
2025-01-07 01:25:00,231.04,128.49,9.13,12.88,0.45,8.24,25.06
2025-01-07 01:26:00,242.13,142.63,5.0,32.97,4.22,0.0,20.03
2025-01-07 01:27:00,221.18,133.63,11.3,27.0,6.86,0.0,3.26
2025-01-07 01:28:00,210.82,131.65,9.25,32.61,0.0,6.43,0.0
2025-01-07 01:29:00,197.75,129.07,13.51,31.61,2.46,0.0,0.0
2025-01-07 01:30:00,259.68,128.2,8.0,31.8,11.79,3.72,31.86
2025-01-07 01:31:00,224.39,129.48,5.0,26.45,0.0,3.46,13.5
2025-01-07 01:32:00,264.82,131.17,10.77,39.06,0.0,0.0,6.75
2025-01-07 01:33:00,257.65,122.48,6.96,24.21,2.97,8.57,18.92
2025-01-07 01:34:00,301.29,123.72,15.25,32.31,1.0,0.6,31.68
2025-01-07 01:35:00,250.96,127.45,5.0,29.66,0.0,0.0,7.4
2025-01-07 01:36:00,244.0,130.83,9.76,36.09,3.77,0.0,0.0
2025-01-07 01:37:00,219.39,129.04,5.0,30.43,9.13,0.0,0.0
2025-01-07 01:38:00,264.59,135.91,12.81,19.05,0.0,10.1,15.61
2025-01-07 01:39:00,204.12,124.07,7.95,29.98,2.09,0.0,0.0
2025-01-07 01:40:00,227.77,126.99,7.26,29.65,1.09,3.2,0.0
2025-01-07 01:41:00,224.02,136.08,5.0,23.56,4.02,2.23,0.0
2025-01-07 01:42:00,200.63,130.52,10.11,25.93,0.0,0.0,0.0
2025-01-07 01:43:00,236.55,133.54,5.0,22.53,0.0,1.71,3.83
2025-01-07 01:44:00,252.19,138.2,10.35,24.37,4.02,3.75,0.0
2025-01-07 01:45:00,263.16,127.22,11.31,30.39,9.61,2.82,24.63
2025-01-07 01:46:00,249.86,129.6,5.0,38.93,3.9,3.81,0.0
2025-01-07 01:47:00,182.78,128.91,12.8,20.15,0.0,0.0,0.0
2025-01-07 01:48:00,241.06,122.18,11.4,32.58,7.36,0.0,6.11
2025-01-07 01:49:00,251.21,128.76,11.34,34.02,3.11,3.27,6.49
2025-01-07 01:50:00,258.43,133.52,5.26,23.75,7.78,4.8,0.0
2025-01-07 01:51:00,236.5,132.16,5.0,26.53,1.72,3.76,11.5
2025-01-07 01:52:00,228.03,132.48,7.36,29.13,5.57,0.0,16.53
2025-01-07 01:53:00,226.24,128.5,7.66,32.69,0.0,1.1,0.0
2025-01-07 01:54:00,244.94,127.38,16.58,40.53,4.21,1.15,0.0
2025-01-07 01:55:00,230.27,135.08,5.0,35.2,0.0,0.0,0.0
2025-01-07 01:56:00,253.83,128.01,14.5,33.26,2.64,3.29,0.0
2025-01-07 01:57:00,235.12,131.18,6.73,20.68,0.0,6.74,18.45
2025-01-07 01:58:00,253.1,130.65,11.71,38.17,9.2,5.7,0.0
2025-01-07 01:59:00,221.85,135.85,9.56,32.08,0.0,2.1,0.0
2025-01-07 02:00:00,253.56,133.89,8.53,34.64,0.0,1.11,29.05
2025-01-07 02:01:00,194.56,124.82,6.38,26.96,0.0,0.0,0.0
2025-01-07 02:02:00,220.94,125.25,6.06,29.79,0.0,5.31,0.0
2025-01-07 02:03:00,204.88,132.32,15.46,26.84,12.43,0.0,0.0
2025-01-07 02:04:00,230.56,129.74,5.39,33.35,3.1,0.0,0.0
2025-01-07 02:05:00,245.15,128.18,10.93,25.43,4.0,5.08,11.32
2025-01-07 02:06:00,174.6,134.06,13.78,27.38,0.0,1.0,2.19
2025-01-07 02:07:00,227.76,130.75,13.29,39.95,1.9,0.0,0.0
2025-01-07 02:08:00,249.65,130.21,19.58,30.83,0.0,0.0,0.0
2025-01-07 02:09:00,221.02,133.12,5.0,17.47,2.53,9.19,18.45
2025-01-07 02:10:00,210.37,128.5,17.49,35.54,0.0,2.56,0.0
2025-01-07 02:11:00,284.62,136.27,8.4,28.04,6.32,6.55,42.65
2025-01-07 02:12:00,213.42,126.85,6.17,30.61,0.0,6.52,0.0
2025-01-07 02:13:00,235.02,132.63,11.83,28.11,6.69,0.0,5.66
2025-01-07 02:14:00,181.69,135.74,5.0,25.82,0.0,0.24,0.0
2025-01-07 02:15:00,276.2,124.49,5.0,32.78,1.14,7.36,40.6
2025-01-07 02:16:00,224.27,128.63,14.1,30.17,0.0,13.39,0.0
2025-01-07 02:17:00,247.36,134.57,5.0,33.41,0.0,0.0,8.04
2025-01-07 02:18:00,213.23,134.63,11.07,25.08,0.0,7.78,0.0
2025-01-07 02:19:00,277.29,129.31,11.72,38.59,1.2,7.77,0.0
2025-01-07 02:20:00,216.36,127.06,12.89,28.24,0.0,16.5,2.79
2025-01-07 02:21:00,260.33,133.82,9.03,22.37,10.24,0.0,27.61
2025-01-07 02:22:00,249.95,134.73,9.54,29.56,1.28,2.86,26.82
2025-01-07 02:23:00,244.47,125.34,12.39,36.9,1.71,12.17,0.0
2025-01-07 02:24:00,197.45,125.18,5.0,13.24,1.34,0.0,0.0
2025-01-07 02:25:00,256.18,130.9,8.6,40.77,1.76,10.74,11.6
2025-01-07 02:26:00,275.63,132.52,5.2,30.79,10.38,1.81,18.66
2025-01-07 02:27:00,249.68,128.8,8.45,29.79,9.61,0.0,1.94
2025-01-07 02:28:00,261.11,132.72,11.73,26.2,18.09,18.26,0.0
2025-01-07 02:29:00,193.01,127.16,5.0,33.16,4.41,2.03,0.0
2025-01-07 02:30:00,195.72,121.54,11.54,26.92,0.31,4.54,0.0
2025-01-07 02:31:00,205.65,128.3,7.22,29.42,0.0,0.0,0.0
2025-01-07 02:32:00,212.71,130.25,11.78,20.64,0.0,3.05,0.0
2025-01-07 02:33:00,252.55,128.9,11.13,32.58,3.12,0.0,0.0
2025-01-07 02:34:00,247.9,125.37,5.58,27.9,4.82,13.02,0.0
2025-01-07 02:35:00,198.46,122.74,5.0,27.61,2.89,0.0,0.0
2025-01-07 02:36:00,266.25,127.94,7.12,27.11,5.26,4.93,21.77
2025-01-07 02:37:00,256.13,133.59,11.25,23.04,3.7,10.2,27.36
2025-01-07 02:38:00,247.18,135.02,6.67,24.48,11.04,0.0,0.0
2025-01-07 02:39:00,252.11,134.75,5.0,21.63,3.94,0.0,0.31
2025-01-07 02:40:00,233.29,126.74,9.17,27.34,6.74,6.51,0.0
2025-01-07 02:41:00,208.01,125.39,5.21,27.17,0.0,3.19,0.0
2025-01-07 02:42:00,231.82,131.99,12.23,40.91,0.0,0.0,0.0
2025-01-07 02:43:00,261.01,132.54,5.0,23.75,0.0,9.19,20.49
2025-01-07 02:44:00,229.37,131.6,5.0,26.81,8.18,0.0,5.31
2025-01-07 02:45:00,262.26,121.94,10.21,25.61,2.4,5.97,37.94
2025-01-07 02:46:00,220.79,126.53,14.48,32.12,0.92,0.71,0.0
2025-01-07 02:47:00,903.63,129.88,8.3,26.65,7.14,5.3,0.0
2025-01-07 02:48:00,262.32,131.95,5.0,29.27,7.41,3.08,3.62
2025-01-07 02:49:00,218.75,133.07,9.54,29.48,11.61,5.06,0.0
2025-01-07 02:50:00,278.11,130.58,10.58,35.81,0.0,9.52,10.29
2025-01-07 02:51:00,240.33,131.32,12.68,39.28,0.0,14.01,0.0
2025-01-07 02:52:00,242.85,130.34,5.0,32.5,7.61,8.71,0.0
2025-01-07 02:53:00,258.74,132.74,5.0,24.56,9.2,1.91,24.63
2025-01-07 02:54:00,218.5,131.25,10.18,28.5,0.0,6.68,0.0
2025-01-07 02:55:00,238.38,130.26,12.42,34.52,5.2,0.0,0.0
2025-01-07 02:56:00,208.75,128.93,5.0,18.55,0.0,0.0,0.0
2025-01-07 02:57:00,209.65,130.33,11.44,35.25,6.29,6.99,4.69
2025-01-07 02:58:00,281.58,131.94,9.01,20.17,7.36,10.11,50.32
2025-01-07 02:59:00,244.28,131.07,5.0,32.03,7.57,0.0,18.48
2025-01-07 03:00:00,212.03,131.52,5.0,34.78,0.0,0.0,0.0
2025-01-07 03:01:00,250.3,135.37,5.0,29.72,0.0,11.26,0.0
2025-01-07 03:02:00,227.78,131.06,8.74,32.97,0.0,0.0,0.0
2025-01-07 03:03:00,189.88,127.4,5.0,29.81,1.18,2.59,7.32
2025-01-07 03:04:00,198.34,133.53,5.0,28.07,5.47,4.19,0.0
2025-01-07 03:05:00,274.87,124.54,15.07,26.08,3.47,0.0,21.51
2025-01-07 03:06:00,211.07,125.67,5.0,28.87,4.01,0.0,7.67
2025-01-07 03:07:00,230.31,131.34,5.0,13.61,6.43,9.3,8.86
2025-01-07 03:08:00,244.12,132.07,6.18,22.86,8.02,4.93,6.28
2025-01-07 03:09:00,183.86,125.02,5.0,39.18,5.11,0.0,0.0
2025-01-07 03:10:00,234.17,128.47,14.56,29.02,0.65,2.91,0.0
2025-01-07 03:11:00,200.91,127.58,5.03,36.31,12.54,7.39,0.0
2025-01-07 03:12:00,198.77,128.05,15.47,29.85,0.0,0.93,0.0
2025-01-07 03:13:00,237.04,133.77,13.97,28.64,6.66,3.13,2.34
2025-01-07 03:14:00,182.85,132.83,9.54,29.41,0.0,0.0,6.14
2025-01-07 03:15:00,205.51,129.92,7.07,30.14,0.0,15.57,0.0
2025-01-07 03:16:00,256.95,127.82,8.76,24.93,0.0,0.0,25.08
2025-01-07 03:17:00,233.27,124.6,10.28,32.32,0.0,2.62,5.32
2025-01-07 03:18:00,210.68,135.68,5.0,27.96,0.17,0.49,0.0
2025-01-07 03:19:00,294.95,132.37,11.45,35.11,1.47,0.0,54.96
2025-01-07 03:20:00,203.77,127.17,9.97,23.24,4.67,0.0,1.9
2025-01-07 03:21:00,267.44,132.88,10.65,38.74,0.0,7.33,0.0
2025-01-07 03:22:00,220.76,129.72,12.37,25.16,0.0,3.21,0.0
2025-01-07 03:23:00,203.42,128.85,7.38,33.14,6.36,8.28,6.07
2025-01-07 03:24:00,270.18,131.74,5.75,33.78,13.57,0.0,26.89
2025-01-07 03:25:00,220.99,127.03,5.0,34.03,0.0,8.46,0.0
2025-01-07 03:26:00,217.25,128.62,5.75,30.93,5.59,0.0,0.0
2025-01-07 03:27:00,192.65,130.49,5.17,28.31,6.95,1.04,0.0
2025-01-07 03:28:00,219.14,128.0,9.37,37.65,0.0,8.93,0.0
2025-01-07 03:29:00,261.72,132.68,10.75,31.05,12.97,0.19,0.0
2025-01-07 03:30:00,260.47,137.48,9.62,30.04,7.94,7.9,0.19
2025-01-07 03:31:00,191.95,126.98,7.29,35.05,8.13,2.65,0.0
2025-01-07 03:32:00,237.01,123.34,5.0,27.44,0.1,11.59,0.0
2025-01-07 03:33:00,220.63,121.99,8.96,25.38,0.0,0.0,12.5
2025-01-07 03:34:00,268.25,129.4,14.39,35.33,4.99,0.57,5.68
2025-01-07 03:35:00,232.75,127.35,11.9,32.41,0.0,0.0,0.0
2025-01-07 03:36:00,231.99,130.83,5.0,37.01,1.46,3.83,0.0
2025-01-07 03:37:00,250.14,130.53,8.14,30.89,6.4,0.98,17.04
2025-01-07 03:38:00,224.84,123.59,5.0,32.53,0.43,1.87,17.6
2025-01-07 03:39:00,193.18,122.74,5.0,21.91,0.0,11.39,11.09
2025-01-07 03:40:00,238.9,131.18,8.11,40.87,16.87,4.98,0.0
2025-01-07 03:41:00,205.63,130.54,8.15,24.29,0.0,14.2,0.0
2025-01-07 03:42:00,227.31,128.3,5.48,31.55,0.0,0.0,0.0
2025-01-07 03:43:00,240.37,123.37,16.19,34.25,0.0,0.0,0.0
2025-01-07 03:44:00,206.67,131.89,13.28,22.61,1.36,0.0,0.0
2025-01-07 03:45:00,253.13,135.09,5.0,32.4,0.0,10.38,18.92
2025-01-07 03:46:00,240.48,131.11,5.92,22.62,0.0,8.94,24.95
2025-01-07 03:47:00,213.57,126.61,5.0,20.1,0.0,7.62,17.0
2025-01-07 03:48:00,205.02,130.18,11.58,19.77,3.01,3.41,0.0
2025-01-07 03:49:00,209.9,124.54,6.52,26.77,2.17,6.93,0.0
2025-01-07 03:50:00,232.38,134.23,12.35,30.66,12.81,7.64,0.0
2025-01-07 03:51:00,208.04,130.33,5.85,31.69,9.3,0.33,0.0
2025-01-07 03:52:00,209.69,122.93,5.0,30.54,2.14,12.94,14.97
2025-01-07 03:53:00,211.14,128.8,5.0,31.77,5.35,5.33,0.0
2025-01-07 03:54:00,192.15,131.85,15.83,30.63,1.4,0.0,0.0
2025-01-07 03:55:00,204.51,128.67,11.32,27.72,5.22,0.0,0.0
2025-01-07 03:56:00,248.79,128.9,5.0,36.3,0.0,0.04,29.17
2025-01-07 03:57:00,273.65,125.1,5.61,41.61,0.68,7.64,0.0
2025-01-07 03:58:00,231.28,132.27,5.0,22.77,1.14,6.57,20.94
2025-01-07 03:59:00,215.25,127.41,6.29,29.21,4.45,14.31,0.0
2025-01-07 04:00:00,217.75,121.37,5.0,31.38,3.84,0.0,0.0
2025-01-07 04:01:00,223.55,128.51,5.99,33.96,0.0,14.65,13.3
2025-01-07 04:02:00,182.32,133.92,12.8,29.99,6.78,9.52,0.0
2025-01-07 04:03:00,315.86,128.45,5.0,33.86,0.0,4.17,44.61
2025-01-07 04:04:00,255.84,136.95,14.84,19.79,3.92,1.11,23.35
2025-01-07 04:05:00,232.57,131.72,7.69,26.01,6.19,0.0,5.06
2025-01-07 04:06:00,242.36,131.36,9.18,31.55,6.78,0.54,0.0
2025-01-07 04:07:00,262.31,129.49,12.5,34.57,15.24,0.0,0.0
2025-01-07 04:08:00,231.32,129.73,9.0,22.56,4.07,0.0,0.0
2025-01-07 04:09:00,275.0,128.95,7.3,31.12,8.83,0.0,44.26
2025-01-07 04:10:00,195.12,128.79,5.0,20.93,2.89,4.83,0.0
2025-01-07 04:11:00,226.55,132.12,16.23,35.64,4.33,0.0,0.0
2025-01-07 04:12:00,249.16,126.26,17.52,24.27,0.0,0.0,11.33
2025-01-07 04:13:00,246.22,125.7,9.75,22.11,0.0,7.86,0.0
2025-01-07 04:14:00,291.97,125.51,16.32,30.86,8.92,13.5,0.0
2025-01-07 04:15:00,226.1,138.18,10.45,28.69,0.0,0.0,0.0
2025-01-07 04:16:00,231.09,132.12,13.9,45.53,0.0,0.0,0.0
2025-01-07 04:17:00,231.95,131.22,14.75,27.24,1.22,0.0,41.94
2025-01-07 04:18:00,215.65,125.77,16.42,33.31,5.34,2.79,0.0
2025-01-07 04:19:00,230.74,132.49,5.85,20.61,9.31,6.42,34.25
2025-01-07 04:20:00,199.6,129.53,14.79,26.86,0.61,0.57,7.77
2025-01-07 04:21:00,216.19,130.86,5.0,29.99,0.0,0.0,29.48
2025-01-07 04:22:00,202.04,126.09,12.23,26.8,0.0,0.0,13.48
2025-01-07 04:23:00,249.48,130.64,12.93,28.5,14.3,2.8,0.0
2025-01-07 04:24:00,219.04,128.3,6.35,22.48,2.66,0.0,5.57
2025-01-07 04:25:00,212.95,126.94,9.19,27.43,0.0,6.8,10.82
2025-01-07 04:26:00,261.52,132.94,10.34,35.38,0.63,5.14,0.0
2025-01-07 04:27:00,222.04,123.85,6.87,43.15,0.07,2.52,6.35
2025-01-07 04:28:00,245.02,132.26,9.9,30.18,0.62,8.65,0.0
2025-01-07 04:29:00,211.57,132.74,5.0,35.69,4.0,11.47,0.0
2025-01-07 04:30:00,184.26,126.48,5.0,31.19,2.15,8.49,0.0
2025-01-07 04:31:00,245.65,126.72,5.0,20.11,0.0,0.0,8.79
2025-01-07 04:32:00,251.62,129.11,5.0,27.13,13.85,0.0,17.61
2025-01-07 04:33:00,212.83,131.13,11.34,32.07,4.65,0.0,0.0
2025-01-07 04:34:00,257.54,129.39,10.96,33.75,3.73,5.83,35.45
2025-01-07 04:35:00,234.28,131.73,5.0,33.47,1.53,7.46,0.0
2025-01-07 04:36:00,218.32,137.05,5.0,19.76,8.29,0.0,3.12
2025-01-07 04:37:00,209.9,127.97,5.0,22.75,4.33,1.42,7.37
2025-01-07 04:38:00,188.8,123.14,6.39,22.22,0.13,1.38,0.0
2025-01-07 04:39:00,196.91,133.3,5.0,29.03,1.97,1.11,0.0
2025-01-07 04:40:00,275.51,136.73,11.66,33.14,0.0,4.93,26.32
2025-01-07 04:41:00,246.9,131.57,5.0,30.56,0.0,13.8,14.11
2025-01-07 04:42:00,226.29,125.65,6.37,29.39,9.74,6.91,0.0
2025-01-07 04:43:00,239.02,129.5,14.67,31.94,0.0,0.0,13.65
2025-01-07 04:44:00,216.96,125.53,5.0,31.58,6.02,8.44,0.0
2025-01-07 04:45:00,255.24,132.57,15.61,31.22,0.0,0.0,20.92
2025-01-07 04:46:00,268.78,124.59,5.0,40.82,5.15,4.47,41.66
2025-01-07 04:47:00,244.7,128.8,14.12,22.52,0.0,3.28,0.0
2025-01-07 04:48:00,189.75,125.98,6.78,24.03,0.0,0.0,6.23
2025-01-07 04:49:00,181.53,130.51,10.87,19.9,7.47,0.0,0.35
2025-01-07 04:50:00,238.48,128.53,6.75,24.08,7.66,4.49,0.0
2025-01-07 04:51:00,218.15,130.71,9.05,17.23,0.0,1.95,19.39
2025-01-07 04:52:00,266.64,130.09,8.04,44.5,7.81,4.81,0.0
2025-01-07 04:53:00,229.62,126.05,8.11,38.64,11.9,0.0,25.86
2025-01-07 04:54:00,220.48,132.51,15.51,36.11,0.0,0.0,0.0
2025-01-07 04:55:00,244.82,129.8,5.0,41.99,0.0,5.9,3.64
2025-01-07 04:56:00,216.21,126.05,10.67,33.78,2.37,8.19,0.0
2025-01-07 04:57:00,271.41,138.96,14.14,39.18,10.73,5.49,0.0
2025-01-07 04:58:00,231.17,131.91,5.74,28.28,0.0,0.0,1.5
2025-01-07 04:59:00,259.75,129.39,5.0,33.92,6.31,11.84,0.0
2025-01-07 05:00:00,243.08,135.66,5.0,37.82,11.49,0.0,32.62
2025-01-07 05:01:00,278.44,137.37,5.0,31.54,0.0,1.52,32.11
2025-01-07 05:02:00,221.22,129.42,5.59,38.71,0.0,0.0,0.0
2025-01-07 05:03:00,218.1,131.39,15.86,37.67,2.97,5.05,0.0
2025-01-07 05:04:00,223.33,126.05,5.0,18.46,4.3,0.0,4.68
2025-01-07 05:05:00,256.77,129.41,7.48,29.85,6.39,10.23,1.85
2025-01-07 05:06:00,258.63,129.2,17.07,34.44,5.98,0.0,12.46
2025-01-07 05:07:00,217.81,130.74,7.27,27.63,6.22,7.39,0.0
2025-01-07 05:08:00,224.83,131.33,8.16,29.18,0.0,3.9,0.0
2025-01-07 05:09:00,199.0,132.24,10.36,27.47,4.35,5.24,3.94
2025-01-07 05:10:00,255.84,130.95,5.0,35.31,2.29,4.47,8.15
2025-01-07 05:11:00,190.72,125.16,5.0,29.33,4.58,7.95,0.0
2025-01-07 05:12:00,202.24,126.25,5.0,32.27,0.0,0.0,0.0
2025-01-07 05:13:00,244.85,127.81,16.76,28.48,8.74,10.59,29.94
2025-01-07 05:14:00,217.36,128.87,13.08,34.57,2.43,12.48,0.0
2025-01-07 05:15:00,228.52,134.2,13.74,27.14,9.33,2.65,1.09
2025-01-07 05:16:00,203.64,125.35,7.56,34.34,4.02,10.91,0.0
2025-01-07 05:17:00,254.53,128.57,5.0,33.04,3.08,7.77,0.0
2025-01-07 05:18:00,237.67,133.81,5.58,35.49,11.54,5.12,3.58
2025-01-07 05:19:00,249.84,128.8,6.34,43.57,7.68,10.33,0.0
2025-01-07 05:20:00,262.7,131.84,8.85,13.2,1.96,4.69,29.35
2025-01-07 05:21:00,217.62,129.44,5.0,39.53,6.34,0.0,0.0
2025-01-07 05:22:00,198.2,131.03,5.0,39.79,6.65,0.0,0.0
2025-01-07 05:23:00,238.1,129.09,8.89,34.05,6.01,4.33,0.0
2025-01-07 05:24:00,213.75,132.67,14.92,31.91,8.97,0.0,0.0
2025-01-07 05:25:00,239.74,123.82,5.0,27.08,7.07,0.17,0.0
2025-01-07 05:26:00,238.26,128.55,14.13,28.61,3.02,5.32,15.56
2025-01-07 05:27:00,204.47,131.19,9.99,37.28,0.0,2.19,0.0
2025-01-07 05:28:00,281.39,132.13,15.52,30.13,7.05,10.01,26.09
2025-01-07 05:29:00,227.57,135.97,9.53,35.0,0.0,6.62,0.0
2025-01-07 05:30:00,183.77,128.44,10.15,30.02,0.0,0.0,0.0
2025-01-07 05:31:00,240.71,135.92,7.74,29.99,2.43,2.24,0.0
2025-01-07 05:32:00,211.23,127.36,12.55,34.18,8.72,0.0,0.0
2025-01-07 05:33:00,292.93,135.31,13.29,35.6,1.56,6.06,0.0
2025-01-07 05:34:00,245.46,133.27,15.55,39.82,0.0,7.13,7.17
2025-01-07 05:35:00,227.95,126.35,6.5,27.76,0.0,0.0,0.0
2025-01-07 05:36:00,261.87,131.23,19.79,31.17,7.68,2.27,0.0
2025-01-07 05:37:00,261.59,129.8,5.0,32.47,2.38,8.75,15.19
2025-01-07 05:38:00,241.3,132.5,8.96,40.36,1.05,7.29,0.0
2025-01-07 05:39:00,197.35,129.11,5.0,19.22,1.4,0.0,0.0
2025-01-07 05:40:00,221.29,128.77,5.56,22.07,8.86,0.0,25.39
2025-01-07 05:41:00,263.72,135.48,5.9,35.37,2.91,3.55,19.34
2025-01-07 05:42:00,243.14,129.61,5.0,25.56,13.11,0.0,5.07
2025-01-07 05:43:00,206.27,133.31,10.15,19.58,0.0,0.0,7.38
2025-01-07 05:44:00,234.94,129.1,7.85,40.89,11.87,0.0,0.0
2025-01-07 05:45:00,270.21,136.67,7.87,29.92,6.31,0.0,38.84
2025-01-07 05:46:00,243.24,127.29,6.99,26.57,5.56,5.63,6.54
2025-01-07 05:47:00,214.74,127.54,13.92,30.85,12.41,14.72,0.0
2025-01-07 05:48:00,200.11,136.1,7.06,10.66,6.12,6.46,0.0
2025-01-07 05:49:00,263.12,128.22,9.08,32.75,0.0,0.0,34.67
2025-01-07 05:50:00,240.9,136.4,5.0,20.6,7.42,0.85,5.66
2025-01-07 05:51:00,267.68,133.57,9.18,33.54,0.38,0.0,21.71
2025-01-07 05:52:00,248.06,129.38,8.42,23.8,0.0,5.45,8.0
2025-01-07 05:53:00,252.31,122.75,12.6,30.47,7.17,15.03,0.0
2025-01-07 05:54:00,217.99,129.92,6.95,18.39,10.41,0.0,3.9
2025-01-07 05:55:00,227.65,130.41,5.0,23.2,0.0,1.27,5.92
2025-01-07 05:56:00,243.93,134.67,12.19,30.18,9.98,0.0,0.0
2025-01-07 05:57:00,229.65,136.35,13.18,34.09,0.42,7.7,6.12
2025-01-07 05:58:00,214.16,127.26,5.0,27.63,0.0,3.88,0.0
2025-01-07 05:59:00,250.47,133.2,12.67,25.67,0.0,7.46,9.14
2025-01-07 06:00:00,245.66,133.06,7.85,34.89,0.0,1.15,5.34
2025-01-07 06:01:00,233.46,134.29,5.78,29.75,0.92,0.0,5.95
2025-01-07 06:02:00,241.73,131.99,14.21,26.01,2.54,8.75,31.32
2025-01-07 06:03:00,241.77,122.23,5.0,24.67,0.0,8.22,0.0
2025-01-07 06:04:00,253.67,129.38,5.0,34.69,0.81,9.58,25.76
2025-01-07 06:05:00,207.98,125.38,5.09,29.57,21.18,10.08,4.52
2025-01-07 06:06:00,254.1,129.19,7.0,30.89,0.0,1.22,24.88
2025-01-07 06:07:00,233.84,133.92,5.0,42.72,3.82,3.31,10.41
2025-01-07 06:08:00,250.86,131.22,5.0,38.9,0.0,0.0,26.12
2025-01-07 06:09:00,249.46,134.59,7.6,27.23,14.25,0.0,0.0
2025-01-07 06:10:00,194.02,131.37,12.54,28.99,0.0,5.07,0.0
2025-01-07 06:11:00,245.42,124.81,7.31,24.9,0.0,4.16,0.0
2025-01-07 06:12:00,221.4,119.92,12.16,40.22,0.0,1.54,0.0
2025-01-07 06:13:00,247.56,130.6,11.54,44.83,1.3,0.0,0.0
2025-01-07 06:14:00,205.86,129.14,5.0,23.1,3.1,0.0,0.0
2025-01-07 06:15:00,221.63,126.09,19.08,15.76,0.0,3.03,0.74
2025-01-07 06:16:00,274.51,123.2,20.18,31.3,0.0,12.1,16.85
2025-01-07 06:17:00,218.12,127.06,5.0,24.56,8.59,0.0,33.63
2025-01-07 06:18:00,260.4,129.22,11.42,26.62,0.0,0.0,29.28
2025-01-07 06:19:00,230.78,132.66,10.4,23.84,1.06,0.0,0.0
2025-01-07 06:20:00,263.24,130.75,5.0,38.11,0.0,9.08,0.0
2025-01-07 06:21:00,213.04,136.43,5.53,30.88,0.0,4.93,1.82
2025-01-07 06:22:00,243.74,125.86,5.14,25.02,4.16,0.0,22.65
2025-01-07 06:23:00,221.38,133.52,5.0,41.35,2.46,0.0,11.72
2025-01-07 06:24:00,260.37,130.19,9.14,24.57,2.15,3.93,30.14
2025-01-07 06:25:00,193.29,132.78,6.72,26.92,0.0,0.0,9.16
2025-01-07 06:26:00,246.07,128.25,10.61,41.13,0.0,0.0,0.97
2025-01-07 06:27:00,251.38,134.29,9.52,38.48,0.0,0.0,8.41
2025-01-07 06:28:00,258.95,131.18,10.5,32.47,5.77,1.42,14.0
2025-01-07 06:29:00,191.29,127.28,15.65,27.22,8.83,4.22,13.42
2025-01-07 06:30:00,223.58,129.95,5.0,34.14,6.15,16.83,2.91
2025-01-07 06:31:00,237.12,129.04,12.52,37.98,0.77,6.35,0.0
2025-01-07 06:32:00,235.11,131.96,5.0,29.13,6.82,6.71,16.17
2025-01-07 06:33:00,243.39,125.28,10.69,24.24,0.0,2.57,2.24
2025-01-07 06:34:00,227.11,129.88,6.7,31.13,2.07,0.71,0.0
2025-01-07 06:35:00,224.25,131.58,5.0,19.1,1.61,8.45,0.0
2025-01-07 06:36:00,226.38,130.13,13.83,36.46,0.0,0.0,4.65
2025-01-07 06:37:00,232.62,135.39,8.38,28.46,0.0,0.0,0.0
2025-01-07 06:38:00,242.09,133.1,9.87,24.26,0.0,10.36,1.41
2025-01-07 06:39:00,221.0,129.97,9.43,30.46,9.82,0.0,3.82
2025-01-07 06:40:00,247.82,130.87,25.75,27.08,6.89,0.0,0.0
2025-01-07 06:41:00,231.25,131.18,5.47,22.71,0.0,1.29,7.22
2025-01-07 06:42:00,270.0,131.61,13.37,27.69,12.28,8.87,22.78
2025-01-07 06:43:00,210.63,122.7,5.0,24.33,10.65,0.0,3.26
2025-01-07 06:44:00,206.19,128.79,5.0,42.93,0.0,0.0,0.0
2025-01-07 06:45:00,227.42,124.06,9.17,25.3,1.42,0.0,8.01
2025-01-07 06:46:00,217.34,135.11,10.34,28.39,3.24,7.83,9.07
2025-01-07 06:47:00,195.21,129.76,9.27,19.58,0.0,2.81,0.0
2025-01-07 06:48:00,241.64,129.23,5.0,43.29,1.51,8.67,0.0
2025-01-07 06:49:00,240.06,133.59,5.0,35.43,8.24,0.0,0.0
2025-01-07 06:50:00,238.26,131.69,5.46,16.58,0.0,7.71,31.72
2025-01-07 06:51:00,210.68,125.49,5.0,24.38,0.0,0.0,0.0
2025-01-07 06:52:00,248.12,129.72,8.6,33.84,1.56,0.0,23.31
2025-01-07 06:53:00,244.5,128.66,5.0,29.84,0.0,7.31,1.11
2025-01-07 06:54:00,267.74,123.02,6.65,19.0,4.63,7.62,35.67
2025-01-07 06:55:00,246.52,127.24,15.39,29.49,8.35,14.94,1.67
2025-01-07 06:56:00,227.76,129.27,5.0,38.03,0.0,2.62,0.0
2025-01-07 06:57:00,277.83,129.54,13.01,27.34,0.45,0.0,0.0
2025-01-07 06:58:00,206.94,124.07,5.0,19.27,1.64,12.92,2.13
2025-01-07 06:59:00,264.83,134.61,15.67,23.5,3.62,6.77,0.0
2025-01-07 07:00:00,237.98,129.59,5.0,0.0,0.0,7.71,14.73
2025-01-07 07:01:00,197.15,130.15,7.25,7.82,0.0,0.0,0.0
2025-01-07 07:02:00,192.54,131.6,8.71,0.0,6.5,0.0,0.0
2025-01-07 07:03:00,260.67,126.85,14.58,12.66,0.44,0.0,17.16
2025-01-07 07:04:00,209.16,131.83,9.44,5.38,0.0,0.0,7.69
2025-01-07 07:05:00,180.66,128.53,6.47,13.93,0.0,0.0,0.0
2025-01-07 07:06:00,171.98,126.41,5.0,16.43,1.5,5.21,0.56
2025-01-07 07:07:00,184.06,132.29,16.49,0.0,1.85,0.0,0.0
2025-01-07 07:08:00,200.12,135.97,5.7,3.62,0.0,0.5,0.0
2025-01-07 07:09:00,188.53,132.9,8.3,20.26,0.0,0.0,0.0
2025-01-07 07:10:00,200.78,133.69,13.16,0.0,7.53,0.0,0.0
2025-01-07 07:11:00,204.99,127.92,7.52,1.14,7.04,2.36,22.66
2025-01-07 07:12:00,177.94,123.61,12.25,0.93,0.0,7.57,1.32
2025-01-07 07:13:00,223.25,135.96,6.37,1.42,4.96,4.0,14.57
2025-01-07 07:14:00,242.3,138.22,5.0,7.15,0.0,6.5,2.82
2025-01-07 07:15:00,250.06,136.17,13.81,11.55,15.32,1.28,30.6
2025-01-07 07:16:00,205.0,128.66,15.67,2.37,0.0,0.0,17.95
2025-01-07 07:17:00,168.19,125.38,6.88,2.1,0.0,13.75,17.54
2025-01-07 07:18:00,242.45,125.74,11.35,13.1,0.0,4.31,0.0
2025-01-07 07:19:00,228.27,123.27,7.79,3.71,0.0,4.66,30.25
2025-01-07 07:20:00,228.89,129.57,5.0,10.95,0.0,5.09,13.34
2025-01-07 07:21:00,192.99,136.42,16.48,0.0,0.0,0.0,0.0
2025-01-07 07:22:00,234.82,129.43,8.19,10.7,0.0,0.0,38.44
2025-01-07 07:23:00,225.32,131.21,11.83,7.66,13.81,3.55,3.43
2025-01-07 07:24:00,227.37,135.5,5.0,7.9,0.27,12.93,14.16
2025-01-07 07:25:00,187.38,128.38,8.98,15.14,0.0,0.0,0.0
2025-01-07 07:26:00,232.76,138.14,9.75,10.18,0.0,8.22,0.0
2025-01-07 07:27:00,217.35,137.97,7.53,12.0,4.89,0.0,0.0
2025-01-07 07:28:00,225.65,129.48,5.0,2.66,9.24,0.0,0.0
2025-01-07 07:29:00,238.62,127.69,5.0,4.82,8.71,0.0,15.86
2025-01-07 07:30:00,195.0,132.79,5.0,9.9,0.0,5.81,0.0
2025-01-07 07:31:00,201.08,128.61,5.0,11.16,5.79,0.0,0.0
2025-01-07 07:32:00,187.99,125.37,5.65,0.0,0.0,2.97,11.67
2025-01-07 07:33:00,251.16,135.12,6.04,6.11,4.16,0.32,7.03
2025-01-07 07:34:00,209.07,134.87,9.26,1.23,2.58,3.38,10.71
2025-01-07 07:35:00,185.52,130.62,5.0,1.99,2.2,2.92,0.0
2025-01-07 07:36:00,187.24,124.95,7.22,12.76,0.0,0.0,0.0
2025-01-07 07:37:00,224.62,125.08,12.33,0.0,2.03,5.44,0.0
2025-01-07 07:38:00,200.89,130.43,7.82,9.28,2.35,4.25,8.21
2025-01-07 07:39:00,193.51,128.0,5.0,1.87,0.0,0.0,14.83
2025-01-07 07:40:00,168.3,128.64,5.0,12.89,2.32,3.24,0.0
2025-01-07 07:41:00,219.09,134.09,6.96,8.75,0.0,13.06,21.06
2025-01-07 07:42:00,246.55,132.93,14.2,11.09,12.6,0.0,18.54
2025-01-07 07:43:00,174.29,135.51,10.71,3.93,6.18,2.12,0.0
2025-01-07 07:44:00,205.22,126.04,10.73,4.98,6.0,1.47,0.0
2025-01-07 07:45:00,173.32,128.63,5.58,6.24,1.92,0.0,0.0
2025-01-07 07:46:00,215.26,133.04,13.72,0.0,0.0,5.06,0.0
2025-01-07 07:47:00,196.4,131.79,5.0,0.66,4.96,9.4,0.54
2025-01-07 07:48:00,223.6,136.13,5.44,12.18,0.0,0.0,6.2
2025-01-07 07:49:00,227.54,131.68,14.78,3.75,4.84,3.09,18.86
2025-01-07 07:50:00,178.29,137.39,5.0,2.71,0.0,0.0,0.0
2025-01-07 07:51:00,179.24,132.16,5.0,13.09,0.0,1.49,0.0
2025-01-07 07:52:00,171.95,134.25,5.0,0.0,0.0,0.0,0.0
2025-01-07 07:53:00,219.2,128.71,14.04,4.82,7.37,12.85,0.0
2025-01-07 07:54:00,202.98,130.06,5.96,8.06,5.4,2.92,3.29
2025-01-07 07:55:00,226.29,133.64,7.01,4.43,0.0,10.34,9.52
2025-01-07 07:56:00,178.29,136.45,5.0,1.64,0.0,0.0,3.21
2025-01-07 07:57:00,195.39,132.92,5.0,11.83,5.3,5.19,0.0
2025-01-07 07:58:00,214.63,129.67,18.51,6.26,10.27,0.0,0.0
2025-01-07 07:59:00,268.73,135.51,16.15,10.4,1.14,6.53,47.07
2025-01-07 08:00:00,211.34,121.23,5.0,18.78,0.3,16.38,0.0
2025-01-07 08:01:00,170.94,124.31,5.88,15.34,6.13,6.78,0.0
2025-01-07 08:02:00,202.43,132.73,10.44,12.27,0.0,0.0,0.0
2025-01-07 08:03:00,265.75,130.06,10.47,11.1,5.39,1.43,40.39
2025-01-07 08:04:00,175.0,132.42,9.92,3.73,0.0,0.0,0.0
2025-01-07 08:05:00,203.63,130.26,5.0,1.35,2.43,15.46,0.0
2025-01-07 08:06:00,184.71,132.28,12.96,2.23,0.7,0.0,0.0
2025-01-07 08:07:00,214.22,126.74,8.16,5.11,7.18,0.0,0.0
2025-01-07 08:08:00,205.41,132.28,9.17,0.0,10.41,3.38,0.0
2025-01-07 08:09:00,179.76,133.98,6.8,11.05,0.54,0.0,15.29
2025-01-07 08:10:00,225.49,134.88,8.33,0.0,0.0,10.13,18.58
2025-01-07 08:11:00,236.59,138.05,5.0,17.73,9.53,8.29,9.72
2025-01-07 08:12:00,194.62,130.98,9.5,8.42,3.26,7.75,10.3
2025-01-07 08:13:00,226.33,131.1,5.0,19.79,13.16,0.0,0.0
2025-01-07 08:14:00,207.75,123.91,13.77,13.0,0.0,0.0,14.62
2025-01-07 08:15:00,180.02,127.87,11.34,8.43,8.31,20.32,0.0
2025-01-07 08:16:00,159.0,129.23,15.55,3.46,0.0,0.53,0.0
2025-01-07 08:17:00,188.32,134.2,5.0,3.19,0.0,0.0,0.0
2025-01-07 08:18:00,226.57,127.56,5.0,7.0,4.14,1.6,0.0
2025-01-07 08:19:00,241.14,133.19,11.62,6.62,0.0,0.0,14.87
2025-01-07 08:20:00,241.62,129.99,5.0,17.0,17.85,1.54,0.0
2025-01-07 08:21:00,200.31,129.29,5.0,0.0,5.34,2.49,0.0
2025-01-07 08:22:00,190.01,131.0,8.16,7.57,1.05,8.11,0.0
2025-01-07 08:23:00,231.32,128.44,5.0,16.23,3.71,1.46,22.93
2025-01-07 08:24:00,234.27,128.28,5.0,0.0,3.92,0.0,15.28
2025-01-07 08:25:00,188.77,123.18,7.06,1.54,1.44,9.04,1.25
2025-01-07 08:26:00,175.64,129.01,5.17,6.63,0.0,3.39,0.0
2025-01-07 08:27:00,215.33,128.08,9.7,7.5,4.12,5.34,5.7
2025-01-07 08:28:00,189.69,127.94,13.28,14.13,9.78,0.0,0.0
2025-01-07 08:29:00,247.75,131.67,11.58,10.46,3.17,1.84,21.44
2025-01-07 08:30:00,221.85,132.63,5.88,12.51,10.87,3.95,0.0
2025-01-07 08:31:00,202.29,130.93,5.0,0.0,4.27,4.04,0.0
2025-01-07 08:32:00,180.43,133.98,5.0,8.74,0.48,2.91,0.0
2025-01-07 08:33:00,212.69,132.3,7.55,12.88,9.26,5.13,0.0
2025-01-07 08:34:00,163.12,128.82,13.79,12.8,13.66,3.52,3.93
2025-01-07 08:35:00,197.72,128.15,5.0,4.12,0.0,0.0,1.57
2025-01-07 08:36:00,205.67,131.25,5.59,4.51,13.63,0.0,7.41
2025-01-07 08:37:00,238.33,132.3,9.43,7.9,14.14,2.33,0.0
2025-01-07 08:38:00,191.39,135.59,5.0,1.8,5.41,2.4,0.0
2025-01-07 08:39:00,215.72,134.76,9.04,5.4,0.0,4.3,11.0
2025-01-07 08:40:00,145.71,127.83,9.91,0.58,4.56,8.15,0.0
2025-01-07 08:41:00,208.87,129.59,5.93,0.0,3.63,0.0,0.0
2025-01-07 08:42:00,212.28,132.68,5.35,10.23,0.0,0.38,0.0
2025-01-07 08:43:00,217.03,134.27,11.55,7.95,3.11,0.0,0.0
2025-01-07 08:44:00,185.15,133.76,5.1,7.67,0.0,2.09,0.0
2025-01-07 08:45:00,195.45,129.74,7.68,5.72,0.28,4.52,0.0
2025-01-07 08:46:00,220.34,124.98,5.92,6.08,14.42,16.37,3.03
2025-01-07 08:47:00,185.6,126.0,5.0,2.33,10.75,0.0,12.28
2025-01-07 08:48:00,226.07,131.09,12.92,8.7,18.28,5.16,0.0
2025-01-07 08:49:00,260.01,131.37,13.39,11.67,0.0,0.0,60.39
2025-01-07 08:50:00,159.18,125.61,8.9,4.0,0.0,0.0,2.93
2025-01-07 08:51:00,222.95,130.18,8.29,4.62,3.52,14.88,29.38
2025-01-07 08:52:00,180.79,132.52,12.53,12.96,7.04,0.0,0.0
2025-01-07 08:53:00,141.26,125.4,5.0,0.0,0.0,0.0,0.0
2025-01-07 08:54:00,160.69,134.42,5.0,3.65,0.0,3.54,35.47
2025-01-07 08:55:00,267.04,128.49,5.0,0.26,6.5,5.73,15.14
2025-01-07 08:56:00,177.63,135.03,5.64,5.19,0.0,0.0,0.0
2025-01-07 08:57:00,257.38,127.87,8.64,6.11,0.0,11.43,38.29
2025-01-07 08:58:00,247.93,125.89,8.29,13.28,0.96,2.46,0.0
2025-01-07 08:59:00,176.44,128.17,5.0,8.73,0.0,0.0,0.0
2025-01-07 09:00:00,274.66,129.62,26.94,0.0,15.24,62.53,16.08
2025-01-07 09:01:00,270.06,128.45,30.84,3.39,4.89,61.75,0.0
2025-01-07 09:02:00,321.89,129.14,22.34,11.82,0.0,69.29,44.2
2025-01-07 09:03:00,296.18,131.34,23.45,10.8,6.13,61.53,0.0
2025-01-07 09:04:00,270.54,129.32,36.46,0.0,1.77,70.69,6.32
2025-01-07 09:05:00,283.23,129.74,21.68,0.0,2.81,66.66,4.33
2025-01-07 09:06:00,263.69,123.16,19.48,0.0,5.48,68.21,0.0
2025-01-07 09:07:00,325.05,131.57,37.06,8.04,0.0,65.82,39.28
2025-01-07 09:08:00,231.03,129.64,31.29,3.59,0.0,56.35,0.0
2025-01-07 09:09:00,284.29,136.44,24.97,1.34,11.11,66.51,13.21
2025-01-07 09:10:00,270.59,126.24,26.67,0.0,2.48,61.79,0.0
2025-01-07 09:11:00,350.65,122.77,33.67,3.74,6.23,53.1,18.42
2025-01-07 09:12:00,250.55,132.47,24.91,7.28,0.0,46.94,0.0
2025-01-07 09:13:00,271.75,131.39,29.37,10.28,4.9,64.38,0.0
2025-01-07 09:14:00,290.33,125.97,29.85,8.4,0.0,56.46,5.02
2025-01-07 09:15:00,294.1,123.88,19.63,1.55,10.82,77.42,0.73
2025-01-07 09:16:00,272.28,136.15,26.65,3.87,0.0,69.42,0.0
2025-01-07 09:17:00,299.15,135.66,32.78,8.22,0.0,55.87,12.67
2025-01-07 09:18:00,328.34,120.05,37.25,4.55,0.0,54.73,33.58
2025-01-07 09:19:00,317.49,128.17,25.53,7.44,13.11,49.63,19.78
2025-01-07 09:20:00,313.11,136.66,30.45,0.0,3.57,58.18,8.39
2025-01-07 09:21:00,296.8,128.1,27.11,11.51,4.01,56.32,21.65
2025-01-07 09:22:00,275.09,128.04,36.58,3.71,0.0,59.29,0.0
2025-01-07 09:23:00,257.95,128.87,28.54,8.79,0.0,65.75,0.0
2025-01-07 09:24:00,259.43,125.52,28.75,5.35,0.0,54.13,0.0
2025-01-07 09:25:00,319.97,123.18,30.46,9.57,6.71,64.21,31.42
2025-01-07 09:26:00,347.48,134.21,33.8,10.52,6.07,68.26,0.0
2025-01-07 09:27:00,272.77,122.63,32.47,3.5,9.56,61.83,3.01
2025-01-07 09:28:00,315.18,130.99,33.06,3.54,0.0,62.93,0.0
2025-01-07 09:29:00,320.0,133.55,27.76,2.4,0.0,58.12,0.0
2025-01-07 09:30:00,299.17,124.2,27.39,5.75,4.89,59.48,0.0
2025-01-07 09:31:00,279.93,126.3,25.21,14.14,0.0,43.03,40.88
2025-01-07 09:32:00,274.65,134.85,23.69,3.39,0.03,63.27,0.0
2025-01-07 09:33:00,264.1,132.13,29.67,8.24,0.0,59.51,0.0
2025-01-07 09:34:00,280.03,127.53,19.84,2.1,0.0,52.16,14.24
2025-01-07 09:35:00,285.0,134.81,27.74,2.83,7.52,58.39,0.0
2025-01-07 09:36:00,322.4,134.83,29.19,6.87,3.44,62.13,22.21
2025-01-07 09:37:00,309.26,131.08,18.45,7.56,0.0,61.28,1.0
2025-01-07 09:38:00,265.08,126.4,21.03,10.33,12.84,57.05,0.0
2025-01-07 09:39:00,245.13,128.35,29.81,9.2,0.0,56.48,0.0
2025-01-07 09:40:00,293.22,131.15,26.53,0.0,1.39,55.46,0.16
2025-01-07 09:41:00,280.04,129.25,29.81,9.12,0.0,59.19,1.86
2025-01-07 09:42:00,325.06,133.76,31.71,8.84,0.0,46.02,0.0
2025-01-07 09:43:00,304.38,123.88,26.71,13.14,3.47,67.65,26.2
2025-01-07 09:44:00,311.81,124.02,33.06,23.95,8.65,52.98,0.0
2025-01-07 09:45:00,294.37,130.72,37.09,0.0,0.0,61.63,0.0
2025-01-07 09:46:00,375.31,128.03,29.26,14.97,4.6,65.53,33.3
2025-01-07 09:47:00,288.25,127.49,26.83,7.57,0.0,59.71,6.72
2025-01-07 09:48:00,273.97,122.93,28.34,2.44,0.0,72.07,0.0
2025-01-07 09:49:00,246.58,130.08,26.04,0.0,2.84,50.89,0.0
2025-01-07 09:50:00,335.53,129.79,34.73,5.59,3.55,66.93,32.64
2025-01-07 09:51:00,271.41,132.61,31.74,0.0,0.83,57.76,2.53
2025-01-07 09:52:00,242.43,130.28,21.83,2.88,0.0,54.92,0.0
2025-01-07 09:53:00,273.89,129.47,26.95,10.87,4.17,68.42,0.0
2025-01-07 09:54:00,231.19,134.71,16.03,10.24,0.0,54.28,0.0
2025-01-07 09:55:00,280.96,124.75,16.92,15.47,0.0,52.04,7.17
2025-01-07 09:56:00,308.89,132.15,31.33,16.49,0.0,60.11,4.89
2025-01-07 09:57:00,256.9,123.32,31.28,3.43,0.0,57.58,0.0
2025-01-07 09:58:00,245.57,126.65,19.3,1.47,0.0,68.0,0.0
2025-01-07 09:59:00,284.81,125.15,22.24,10.0,5.26,64.99,0.0
2025-01-07 10:00:00,297.16,133.13,24.79,1.82,0.0,55.59,0.0
2025-01-07 10:01:00,321.15,129.74,39.96,11.59,0.0,68.56,11.62
2025-01-07 10:02:00,265.17,129.95,12.03,11.08,9.47,61.8,8.07
2025-01-07 10:03:00,243.68,125.57,30.63,0.0,0.0,63.49,0.0
2025-01-07 10:04:00,274.47,128.8,18.41,14.13,4.66,64.86,0.0
2025-01-07 10:05:00,301.2,126.95,21.03,9.83,3.33,59.32,27.39
2025-01-07 10:06:00,290.14,131.53,24.78,3.28,9.85,58.9,0.0
2025-01-07 10:07:00,313.71,126.04,26.1,7.91,0.0,68.11,0.0
2025-01-07 10:08:00,382.32,135.32,25.93,16.44,1.17,53.98,25.14
2025-01-07 10:09:00,268.07,123.3,22.42,3.59,4.68,62.63,3.25
2025-01-07 10:10:00,312.37,126.77,25.61,1.51,14.2,61.07,14.73
2025-01-07 10:11:00,278.8,136.71,34.54,10.96,2.44,46.3,28.6
2025-01-07 10:12:00,243.86,128.26,24.76,0.0,6.01,52.15,0.0
2025-01-07 10:13:00,297.33,124.74,31.88,0.0,2.29,70.36,17.72
2025-01-07 10:14:00,231.77,130.88,28.49,10.08,4.21,61.19,3.09
2025-01-07 10:15:00,261.76,128.1,29.12,9.52,0.0,74.06,0.0
2025-01-07 10:16:00,260.92,126.66,22.87,6.26,9.7,65.1,0.0
2025-01-07 10:17:00,274.46,125.62,18.88,4.61,5.85,58.93,9.53
2025-01-07 10:18:00,264.54,141.07,34.04,0.0,5.12,64.86,0.0
2025-01-07 10:19:00,261.56,128.99,18.57,4.71,3.09,60.43,16.96
2025-01-07 10:20:00,302.94,122.3,26.49,7.96,7.92,65.42,0.0
2025-01-07 10:21:00,348.04,135.97,31.92,1.28,11.72,63.25,0.0
2025-01-07 10:22:00,295.38,132.44,23.09,12.44,0.0,56.87,0.0
2025-01-07 10:23:00,316.1,126.93,29.34,0.4,7.69,59.94,0.0
2025-01-07 10:24:00,270.21,126.27,27.0,1.1,9.74,60.56,0.0
2025-01-07 10:25:00,283.81,132.69,29.9,12.85,4.53,54.63,15.73
2025-01-07 10:26:00,234.48,129.01,29.1,6.28,0.0,52.68,0.0
2025-01-07 10:27:00,276.31,122.3,26.64,12.32,0.0,66.09,0.0
2025-01-07 10:28:00,326.36,137.15,28.33,10.1,4.1,65.71,19.07
2025-01-07 10:29:00,308.3,128.26,34.13,8.67,16.15,50.9,25.49
2025-01-07 10:30:00,291.26,135.98,24.49,12.84,0.0,66.08,19.12
2025-01-07 10:31:00,256.22,135.11,22.36,3.96,0.75,56.21,3.5
2025-01-07 10:32:00,249.39,126.0,28.88,7.22,0.0,59.71,5.59
2025-01-07 10:33:00,262.65,134.13,26.3,10.95,2.9,61.31,16.68
2025-01-07 10:34:00,308.37,127.39,30.27,7.18,4.42,67.32,0.0
2025-01-07 10:35:00,296.98,122.53,28.22,0.0,0.0,67.68,0.0
2025-01-07 10:36:00,286.15,128.3,36.14,7.62,0.0,66.59,2.88
2025-01-07 10:37:00,283.28,131.59,30.05,0.0,4.02,64.09,0.0
2025-01-07 10:38:00,253.04,128.15,22.6,6.82,2.78,55.28,0.0
2025-01-07 10:39:00,301.34,128.77,38.14,0.0,0.0,65.84,13.23
2025-01-07 10:40:00,332.23,134.57,25.82,3.72,0.0,67.21,40.92
2025-01-07 10:41:00,318.07,130.43,23.04,8.6,0.0,56.45,22.12
2025-01-07 10:42:00,272.96,126.63,24.26,3.48,9.06,61.7,0.0
2025-01-07 10:43:00,298.44,132.81,31.7,11.02,2.13,66.46,15.22
2025-01-07 10:44:00,294.96,130.79,20.84,0.0,0.0,77.14,0.0
2025-01-07 10:45:00,283.99,119.91,36.22,0.0,0.0,66.67,12.81
2025-01-07 10:46:00,265.87,131.71,33.39,0.0,0.0,60.53,0.33
2025-01-07 10:47:00,312.66,131.57,28.66,6.74,0.17,62.38,0.0
2025-01-07 10:48:00,248.64,130.08,29.09,2.77,0.0,65.53,0.0
2025-01-07 10:49:00,288.55,133.57,38.92,11.24,2.33,61.09,0.0
2025-01-07 10:50:00,301.95,127.31,29.1,12.13,7.45,56.59,3.06
2025-01-07 10:51:00,298.38,131.35,29.25,9.33,2.82,52.86,5.1
2025-01-07 10:52:00,294.6,123.73,30.23,1.3,5.57,67.29,7.66
2025-01-07 10:53:00,280.58,131.63,27.87,7.0,2.91,58.94,0.0
2025-01-07 10:54:00,299.65,137.81,24.42,12.96,0.0,54.36,0.0
2025-01-07 10:55:00,309.53,126.02,25.94,14.64,0.0,64.23,0.0
2025-01-07 10:56:00,327.44,126.96,31.85,11.46,0.0,68.27,0.0
2025-01-07 10:57:00,272.73,127.16,27.02,11.15,0.0,52.26,22.89
2025-01-07 10:58:00,282.07,130.52,34.19,1.95,0.55,67.33,0.0
2025-01-07 10:59:00,318.09,125.75,32.51,10.04,0.0,70.71,5.04
2025-01-07 11:00:00,293.34,131.68,34.25,2.2,12.02,56.8,0.0
2025-01-07 11:01:00,269.94,133.39,24.88,0.24,8.24,70.24,13.71
2025-01-07 11:02:00,284.49,132.14,35.67,2.69,3.0,56.5,0.0
2025-01-07 11:03:00,304.53,122.93,28.27,7.27,0.0,60.48,28.22
2025-01-07 11:04:00,298.46,133.98,28.56,10.93,0.0,67.88,0.0
2025-01-07 11:05:00,293.7,133.75,20.9,0.08,11.79,56.87,0.0
2025-01-07 11:06:00,318.71,133.32,40.92,11.29,2.15,62.59,12.97
2025-01-07 11:07:00,259.03,131.49,21.41,3.45,0.0,62.35,0.0
2025-01-07 11:08:00,281.71,130.88,34.44,9.79,12.89,58.44,10.69
2025-01-07 11:09:00,250.91,134.13,25.82,1.11,0.0,54.0,0.0
2025-01-07 11:10:00,284.17,137.69,29.73,6.63,0.25,59.13,9.32
2025-01-07 11:11:00,272.05,126.19,25.32,0.0,7.11,65.72,0.0
2025-01-07 11:12:00,303.58,134.31,34.68,2.16,7.57,61.29,19.04
2025-01-07 11:13:00,252.23,129.66,21.85,1.91,0.0,56.68,0.0
2025-01-07 11:14:00,279.2,129.48,27.75,11.54,0.0,59.64,0.0
2025-01-07 11:15:00,346.11,123.85,35.61,14.05,4.77,66.25,30.11
2025-01-07 11:16:00,268.62,128.86,27.55,11.9,0.0,51.89,0.0
2025-01-07 11:17:00,258.98,126.01,27.99,6.44,0.0,58.82,13.95
2025-01-07 11:18:00,255.62,128.14,20.13,3.88,0.0,58.35,14.47
2025-01-07 11:19:00,269.14,125.61,31.17,7.37,5.41,62.44,0.0
2025-01-07 11:20:00,299.12,128.2,32.25,12.72,2.12,77.73,13.38
2025-01-07 11:21:00,306.74,128.38,32.57,0.85,4.65,65.86,0.0
2025-01-07 11:22:00,326.52,130.39,27.11,5.01,0.0,61.39,15.71
2025-01-07 11:23:00,317.37,123.54,23.39,5.54,0.0,69.68,36.75
2025-01-07 11:24:00,315.14,124.22,27.08,5.28,3.21,65.28,6.65
2025-01-07 11:25:00,303.7,131.45,20.07,0.0,0.0,63.92,38.33
2025-01-07 11:26:00,310.79,126.81,27.79,8.89,4.25,64.66,0.0
2025-01-07 11:27:00,265.53,134.3,26.12,5.65,21.87,55.34,0.0
2025-01-07 11:28:00,334.81,130.9,32.17,15.68,7.8,55.34,31.18
2025-01-07 11:29:00,277.21,132.43,27.77,8.85,4.76,62.5,0.0
2025-01-07 11:30:00,305.77,135.64,31.74,2.3,0.98,69.69,0.0
2025-01-07 11:31:00,295.53,128.76,22.87,0.37,0.0,69.22,0.0
2025-01-07 11:32:00,260.79,127.7,26.89,0.0,6.17,65.75,0.0
2025-01-07 11:33:00,299.22,133.49,37.62,0.0,2.19,63.85,14.3
2025-01-07 11:34:00,280.48,132.04,27.53,3.47,0.0,59.07,0.54
2025-01-07 11:35:00,257.79,129.25,24.96,2.15,0.0,71.75,6.37
2025-01-07 11:36:00,293.36,135.57,31.98,7.48,15.39,62.47,0.0
2025-01-07 11:37:00,263.02,129.15,31.11,1.85,0.0,57.14,0.0
2025-01-07 11:38:00,293.38,130.13,31.29,0.0,0.0,66.33,14.53
2025-01-07 11:39:00,324.72,130.08,26.44,2.57,0.0,71.22,3.06
2025-01-07 11:40:00,291.7,126.26,29.84,4.48,0.0,70.37,9.15
2025-01-07 11:41:00,294.25,130.31,34.23,5.45,0.09,52.36,24.37
2025-01-07 11:42:00,322.73,135.59,34.1,8.04,1.45,68.16,0.0
2025-01-07 11:43:00,282.3,131.78,27.45,8.06,0.39,52.96,44.37
2025-01-07 11:44:00,260.99,130.12,22.04,0.0,0.0,64.84,3.71
2025-01-07 11:45:00,274.57,129.35,23.71,11.22,0.0,57.52,4.84
2025-01-07 11:46:00,272.09,131.32,23.39,11.99,4.01,64.79,0.0
2025-01-07 11:47:00,259.25,133.0,32.1,6.63,7.99,52.47,0.0
2025-01-07 11:48:00,302.22,132.44,19.89,11.82,2.32,68.47,0.0
2025-01-07 11:49:00,274.21,128.67,25.4,3.54,4.47,60.47,0.0
2025-01-07 11:50:00,330.95,131.3,27.05,14.78,9.66,68.88,0.0
2025-01-07 11:51:00,279.38,131.92,23.17,2.79,4.04,59.36,28.78
2025-01-07 11:52:00,284.57,125.97,34.39,0.0,0.0,64.85,0.0
2025-01-07 11:53:00,321.05,130.67,30.04,9.74,0.0,53.66,17.62
2025-01-07 11:54:00,269.4,121.35,31.22,8.02,10.33,52.84,0.0
2025-01-07 11:55:00,261.12,131.93,29.3,7.46,7.7,62.84,0.0
2025-01-07 11:56:00,260.1,132.64,33.89,0.59,1.49,67.88,0.0
2025-01-07 11:57:00,328.64,132.99,33.04,16.29,0.0,69.48,7.31
2025-01-07 11:58:00,292.26,128.42,35.02,6.36,0.0,54.58,33.88
2025-01-07 11:59:00,300.47,131.24,23.62,0.29,6.49,74.03,23.85
2025-01-07 12:00:00,290.38,135.7,35.09,4.71,14.03,66.88,0.0
2025-01-07 12:01:00,280.67,135.66,25.41,15.06,1.53,55.12,22.12
2025-01-07 12:02:00,291.97,129.88,34.02,11.88,4.66,67.22,0.0
2025-01-07 12:03:00,267.53,130.56,31.05,7.66,0.08,58.41,0.0
2025-01-07 12:04:00,332.24,134.44,23.78,8.81,4.5,64.31,33.97
2025-01-07 12:05:00,274.91,124.0,31.65,0.0,2.36,60.73,9.89
2025-01-07 12:06:00,272.07,128.71,26.49,12.78,1.83,61.79,0.0
2025-01-07 12:07:00,289.39,135.34,32.06,1.48,0.0,52.81,9.54
2025-01-07 12:08:00,268.43,133.9,29.74,5.53,0.0,61.16,1.52
2025-01-07 12:09:00,271.64,131.48,26.73,7.76,3.67,59.41,0.0
2025-01-07 12:10:00,286.16,123.98,35.46,6.97,0.48,67.11,18.63
2025-01-07 12:11:00,287.46,129.8,18.31,3.68,5.05,59.15,33.32
2025-01-07 12:12:00,269.98,127.64,30.12,0.0,0.0,68.34,0.0
2025-01-07 12:13:00,276.34,131.32,32.6,0.0,0.0,62.94,16.49
2025-01-07 12:14:00,321.72,126.76,28.52,11.01,4.12,55.61,36.14
2025-01-07 12:15:00,241.79,125.9,35.69,0.0,0.0,60.13,3.71
2025-01-07 12:16:00,308.04,121.74,32.18,2.13,6.32,59.79,6.12
2025-01-07 12:17:00,287.94,134.89,26.86,15.55,0.42,53.31,20.84
2025-01-07 12:18:00,309.27,128.4,30.87,11.24,3.21,49.38,0.0
2025-01-07 12:19:00,324.55,130.63,32.79,3.02,11.71,57.13,16.53
2025-01-07 12:20:00,278.75,129.99,31.21,3.04,9.83,56.23,3.61
2025-01-07 12:21:00,292.07,125.73,30.15,2.54,9.2,68.88,0.0
2025-01-07 12:22:00,278.64,124.96,28.24,6.27,0.0,51.78,0.0
2025-01-07 12:23:00,316.3,125.98,31.44,10.24,3.11,65.85,0.0
2025-01-07 12:24:00,277.01,127.11,28.96,0.0,0.0,61.1,12.57
2025-01-07 12:25:00,276.37,131.47,23.81,16.33,0.0,51.25,5.45
2025-01-07 12:26:00,273.66,126.82,31.71,16.15,0.0,68.9,0.0
2025-01-07 12:27:00,281.17,136.99,38.61,1.16,4.04,62.4,0.0
2025-01-07 12:28:00,267.7,134.11,37.37,0.0,6.22,69.48,18.2
2025-01-07 12:29:00,303.44,133.23,23.86,7.59,8.56,54.59,31.69
2025-01-07 12:30:00,309.39,129.52,26.13,7.81,12.66,61.58,0.0
2025-01-07 12:31:00,319.21,136.06,30.56,4.46,8.65,66.63,0.0
2025-01-07 12:32:00,313.2,129.13,20.31,14.68,4.99,55.31,30.93
2025-01-07 12:33:00,280.56,129.87,28.93,14.0,0.0,71.47,0.0
2025-01-07 12:34:00,298.55,130.68,34.86,10.48,2.8,78.73,11.14
2025-01-07 12:35:00,278.77,132.81,30.72,8.37,9.52,63.16,2.11
2025-01-07 12:36:00,346.25,132.55,24.85,0.56,0.0,70.23,63.95
2025-01-07 12:37:00,309.26,128.1,35.36,4.68,5.74,56.66,10.68
2025-01-07 12:38:00,272.58,127.87,34.84,2.49,12.3,61.65,0.0
2025-01-07 12:39:00,300.09,132.56,29.11,0.0,13.63,62.92,0.0
2025-01-07 12:40:00,331.96,132.86,30.06,9.26,13.02,62.87,17.36
2025-01-07 12:41:00,298.95,128.43,26.82,12.12,0.0,56.04,8.8
2025-01-07 12:42:00,282.39,123.65,30.71,1.84,7.49,52.71,0.0
2025-01-07 12:43:00,303.48,129.17,22.71,8.63,5.93,62.26,11.25
2025-01-07 12:44:00,339.18,132.49,19.87,11.58,2.48,61.27,40.46
2025-01-07 12:45:00,298.09,137.22,31.92,18.0,0.0,61.35,16.16
2025-01-07 12:46:00,307.65,125.21,34.13,6.11,8.76,72.89,11.44
2025-01-07 12:47:00,275.68,128.29,34.0,0.0,10.51,61.85,27.03
2025-01-07 12:48:00,292.35,128.44,38.0,1.71,0.0,68.98,9.87
2025-01-07 12:49:00,306.98,135.42,30.53,0.0,0.0,62.94,6.35
2025-01-07 12:50:00,251.33,129.86,27.75,5.96,1.12,62.42,0.0
2025-01-07 12:51:00,288.8,126.37,26.55,10.02,2.98,58.16,3.31
2025-01-07 12:52:00,267.37,132.23,33.25,17.3,0.0,52.3,0.0
2025-01-07 12:53:00,269.48,128.38,27.62,0.6,8.12,61.48,4.51
2025-01-07 12:54:00,272.84,125.1,24.84,6.75,4.72,65.01,7.09
2025-01-07 12:55:00,298.03,126.43,28.51,12.44,12.01,68.62,8.93
2025-01-07 12:56:00,303.99,136.94,23.93,0.0,2.29,67.61,3.34
2025-01-07 12:57:00,316.41,131.54,35.27,9.77,5.03,55.51,0.0
2025-01-07 12:58:00,256.16,130.43,29.79,17.71,5.33,55.52,0.0
2025-01-07 12:59:00,261.02,129.0,33.78,13.02,0.0,65.45,0.0
2025-01-07 13:00:00,335.54,131.17,27.74,17.66,3.39,72.26,26.44
2025-01-07 13:01:00,276.7,131.12,33.03,5.33,0.0,62.56,0.0
2025-01-07 13:02:00,299.22,131.17,37.18,0.0,13.57,71.47,0.0
2025-01-07 13:03:00,274.09,130.46,31.09,6.86,0.14,53.3,0.0
2025-01-07 13:04:00,325.78,133.48,36.06,0.5,9.97,68.46,13.52
2025-01-07 13:05:00,302.14,130.09,30.32,12.3,0.0,71.85,9.9
2025-01-07 13:06:00,260.3,126.09,29.01,1.47,9.05,56.6,33.01
2025-01-07 13:07:00,323.69,127.55,28.77,5.17,1.51,63.59,40.58
2025-01-07 13:08:00,319.93,122.08,32.17,15.86,0.59,62.49,0.0
2025-01-07 13:09:00,284.48,138.11,23.88,5.68,0.0,64.65,0.0
2025-01-07 13:10:00,261.13,133.45,25.91,1.48,0.64,55.31,0.0
2025-01-07 13:11:00,253.17,126.68,25.84,6.67,0.0,63.55,0.0
2025-01-07 13:12:00,270.63,128.87,18.63,8.81,7.45,71.45,1.96
2025-01-07 13:13:00,257.77,127.45,20.7,6.5,0.98,62.05,0.0
2025-01-07 13:14:00,268.28,136.17,21.22,10.54,0.0,61.23,3.26
2025-01-07 13:15:00,260.1,124.32,29.7,2.83,0.0,72.58,1.63
2025-01-07 13:16:00,304.71,130.46,38.03,14.28,0.0,58.41,13.57
2025-01-07 13:17:00,317.2,129.57,39.64,9.51,0.0,59.04,0.0
2025-01-07 13:18:00,303.04,133.31,27.76,4.34,1.43,62.95,21.58
2025-01-07 13:19:00,297.93,129.58,21.05,11.23,0.0,51.17,8.86
2025-01-07 13:20:00,325.27,122.97,32.59,12.41,4.64,60.45,34.53
2025-01-07 13:21:00,311.11,129.0,35.69,6.51,12.4,68.26,0.0
2025-01-07 13:22:00,317.89,126.11,26.63,14.67,0.0,74.01,11.36
2025-01-07 13:23:00,306.94,130.32,24.27,10.96,10.64,63.35,0.0
2025-01-07 13:24:00,304.35,135.74,31.37,6.66,10.72,66.33,0.0
2025-01-07 13:25:00,283.53,123.04,28.03,0.0,5.91,55.76,0.0
2025-01-07 13:26:00,296.56,126.8,27.13,2.56,14.8,53.57,0.0
2025-01-07 13:27:00,311.46,127.79,29.04,7.26,8.16,62.6,16.45
2025-01-07 13:28:00,247.86,128.47,19.3,4.45,3.1,58.39,0.0
2025-01-07 13:29:00,283.15,132.96,26.38,0.77,2.24,58.38,0.0
2025-01-07 13:30:00,254.46,129.31,30.56,1.0,2.42,58.52,0.0
2025-01-07 13:31:00,301.43,131.66,28.78,4.47,1.3,68.88,19.98
2025-01-07 13:32:00,337.38,127.5,30.81,14.95,5.24,63.92,14.97
2025-01-07 13:33:00,285.64,130.92,18.18,0.49,13.43,60.3,42.74
2025-01-07 13:34:00,263.29,133.11,23.81,0.22,0.0,68.53,0.0
2025-01-07 13:35:00,281.06,127.07,29.27,7.0,1.2,62.75,0.68
2025-01-07 13:36:00,300.34,133.13,26.04,8.02,0.0,65.17,0.0
2025-01-07 13:37:00,247.28,130.21,25.54,2.72,0.0,55.74,0.0
2025-01-07 13:38:00,310.37,134.18,35.46,0.0,0.91,57.31,6.67
2025-01-07 13:39:00,245.75,129.19,20.23,7.42,4.62,62.11,0.0
2025-01-07 13:40:00,270.11,131.52,31.84,0.0,0.0,62.72,5.31
2025-01-07 13:41:00,280.5,129.84,31.82,1.71,4.9,67.22,0.0
2025-01-07 13:42:00,265.2,129.62,18.57,10.11,0.0,68.21,16.87
2025-01-07 13:43:00,283.97,131.04,24.17,0.2,0.0,58.38,7.17
2025-01-07 13:44:00,307.2,132.15,20.69,19.49,5.65,50.49,0.0
2025-01-07 13:45:00,333.17,125.0,29.03,3.3,1.52,66.6,11.68
2025-01-07 13:46:00,349.06,135.73,27.35,10.01,0.0,57.6,75.03
2025-01-07 13:47:00,284.05,122.56,40.05,11.55,7.11,56.67,8.05
2025-01-07 13:48:00,241.13,127.26,25.05,6.1,0.0,59.99,0.0
2025-01-07 13:49:00,306.89,129.62,28.22,2.72,4.82,71.35,28.86
2025-01-07 13:50:00,313.12,131.65,27.37,0.77,15.11,68.17,20.11
2025-01-07 13:51:00,295.22,136.3,20.04,5.78,10.71,62.26,0.0
2025-01-07 13:52:00,296.26,122.57,26.39,9.96,0.0,62.72,15.36
2025-01-07 13:53:00,312.19,127.97,29.36,5.44,0.0,64.36,44.56
2025-01-07 13:54:00,258.48,121.49,13.69,3.62,5.23,58.23,12.99
2025-01-07 13:55:00,276.62,130.13,24.86,2.96,0.0,58.34,22.32
2025-01-07 13:56:00,298.01,131.09,39.16,4.4,6.4,51.7,0.0
2025-01-07 13:57:00,300.38,136.36,25.54,0.36,0.0,67.01,25.06
2025-01-07 13:58:00,268.4,130.48,25.89,8.69,0.0,68.12,0.96
2025-01-07 13:59:00,280.02,134.18,21.37,7.05,2.96,66.57,0.0
2025-01-07 14:00:00,278.6,132.34,36.89,0.29,0.0,57.95,0.0
2025-01-07 14:01:00,294.42,128.26,36.65,0.0,1.29,60.75,0.0
2025-01-07 14:02:00,269.52,124.36,32.27,10.17,0.0,63.47,9.99
2025-01-07 14:03:00,345.96,131.1,30.09,11.57,0.6,61.99,10.45
2025-01-07 14:04:00,302.57,124.03,31.98,12.82,0.0,71.11,7.59
2025-01-07 14:05:00,274.52,135.18,31.06,0.0,0.0,64.98,12.68
2025-01-07 14:06:00,296.6,129.35,29.22,4.4,9.14,63.76,33.2
2025-01-07 14:07:00,314.24,134.78,30.77,0.74,0.05,67.37,0.0
2025-01-07 14:08:00,264.22,128.08,33.52,2.82,0.0,53.04,2.07
2025-01-07 14:09:00,295.72,131.08,25.51,6.44,2.21,65.77,0.0
2025-01-07 14:10:00,285.39,130.84,22.49,12.64,14.32,66.17,9.92
2025-01-07 14:11:00,327.27,129.82,19.75,17.26,0.0,75.8,0.0
2025-01-07 14:12:00,259.17,128.27,13.86,1.05,7.6,64.49,8.29
2025-01-07 14:13:00,256.53,131.57,27.72,6.4,4.12,48.31,0.0
2025-01-07 14:14:00,293.98,126.3,27.53,4.19,14.01,78.2,7.55
2025-01-07 14:15:00,317.29,125.16,24.92,9.05,6.41,70.09,14.15
2025-01-07 14:16:00,306.73,134.97,31.8,11.8,7.4,70.4,9.33
2025-01-07 14:17:00,326.37,132.91,29.2,27.52,0.0,59.51,19.42
2025-01-07 14:18:00,269.92,130.26,35.85,4.91,5.66,52.48,0.0
2025-01-07 14:19:00,292.18,136.66,33.72,0.0,0.61,53.12,5.6
2025-01-07 14:20:00,272.21,128.93,24.49,0.0,0.92,61.9,0.0
2025-01-07 14:21:00,299.43,135.29,30.7,8.74,9.99,68.57,3.28
2025-01-07 14:22:00,335.13,130.7,33.01,12.93,6.98,59.1,16.09
2025-01-07 14:23:00,292.99,125.9,33.01,9.75,9.98,65.06,0.0
2025-01-07 14:24:00,315.22,137.39,27.99,3.35,0.0,56.02,21.41
2025-01-07 14:25:00,249.0,133.96,26.19,3.63,8.88,67.06,0.0
2025-01-07 14:26:00,313.08,129.52,20.06,1.62,0.0,76.14,8.67
2025-01-07 14:27:00,261.3,132.91,26.67,12.55,0.0,52.62,0.0
2025-01-07 14:28:00,335.47,128.39,35.44,6.48,0.0,59.99,45.91
2025-01-07 14:29:00,284.08,133.32,28.27,0.0,0.0,68.21,0.22
2025-01-07 14:30:00,239.08,120.44,16.87,5.42,1.46,66.08,0.0
2025-01-07 14:31:00,306.45,125.92,36.1,6.07,2.33,58.9,17.18
2025-01-07 14:32:00,294.9,133.92,25.53,0.45,9.99,76.84,0.0
2025-01-07 14:33:00,270.4,129.0,24.47,0.89,3.59,74.8,0.0
2025-01-07 14:34:00,277.02,130.83,28.21,0.0,0.0,63.7,14.49
2025-01-07 14:35:00,289.93,124.61,24.92,11.6,6.41,63.87,0.0
2025-01-07 14:36:00,302.54,137.39,28.48,3.26,14.73,51.93,0.0
2025-01-07 14:37:00,269.33,134.76,27.71,8.05,0.0,61.04,0.0
2025-01-07 14:38:00,321.17,129.2,27.88,1.28,3.32,72.41,0.0
2025-01-07 14:39:00,284.5,128.38,31.93,1.68,4.32,66.17,5.87
2025-01-07 14:40:00,290.1,134.12,28.42,4.64,1.46,65.86,6.31
2025-01-07 14:41:00,345.08,137.93,20.0,8.94,0.0,74.66,41.17
2025-01-07 14:42:00,303.57,133.82,28.08,0.0,0.0,63.27,0.0
2025-01-07 14:43:00,305.67,138.69,25.27,14.83,0.0,59.2,0.0
2025-01-07 14:44:00,278.12,126.31,27.66,3.36,0.0,56.08,12.57
2025-01-07 14:45:00,259.64,126.72,22.01,1.79,1.82,63.94,0.0
2025-01-07 14:46:00,310.79,125.24,26.91,3.53,0.0,61.12,48.21
2025-01-07 14:47:00,314.29,131.77,30.47,6.31,1.96,58.48,34.93
2025-01-07 14:48:00,278.18,130.7,22.04,11.93,6.7,61.69,10.81
2025-01-07 14:49:00,251.88,129.39,27.55,4.65,0.0,65.78,19.67
2025-01-07 14:50:00,280.53,133.24,32.91,6.97,0.0,64.6,0.0
2025-01-07 14:51:00,248.24,134.93,14.99,10.02,0.67,59.45,0.0
2025-01-07 14:52:00,303.55,123.9,33.02,12.02,2.55,59.3,7.3
2025-01-07 14:53:00,280.65,127.61,27.3,2.94,0.0,67.46,0.0
2025-01-07 14:54:00,240.64,133.28,25.71,5.72,7.13,72.57,0.16
2025-01-07 14:55:00,251.09,128.13,33.13,7.82,2.52,64.36,0.0
2025-01-07 14:56:00,260.7,126.81,22.66,4.87,0.0,60.61,2.5
2025-01-07 14:57:00,292.54,134.07,23.81,9.61,1.84,61.13,0.0
2025-01-07 14:58:00,283.93,124.84,16.86,16.66,0.0,53.58,25.89
2025-01-07 14:59:00,251.76,128.79,21.57,5.01,2.75,63.07,0.0
2025-01-07 15:00:00,276.0,131.31,18.24,21.71,0.0,51.88,25.11
2025-01-07 15:01:00,269.44,127.7,35.32,5.33,0.0,62.48,0.0
2025-01-07 15:02:00,280.5,133.13,34.34,10.24,5.29,52.12,4.78
2025-01-07 15:03:00,263.28,127.72,25.3,10.26,2.36,56.04,0.0
2025-01-07 15:04:00,315.23,135.63,33.45,5.1,1.53,63.21,17.53
2025-01-07 15:05:00,290.77,129.5,23.15,14.47,0.0,68.46,2.51
2025-01-07 15:06:00,303.5,132.69,28.53,8.64,7.41,63.0,20.35
2025-01-07 15:07:00,305.52,132.98,29.79,0.0,8.42,69.75,11.07
2025-01-07 15:08:00,294.26,127.49,29.08,1.3,3.78,58.64,0.0
2025-01-07 15:09:00,281.08,121.79,32.76,11.32,0.0,60.2,0.0
2025-01-07 15:10:00,279.5,131.44,36.33,9.89,1.68,57.13,13.37
2025-01-07 15:11:00,300.65,130.29,32.91,2.41,0.0,67.41,0.0
2025-01-07 15:12:00,283.21,132.22,25.19,3.27,0.0,62.66,0.0
2025-01-07 15:13:00,291.32,129.09,27.72,0.72,18.88,57.09,0.0
2025-01-07 15:14:00,258.65,128.28,30.24,0.0,6.13,69.65,0.0
2025-01-07 15:15:00,322.84,138.03,27.8,0.62,9.44,58.79,0.0
2025-01-07 15:16:00,302.8,124.11,24.44,12.89,5.51,61.59,21.38
2025-01-07 15:17:00,277.15,132.94,24.26,1.62,0.0,56.0,17.27
2025-01-07 15:18:00,292.82,127.7,28.28,8.59,5.32,57.77,0.0
2025-01-07 15:19:00,290.94,128.66,30.98,3.51,0.0,62.13,0.0
2025-01-07 15:20:00,312.06,128.73,29.63,0.98,0.0,55.15,38.93
2025-01-07 15:21:00,268.86,126.79,20.88,4.55,0.0,70.1,0.0
2025-01-07 15:22:00,289.47,132.28,39.6,11.28,7.33,57.57,0.0
2025-01-07 15:23:00,320.13,135.56,29.59,9.87,0.0,52.45,37.28
2025-01-07 15:24:00,270.84,131.88,23.91,0.0,0.31,60.9,0.0
2025-01-07 15:25:00,249.46,130.41,25.85,8.59,7.34,53.72,0.0
2025-01-07 15:26:00,335.95,126.05,28.42,6.38,4.35,71.43,18.27
2025-01-07 15:27:00,318.89,132.07,31.5,12.6,5.51,68.86,0.0
2025-01-07 15:28:00,284.24,138.63,23.22,2.02,6.14,67.25,1.69
2025-01-07 15:29:00,334.96,128.48,23.72,8.36,0.0,74.6,0.0
2025-01-07 15:30:00,257.36,128.5,20.62,0.0,0.0,57.0,31.04
2025-01-07 15:31:00,301.67,127.76,23.07,13.76,5.95,59.58,0.0
2025-01-07 15:32:00,292.24,128.04,19.4,7.3,0.0,55.98,4.5
2025-01-07 15:33:00,291.65,119.02,20.19,4.39,0.0,65.08,22.51
2025-01-07 15:34:00,357.72,131.62,23.14,11.12,0.0,63.63,40.77
2025-01-07 15:35:00,265.95,126.62,30.63,8.73,0.0,62.16,0.0
2025-01-07 15:36:00,275.95,123.56,14.68,6.48,5.05,62.56,8.77
2025-01-07 15:37:00,264.54,133.01,22.65,10.03,7.4,57.52,0.0
2025-01-07 15:38:00,319.84,125.67,29.64,0.0,2.61,72.24,0.0
2025-01-07 15:39:00,271.21,128.65,22.87,3.33,0.0,65.21,7.4
2025-01-07 15:40:00,287.29,135.87,29.97,0.48,0.0,54.19,12.5
2025-01-07 15:41:00,258.83,124.36,30.2,3.84,5.58,58.2,0.0
2025-01-07 15:42:00,310.27,123.87,30.29,0.0,6.95,65.67,0.0
2025-01-07 15:43:00,317.54,131.08,32.46,9.08,0.0,70.53,20.64
2025-01-07 15:44:00,296.21,134.6,31.25,7.3,5.43,58.75,3.95
2025-01-07 15:45:00,234.82,123.7,27.9,6.2,0.0,71.6,0.0
2025-01-07 15:46:00,278.34,131.63,27.73,6.26,0.41,64.54,0.0
2025-01-07 15:47:00,286.39,132.32,28.86,3.88,1.08,65.68,16.14
2025-01-07 15:48:00,293.3,121.76,31.76,4.68,11.21,57.85,9.97
2025-01-07 15:49:00,298.76,133.19,31.82,0.0,0.0,57.64,25.77
2025-01-07 15:50:00,324.68,133.51,39.82,10.06,0.0,60.76,3.39
2025-01-07 15:51:00,287.55,128.75,28.18,0.0,0.0,70.54,0.0
2025-01-07 15:52:00,281.98,135.01,27.8,2.22,0.0,68.4,7.62
2025-01-07 15:53:00,253.01,134.55,26.1,0.0,6.21,51.66,0.0
2025-01-07 15:54:00,281.58,130.41,20.16,8.21,0.0,72.75,45.87
2025-01-07 15:55:00,311.71,128.19,31.61,4.72,13.62,57.7,0.0
2025-01-07 15:56:00,306.78,126.11,25.35,16.26,0.0,66.59,0.0
2025-01-07 15:57:00,275.44,129.85,28.2,9.3,0.0,74.64,9.84
2025-01-07 15:58:00,293.58,132.28,29.32,0.0,6.26,50.7,16.8
2025-01-07 15:59:00,301.13,128.7,32.39,13.56,0.0,66.18,19.71
2025-01-07 16:00:00,272.99,121.21,25.71,0.0,0.0,66.31,0.0
2025-01-07 16:01:00,219.4,135.07,29.62,0.0,0.0,66.75,0.0
2025-01-07 16:02:00,265.03,130.76,20.03,0.0,0.1,59.25,6.27
2025-01-07 16:03:00,280.76,128.48,31.34,9.03,0.0,59.64,0.0
2025-01-07 16:04:00,292.74,133.43,22.52,16.71,9.53,61.09,18.68
2025-01-07 16:05:00,305.86,136.1,31.32,9.33,6.44,50.96,8.46
2025-01-07 16:06:00,278.04,118.79,20.47,2.44,0.0,62.45,40.49
2025-01-07 16:07:00,239.36,131.74,32.23,7.16,0.0,58.37,7.86
2025-01-07 16:08:00,252.62,124.29,26.62,0.0,7.74,60.71,0.0
2025-01-07 16:09:00,325.31,132.0,26.22,2.15,14.06,53.23,30.64
2025-01-07 16:10:00,281.36,130.51,27.48,2.55,0.0,64.34,0.0
2025-01-07 16:11:00,290.85,132.54,31.29,0.0,1.66,58.35,6.79
2025-01-07 16:12:00,258.2,128.0,38.47,0.77,0.0,49.64,2.58
2025-01-07 16:13:00,300.96,122.51,35.15,13.57,1.69,60.28,27.06
2025-01-07 16:14:00,306.16,128.2,28.25,8.14,0.0,70.24,0.0
2025-01-07 16:15:00,227.78,131.63,14.66,7.53,1.02,66.71,11.39
2025-01-07 16:16:00,289.84,134.06,27.62,9.01,6.57,61.16,11.81
2025-01-07 16:17:00,270.22,125.31,33.49,0.67,0.0,63.49,0.0
2025-01-07 16:18:00,293.36,134.11,32.21,3.41,0.0,71.1,0.0
2025-01-07 16:19:00,256.82,127.41,27.24,14.94,0.45,58.42,0.0
2025-01-07 16:20:00,280.03,131.45,21.71,0.0,5.86,62.75,0.65
2025-01-07 16:21:00,313.07,127.96,29.19,5.08,2.03,68.63,10.09
2025-01-07 16:22:00,285.53,130.73,30.25,8.68,0.0,60.49,2.27
2025-01-07 16:23:00,293.6,133.57,30.19,4.25,6.19,61.03,0.0
2025-01-07 16:24:00,237.52,125.09,24.0,9.46,0.0,56.16,0.0
2025-01-07 16:25:00,302.58,127.28,39.94,17.7,3.23,61.64,0.0
2025-01-07 16:26:00,322.91,130.74,30.83,13.24,1.57,56.96,7.61
2025-01-07 16:27:00,323.54,139.61,24.84,5.25,1.22,64.21,0.0
2025-01-07 16:28:00,281.01,126.55,15.47,6.79,0.0,65.71,18.85
2025-01-07 16:29:00,285.39,138.16,19.2,9.31,0.0,62.33,16.94
2025-01-07 16:30:00,325.25,138.02,29.0,4.24,1.31,62.91,0.0
2025-01-07 16:31:00,334.07,129.61,28.24,6.6,0.0,71.63,4.3
2025-01-07 16:32:00,272.12,128.81,39.65,3.74,0.0,55.69,0.0
2025-01-07 16:33:00,325.48,127.23,30.97,15.24,8.2,52.26,27.39
2025-01-07 16:34:00,222.81,129.73,39.21,10.95,0.0,55.24,0.0
2025-01-07 16:35:00,249.2,124.37,19.92,7.22,6.22,57.93,0.0
2025-01-07 16:36:00,318.61,129.7,27.05,12.39,7.42,62.35,0.0
2025-01-07 16:37:00,293.82,135.99,29.73,7.25,5.22,64.18,0.0
2025-01-07 16:38:00,292.05,127.56,32.91,12.64,12.0,55.54,0.0
2025-01-07 16:39:00,325.13,129.04,31.82,2.44,9.4,59.32,4.71
2025-01-07 16:40:00,289.09,123.2,28.14,1.17,0.0,58.6,0.46
2025-01-07 16:41:00,247.84,131.5,34.51,0.56,0.0,51.98,0.0
2025-01-07 16:42:00,310.58,131.06,20.16,14.27,9.13,58.54,14.81
2025-01-07 16:43:00,237.46,130.25,24.89,0.0,2.7,67.56,0.0
2025-01-07 16:44:00,304.16,129.13,23.76,9.96,0.0,56.09,11.03
2025-01-07 16:45:00,293.06,128.83,39.37,11.56,9.62,62.92,2.82
2025-01-07 16:46:00,306.58,132.01,32.71,8.0,10.99,60.06,6.4
2025-01-07 16:47:00,328.94,129.88,29.03,10.29,9.56,63.99,18.57
2025-01-07 16:48:00,274.38,131.26,23.49,6.4,0.0,67.76,0.0
2025-01-07 16:49:00,281.38,130.86,26.67,8.12,0.0,55.62,0.0
2025-01-07 16:50:00,301.12,134.49,26.95,10.38,10.38,63.08,0.0
2025-01-07 16:51:00,340.85,132.71,37.22,2.28,2.14,58.72,29.5
2025-01-07 16:52:00,312.35,130.77,14.75,12.44,3.53,61.58,31.13
2025-01-07 16:53:00,280.67,136.07,33.61,8.61,9.64,56.88,11.71
2025-01-07 16:54:00,261.44,131.68,30.75,14.45,0.0,62.18,0.0
2025-01-07 16:55:00,284.32,135.22,31.95,16.36,1.76,64.54,0.4
2025-01-07 16:56:00,277.28,132.43,27.56,1.9,0.0,47.02,26.77
2025-01-07 16:57:00,314.19,122.63,28.23,17.36,0.0,70.15,11.02
2025-01-07 16:58:00,252.28,135.22,23.95,0.0,1.85,74.06,0.0
2025-01-07 16:59:00,251.78,130.54,23.73,0.0,4.35,65.83,0.0
2025-01-07 17:00:00,254.22,129.79,28.1,7.58,2.62,66.3,0.0
2025-01-07 17:01:00,292.84,131.13,22.07,8.28,1.14,59.52,24.33
2025-01-07 17:02:00,288.25,128.62,18.57,7.05,0.0,59.79,0.0
2025-01-07 17:03:00,306.67,130.91,35.3,5.2,0.0,63.04,0.0
2025-01-07 17:04:00,330.0,127.63,27.91,0.0,0.0,65.64,9.02
2025-01-07 17:05:00,310.3,135.1,22.74,11.07,4.29,63.49,0.0
2025-01-07 17:06:00,257.59,129.55,22.71,8.15,0.0,72.52,0.0
2025-01-07 17:07:00,249.47,128.47,32.19,1.76,4.33,58.88,0.0
2025-01-07 17:08:00,266.25,126.3,31.7,2.69,1.55,55.33,0.0
2025-01-07 17:09:00,294.03,131.08,29.86,16.46,0.0,61.23,9.51
2025-01-07 17:10:00,290.18,130.75,28.78,0.0,1.51,68.38,15.53
2025-01-07 17:11:00,274.87,131.55,21.4,0.67,1.7,61.86,23.85
2025-01-07 17:12:00,237.83,125.89,19.52,5.35,0.61,60.27,0.0
2025-01-07 17:13:00,363.33,123.6,35.22,1.76,7.36,62.78,33.33
2025-01-07 17:14:00,297.75,132.5,31.21,3.78,10.64,62.44,0.0
2025-01-07 17:15:00,307.06,135.94,28.36,5.26,5.21,60.2,0.0
2025-01-07 17:16:00,266.38,125.89,27.41,14.9,0.0,58.3,11.58
2025-01-07 17:17:00,268.15,136.36,35.69,15.54,0.0,55.13,0.0
2025-01-07 17:18:00,276.8,131.14,29.8,2.32,0.0,52.14,24.56
2025-01-07 17:19:00,272.39,129.97,23.51,4.06,0.74,63.98,0.0
2025-01-07 17:20:00,269.49,128.41,25.85,13.25,2.57,64.57,0.0
2025-01-07 17:21:00,289.51,124.46,27.28,9.27,6.18,58.28,0.0
2025-01-07 17:22:00,308.38,133.95,36.14,7.1,3.38,61.19,46.78
2025-01-07 17:23:00,294.07,126.9,19.66,6.87,6.74,54.21,17.37
2025-01-07 17:24:00,284.75,126.88,27.83,3.11,10.54,62.49,0.0
2025-01-07 17:25:00,319.23,133.97,42.83,9.88,8.38,69.13,0.0
2025-01-07 17:26:00,282.66,122.47,34.02,4.84,5.29,63.56,31.09
2025-01-07 17:27:00,227.26,123.91,25.72,8.71,0.59,56.86,0.0
2025-01-07 17:28:00,313.06,129.93,24.96,11.07,0.0,58.04,20.65
2025-01-07 17:29:00,293.79,131.17,30.7,10.91,1.21,64.0,0.0
2025-01-07 17:30:00,274.81,131.94,26.46,10.39,0.15,58.21,0.0
2025-01-07 17:31:00,288.94,128.79,26.97,14.54,0.0,56.84,11.15
2025-01-07 17:32:00,355.49,140.12,25.69,21.72,10.43,73.32,0.0
2025-01-07 17:33:00,297.21,129.09,33.63,4.81,1.75,69.7,6.0
2025-01-07 17:34:00,279.57,129.08,28.3,0.0,0.0,66.66,0.0
2025-01-07 17:35:00,283.35,126.81,19.96,5.59,0.0,54.64,17.59
2025-01-07 17:36:00,255.4,130.5,27.18,1.19,5.53,58.83,0.0
2025-01-07 17:37:00,316.78,132.46,27.5,12.31,9.85,61.38,3.68
2025-01-07 17:38:00,279.86,134.81,22.7,10.94,1.85,58.54,6.2
2025-01-07 17:39:00,301.51,124.04,31.25,11.41,0.0,56.46,21.44
2025-01-07 17:40:00,279.53,129.02,28.19,11.25,10.07,59.58,21.93
2025-01-07 17:41:00,286.69,131.79,34.19,0.0,1.1,64.96,0.0
2025-01-07 17:42:00,277.6,132.35,24.73,5.46,2.96,57.68,0.0
2025-01-07 17:43:00,286.09,130.03,29.98,8.88,8.53,58.5,0.0
2025-01-07 17:44:00,317.69,132.17,30.49,1.86,17.89,73.66,18.17
2025-01-07 17:45:00,286.07,126.76,28.69,7.44,3.4,58.5,3.43
2025-01-07 17:46:00,309.18,136.23,32.93,6.91,0.81,62.71,42.21
2025-01-07 17:47:00,290.1,133.97,42.2,3.95,4.51,54.86,3.73
2025-01-07 17:48:00,268.37,124.62,27.47,0.0,6.74,62.74,0.0
2025-01-07 17:49:00,265.87,125.7,39.54,5.87,6.31,59.53,0.0
2025-01-07 17:50:00,263.7,125.81,25.65,0.0,0.0,58.64,0.0
2025-01-07 17:51:00,308.48,132.71,30.43,0.0,0.0,68.16,40.43
2025-01-07 17:52:00,274.87,124.86,18.99,0.0,1.95,62.36,0.0
2025-01-07 17:53:00,329.43,128.68,33.54,13.66,4.71,64.66,23.81
2025-01-07 17:54:00,279.52,131.82,30.39,5.51,0.0,60.68,10.14
2025-01-07 17:55:00,309.16,129.74,32.82,14.66,2.17,54.56,15.98
2025-01-07 17:56:00,266.76,131.04,27.44,8.71,1.01,63.16,8.18
2025-01-07 17:57:00,320.69,125.74,30.8,2.18,0.0,64.7,41.72
2025-01-07 17:58:00,287.45,132.38,33.62,14.28,2.68,55.92,0.0
2025-01-07 17:59:00,331.84,127.55,24.4,12.46,9.68,67.06,14.2
2025-01-07 18:00:00,338.69,128.7,33.51,30.01,2.31,69.39,17.49
2025-01-07 18:01:00,313.71,130.95,23.73,29.48,13.1,67.33,0.0
2025-01-07 18:02:00,280.09,130.41,26.7,27.79,0.0,71.55,0.0
2025-01-07 18:03:00,310.18,130.1,28.77,34.92,3.66,66.08,5.53
2025-01-07 18:04:00,357.48,127.0,26.11,29.23,13.39,66.53,28.8
2025-01-07 18:05:00,313.24,128.8,26.11,31.18,5.47,66.18,0.0
2025-01-07 18:06:00,346.25,130.01,21.96,23.73,4.77,57.71,32.21
2025-01-07 18:07:00,311.93,124.5,36.49,36.82,5.4,56.73,0.0
2025-01-07 18:08:00,336.37,128.15,31.42,29.99,0.0,66.38,10.11
2025-01-07 18:09:00,277.63,131.55,28.5,27.61,0.0,60.2,0.0
2025-01-07 18:10:00,308.15,124.89,31.32,22.15,12.08,68.19,14.27
2025-01-07 18:11:00,362.37,134.63,31.56,28.83,3.46,63.99,18.79
2025-01-07 18:12:00,336.29,135.08,24.95,35.33,18.64,66.22,4.43
2025-01-07 18:13:00,293.15,125.02,18.94,31.74,7.68,54.21,2.44
2025-01-07 18:14:00,278.5,135.43,25.93,22.0,2.05,69.3,0.0
2025-01-07 18:15:00,295.98,129.43,27.25,19.8,3.63,63.61,15.45
2025-01-07 18:16:00,326.87,131.67,22.39,25.32,0.0,63.38,17.76
2025-01-07 18:17:00,320.22,128.01,39.51,33.45,0.0,59.82,16.45
2025-01-07 18:18:00,317.57,133.69,27.99,36.88,0.0,64.71,0.0
2025-01-07 18:19:00,327.15,131.62,27.6,34.5,6.56,57.44,0.0
2025-01-07 18:20:00,323.52,126.74,36.62,42.13,0.0,67.95,0.0
2025-01-07 18:21:00,296.06,125.34,27.89,37.21,0.0,57.87,27.24
2025-01-07 18:22:00,336.49,124.16,29.37,27.36,5.72,60.1,30.6
2025-01-07 18:23:00,340.71,130.75,43.73,28.78,13.33,59.4,0.15
2025-01-07 18:24:00,294.3,132.29,24.05,22.09,13.39,49.93,9.92
2025-01-07 18:25:00,328.59,132.6,42.18,29.21,0.0,59.51,19.23
2025-01-07 18:26:00,306.51,129.53,23.11,31.49,3.54,55.17,2.43
2025-01-07 18:27:00,330.56,125.37,23.48,31.1,0.0,63.84,0.0
2025-01-07 18:28:00,304.23,127.27,24.79,31.98,5.09,61.05,0.0
2025-01-07 18:29:00,313.35,134.61,30.14,34.99,4.99,55.34,0.0
2025-01-07 18:30:00,333.41,128.06,33.66,21.58,4.65,62.01,38.57
2025-01-07 18:31:00,286.89,130.57,32.85,25.31,7.27,61.68,0.0
2025-01-07 18:32:00,313.84,125.7,28.2,25.22,6.06,51.7,10.81
2025-01-07 18:33:00,295.86,131.35,27.8,14.94,0.0,62.85,6.38
2025-01-07 18:34:00,291.9,128.17,24.61,21.43,5.31,59.21,0.0
2025-01-07 18:35:00,321.76,134.19,36.01,34.71,0.0,61.67,26.86
2025-01-07 18:36:00,300.52,133.09,25.39,31.02,0.0,62.74,0.0
2025-01-07 18:37:00,347.81,128.02,27.29,30.19,8.44,72.8,28.42
2025-01-07 18:38:00,289.28,129.49,18.03,30.91,9.35,55.03,0.0
2025-01-07 18:39:00,282.44,127.8,21.01,36.19,0.0,62.38,26.37
2025-01-07 18:40:00,321.27,124.32,27.71,43.97,9.77,58.4,0.0
2025-01-07 18:41:00,319.11,126.57,22.3,33.88,0.0,57.15,0.0
2025-01-07 18:42:00,276.94,130.79,20.68,27.45,0.0,63.28,0.0
2025-01-07 18:43:00,316.34,131.3,23.57,45.27,0.0,64.3,8.07
2025-01-07 18:44:00,327.2,130.59,26.63,16.15,4.25,62.59,0.0
2025-01-07 18:45:00,325.99,128.79,32.79,31.24,1.17,61.58,29.99
2025-01-07 18:46:00,349.94,133.73,32.03,27.03,1.59,62.72,46.72
2025-01-07 18:47:00,299.95,130.25,28.33,20.75,0.05,56.63,0.0
2025-01-07 18:48:00,380.33,132.81,22.78,35.22,0.0,62.25,6.6
2025-01-07 18:49:00,324.91,122.9,32.78,25.59,4.22,55.23,5.04
2025-01-07 18:50:00,320.38,114.31,17.08,27.89,0.75,62.63,30.9
2025-01-07 18:51:00,316.33,131.14,24.98,23.93,5.93,61.9,0.0
2025-01-07 18:52:00,298.55,124.3,21.07,32.1,2.1,64.28,18.31
2025-01-07 18:53:00,273.3,129.15,30.31,29.72,0.0,62.88,1.35
2025-01-07 18:54:00,308.96,128.79,21.56,32.7,5.33,64.31,26.76
2025-01-07 18:55:00,303.33,136.35,27.17,25.4,0.0,60.13,0.0
2025-01-07 18:56:00,325.21,131.6,34.32,33.24,0.0,65.6,0.0
2025-01-07 18:57:00,310.4,130.66,28.06,28.4,6.84,61.62,0.0
2025-01-07 18:58:00,265.37,133.35,32.13,28.29,0.0,68.25,0.0
2025-01-07 18:59:00,308.28,131.47,24.79,17.38,0.0,73.61,20.11
2025-01-07 19:00:00,328.92,128.17,30.53,28.6,37.43,7.84,42.59
2025-01-07 19:01:00,341.9,134.29,23.93,24.43,51.18,18.19,48.97
2025-01-07 19:02:00,301.05,125.56,37.17,27.91,28.23,16.37,0.0
2025-01-07 19:03:00,332.09,131.29,31.27,37.24,54.21,17.76,0.0
2025-01-07 19:04:00,323.19,123.81,34.64,35.19,38.48,14.43,12.28
2025-01-07 19:05:00,272.45,130.82,18.29,28.65,40.87,5.45,1.85
2025-01-07 19:06:00,290.71,130.77,28.39,26.86,35.37,12.53,0.0
2025-01-07 19:07:00,319.43,136.71,26.31,35.31,49.6,2.11,9.69
2025-01-07 19:08:00,262.22,123.74,30.02,27.0,33.02,10.68,0.0
2025-01-07 19:09:00,281.2,127.6,26.98,32.77,44.42,12.31,0.0
2025-01-07 19:10:00,320.23,133.29,23.0,26.89,41.44,12.59,0.0
2025-01-07 19:11:00,251.59,131.34,24.8,17.67,38.41,11.23,0.0
2025-01-07 19:12:00,287.74,130.72,35.6,40.94,34.74,13.12,14.26
2025-01-07 19:13:00,323.25,126.18,24.79,26.79,48.54,13.78,23.97
2025-01-07 19:14:00,283.27,127.64,29.71,30.41,36.23,15.96,11.92
2025-01-07 19:15:00,308.3,134.98,38.76,30.31,33.84,7.1,0.0
2025-01-07 19:16:00,283.12,129.79,27.66,25.91,48.04,4.07,0.0
2025-01-07 19:17:00,306.89,131.5,33.35,25.64,28.94,17.37,26.09
2025-01-07 19:18:00,290.55,129.54,28.86,30.17,46.41,21.46,21.74
2025-01-07 19:19:00,319.19,125.27,32.8,22.28,47.21,10.77,21.59
2025-01-07 19:20:00,293.11,133.74,25.9,32.65,47.73,4.16,0.0
2025-01-07 19:21:00,279.24,132.01,22.8,24.66,40.74,10.89,0.0
2025-01-07 19:22:00,283.19,139.22,31.93,24.24,42.31,16.76,0.0
2025-01-07 19:23:00,281.52,125.94,25.08,29.57,41.57,0.0,0.0
2025-01-07 19:24:00,283.36,133.29,26.25,31.68,35.14,3.52,0.0
2025-01-07 19:25:00,353.58,124.75,28.76,39.71,47.95,11.61,40.75
2025-01-07 19:26:00,301.95,130.63,19.13,33.84,49.75,19.13,19.82
2025-01-07 19:27:00,296.7,133.91,21.04,25.76,42.99,18.06,16.1
2025-01-07 19:28:00,303.16,121.71,25.51,35.94,47.47,12.06,9.14
2025-01-07 19:29:00,329.31,129.18,28.13,30.87,42.36,14.08,16.05
2025-01-07 19:30:00,297.97,127.75,24.66,27.72,34.04,7.64,0.0
2025-01-07 19:31:00,350.36,127.19,26.68,27.97,30.89,9.56,40.94
2025-01-07 19:32:00,346.73,131.54,24.86,29.85,39.81,15.35,73.78
2025-01-07 19:33:00,326.68,134.48,33.24,36.96,37.84,0.0,30.4
2025-01-07 19:34:00,310.96,129.47,28.08,26.42,50.37,8.15,0.97
2025-01-07 19:35:00,259.84,130.82,28.26,27.08,39.92,6.18,0.0
2025-01-07 19:36:00,324.25,130.46,28.68,25.75,44.62,10.84,0.0
2025-01-07 19:37:00,362.15,130.01,30.67,35.66,39.93,24.0,43.2
2025-01-07 19:38:00,287.19,125.64,28.56,31.22,41.95,14.82,0.0
2025-01-07 19:39:00,319.04,134.43,22.47,30.95,53.8,10.24,0.0
2025-01-07 19:40:00,277.66,131.18,19.4,26.39,42.75,12.69,0.0
2025-01-07 19:41:00,321.98,131.58,32.19,25.81,45.03,11.37,23.72
2025-01-07 19:42:00,301.57,126.77,30.37,21.97,44.85,24.34,15.27
2025-01-07 19:43:00,303.15,128.16,26.99,36.58,41.15,10.16,0.44
2025-01-07 19:44:00,314.28,129.3,35.06,24.44,45.0,15.15,0.0
2025-01-07 19:45:00,339.63,123.86,35.83,27.6,52.94,2.45,37.44
2025-01-07 19:46:00,288.96,123.25,34.93,30.96,54.1,5.85,2.9
2025-01-07 19:47:00,259.84,127.6,29.4,37.72,39.24,2.36,2.58
2025-01-07 19:48:00,286.15,132.09,27.54,26.0,44.45,17.34,4.63
2025-01-07 19:49:00,318.64,127.39,26.68,26.01,36.66,15.39,26.1
2025-01-07 19:50:00,317.99,125.92,34.65,25.52,42.77,20.05,0.0
2025-01-07 19:51:00,339.16,126.74,33.19,28.59,53.17,4.28,34.71
2025-01-07 19:52:00,248.01,128.18,28.14,21.71,44.73,8.91,6.06
2025-01-07 19:53:00,279.6,128.58,25.75,32.3,42.29,15.7,0.0
2025-01-07 19:54:00,265.04,138.66,19.21,27.17,38.96,13.88,0.0
2025-01-07 19:55:00,285.46,134.22,27.98,29.03,50.46,9.73,4.19
2025-01-07 19:56:00,311.53,134.1,29.95,27.67,45.04,23.73,20.92
2025-01-07 19:57:00,260.4,134.67,24.5,28.22,43.89,8.55,0.0
2025-01-07 19:58:00,311.42,126.0,22.26,27.0,56.82,18.58,5.91
2025-01-07 19:59:00,280.16,125.11,20.55,21.7,45.44,16.22,0.0
2025-01-07 20:00:00,296.93,125.57,25.33,33.64,40.88,5.41,0.0
2025-01-07 20:01:00,274.2,135.34,31.08,26.71,42.53,10.64,0.0
2025-01-07 20:02:00,319.84,127.81,26.54,31.3,49.69,8.71,12.95
2025-01-07 20:03:00,299.02,124.99,36.95,25.83,52.92,21.94,0.0
2025-01-07 20:04:00,292.48,128.28,21.09,19.06,37.49,10.77,0.0
2025-01-07 20:05:00,300.79,129.05,24.34,32.4,40.66,12.54,16.52
2025-01-07 20:06:00,318.89,131.07,23.87,30.52,43.43,2.36,24.93
2025-01-07 20:07:00,290.42,131.0,27.85,32.3,39.86,16.86,0.0
2025-01-07 20:08:00,324.39,126.69,29.31,36.91,41.23,15.31,0.0
2025-01-07 20:09:00,253.63,132.74,32.38,20.39,36.45,16.63,1.1
2025-01-07 20:10:00,277.84,127.44,33.15,24.76,38.94,10.22,0.0
2025-01-07 20:11:00,328.87,129.37,27.33,29.36,41.87,5.73,58.76
2025-01-07 20:12:00,290.71,132.75,29.72,13.61,33.9,4.55,27.08
2025-01-07 20:13:00,287.15,127.43,17.47,28.73,44.02,5.52,24.24
2025-01-07 20:14:00,301.09,127.72,30.49,31.07,48.16,8.82,8.87
2025-01-07 20:15:00,289.01,132.37,27.91,37.19,33.81,6.07,13.62
2025-01-07 20:16:00,327.84,126.57,24.77,22.19,49.49,6.97,13.64
2025-01-07 20:17:00,301.02,128.46,31.21,25.7,40.71,11.69,0.21
2025-01-07 20:18:00,329.14,132.22,32.81,39.42,41.71,9.82,0.0
2025-01-07 20:19:00,278.56,138.22,34.44,31.25,38.99,6.39,0.0
2025-01-07 20:20:00,328.82,132.42,27.01,32.66,46.74,20.37,0.0
2025-01-07 20:21:00,323.69,131.89,29.05,29.39,31.73,19.02,30.96
2025-01-07 20:22:00,359.68,132.12,29.83,25.79,45.63,24.54,0.0
2025-01-07 20:23:00,281.09,125.71,23.33,35.32,36.03,14.34,0.0
2025-01-07 20:24:00,313.2,130.46,35.6,41.46,45.06,12.13,0.0
2025-01-07 20:25:00,307.38,129.88,26.22,43.42,35.48,4.51,3.05
2025-01-07 20:26:00,299.55,131.29,16.78,36.51,44.02,11.23,13.07
2025-01-07 20:27:00,300.0,130.47,29.96,39.05,42.28,9.08,10.76
2025-01-07 20:28:00,274.09,131.52,21.77,37.94,26.3,17.46,0.0
2025-01-07 20:29:00,273.0,128.75,23.66,25.69,30.3,9.68,2.24
2025-01-07 20:30:00,273.34,130.23,23.3,22.86,42.22,14.88,0.0
2025-01-07 20:31:00,282.56,125.09,31.75,29.81,34.17,6.95,0.0
2025-01-07 20:32:00,280.99,128.72,21.74,31.47,42.46,14.57,1.42
2025-01-07 20:33:00,319.04,135.56,35.22,28.13,39.85,21.59,13.77
2025-01-07 20:34:00,303.19,131.28,30.81,33.65,46.48,14.14,0.0
2025-01-07 20:35:00,274.88,129.92,34.61,24.0,44.42,6.5,0.0
2025-01-07 20:36:00,319.74,137.58,23.15,32.78,48.37,2.36,25.07
2025-01-07 20:37:00,292.63,124.56,34.97,36.91,42.06,0.05,9.38
2025-01-07 20:38:00,262.93,125.56,30.06,19.13,34.46,8.25,8.01
2025-01-07 20:39:00,331.24,136.85,29.54,30.57,34.73,11.21,28.41
2025-01-07 20:40:00,321.21,130.18,29.42,15.21,45.85,13.33,0.0
2025-01-07 20:41:00,342.37,129.03,32.48,31.53,47.39,16.84,42.39
2025-01-07 20:42:00,318.57,125.2,20.06,29.79,51.9,13.69,25.08
2025-01-07 20:43:00,266.48,131.79,25.13,23.99,43.46,14.8,0.0
2025-01-07 20:44:00,325.69,132.18,27.98,32.57,48.46,6.35,37.31
2025-01-07 20:45:00,285.73,125.62,28.47,31.65,37.9,17.18,8.99
2025-01-07 20:46:00,272.65,129.44,27.62,33.43,45.53,12.78,3.47
2025-01-07 20:47:00,313.33,128.66,29.2,38.26,43.17,13.69,6.37
2025-01-07 20:48:00,361.81,131.02,23.1,20.62,44.62,13.89,44.26
2025-01-07 20:49:00,307.72,125.52,28.88,28.04,39.43,16.39,0.0
2025-01-07 20:50:00,261.62,135.01,26.24,28.15,41.15,0.0,0.0
2025-01-07 20:51:00,290.32,133.66,25.86,28.34,36.05,5.53,0.0
2025-01-07 20:52:00,301.86,128.55,25.33,23.21,40.01,15.3,43.15
2025-01-07 20:53:00,289.05,129.13,13.08,30.07,38.14,5.37,24.97
2025-01-07 20:54:00,330.34,129.45,25.11,26.75,41.28,10.78,43.19
2025-01-07 20:55:00,280.44,126.89,23.81,38.05,43.71,13.11,3.99
2025-01-07 20:56:00,319.08,128.23,38.66,37.65,46.17,4.88,0.0
2025-01-07 20:57:00,278.68,128.92,28.54,27.63,44.94,5.1,0.0
2025-01-07 20:58:00,288.53,136.45,20.73,30.82,41.08,19.06,0.0
2025-01-07 20:59:00,301.43,133.79,22.51,33.66,39.15,6.28,0.44
2025-01-07 21:00:00,276.89,133.74,36.57,26.27,29.68,6.54,0.0
2025-01-07 21:01:00,295.82,131.48,26.54,32.19,37.66,22.33,0.0
2025-01-07 21:02:00,352.18,125.53,39.52,42.36,33.4,2.98,55.26
2025-01-07 21:03:00,340.8,129.83,25.39,24.89,42.68,9.95,16.94
2025-01-07 21:04:00,305.36,133.88,30.66,35.32,37.34,8.05,0.0
2025-01-07 21:05:00,248.32,124.97,20.3,20.52,38.6,11.06,0.0
2025-01-07 21:06:00,297.39,132.55,29.27,22.84,47.64,17.49,0.0
2025-01-07 21:07:00,272.14,139.29,32.06,28.45,34.23,6.21,0.0
2025-01-07 21:08:00,311.41,134.25,30.24,23.61,38.61,18.07,18.82
2025-01-07 21:09:00,332.68,135.66,31.41,33.08,36.86,25.56,2.79
2025-01-07 21:10:00,285.84,130.87,28.12,33.63,37.73,12.42,0.0
2025-01-07 21:11:00,282.19,133.87,12.42,29.83,38.48,13.15,0.0
2025-01-07 21:12:00,342.55,127.13,38.49,21.84,43.16,14.88,10.68
2025-01-07 21:13:00,284.03,133.18,21.15,28.0,46.74,7.4,0.0
2025-01-07 21:14:00,331.65,132.62,41.58,30.77,53.47,15.49,35.91
2025-01-07 21:15:00,336.94,131.16,34.72,31.52,35.81,7.8,0.0
2025-01-07 21:16:00,320.23,135.26,20.67,33.39,41.38,9.77,4.22
2025-01-07 21:17:00,277.34,127.84,18.48,23.59,41.21,5.61,15.02
2025-01-07 21:18:00,275.86,129.25,29.17,29.66,42.72,10.0,34.92
2025-01-07 21:19:00,304.75,130.38,33.05,37.26,40.93,19.97,0.0
2025-01-07 21:20:00,299.47,125.88,31.0,39.15,46.79,14.88,0.0
2025-01-07 21:21:00,330.8,130.91,26.18,24.51,51.0,17.57,0.0
2025-01-07 21:22:00,280.62,123.12,27.09,16.21,44.22,15.7,0.0
2025-01-07 21:23:00,296.87,134.19,29.0,38.31,47.94,14.89,0.0
2025-01-07 21:24:00,310.53,130.19,23.49,36.12,46.0,11.11,0.0
2025-01-07 21:25:00,280.0,127.92,31.89,22.0,37.55,16.9,0.0
2025-01-07 21:26:00,284.82,126.66,28.21,28.53,49.36,0.0,22.35
2025-01-07 21:27:00,281.04,129.06,36.69,27.28,34.33,18.47,5.87
2025-01-07 21:28:00,316.73,132.75,20.43,38.76,43.22,17.02,28.72
2025-01-07 21:29:00,282.9,132.19,24.52,31.87,44.3,13.76,0.0
2025-01-07 21:30:00,285.52,127.18,25.07,25.1,44.56,16.32,3.91
2025-01-07 21:31:00,306.42,126.62,32.28,37.26,49.45,16.61,4.62
2025-01-07 21:32:00,307.0,132.63,23.71,25.61,46.75,16.83,29.2
2025-01-07 21:33:00,293.58,127.11,24.26,43.54,44.42,15.79,3.67
2025-01-07 21:34:00,305.55,130.24,29.99,32.8,34.04,19.35,0.0
2025-01-07 21:35:00,335.21,130.5,32.98,28.39,42.06,15.76,33.03
2025-01-07 21:36:00,274.1,131.25,31.88,21.53,34.1,0.89,30.25
2025-01-07 21:37:00,255.24,133.43,21.51,29.27,42.03,16.81,0.0
2025-01-07 21:38:00,302.66,124.95,25.51,32.22,42.8,6.16,3.4
2025-01-07 21:39:00,315.6,122.36,35.27,27.33,39.26,12.75,4.57
2025-01-07 21:40:00,283.69,127.73,27.56,24.79,50.31,16.35,0.0
2025-01-07 21:41:00,295.87,137.21,34.58,29.69,35.54,18.93,0.0
2025-01-07 21:42:00,307.8,138.09,33.34,39.13,43.25,13.14,3.86
2025-01-07 21:43:00,355.34,137.32,36.91,33.99,33.63,18.24,34.68
2025-01-07 21:44:00,277.03,129.23,20.96,34.79,48.24,11.02,1.74
2025-01-07 21:45:00,328.78,122.87,29.61,34.82,44.41,19.68,0.0
2025-01-07 21:46:00,255.61,120.63,24.36,37.07,36.57,13.47,0.0
2025-01-07 21:47:00,351.11,127.54,21.05,21.27,41.66,21.91,59.12
2025-01-07 21:48:00,316.2,129.21,30.8,36.92,38.46,5.44,17.91
2025-01-07 21:49:00,283.06,135.2,21.78,28.89,33.3,13.57,0.0
2025-01-07 21:50:00,322.44,133.47,28.94,21.68,53.8,7.61,26.24
2025-01-07 21:51:00,347.87,130.91,25.92,34.69,44.12,18.0,16.25
2025-01-07 21:52:00,319.46,126.44,28.96,35.83,34.71,9.82,27.4
2025-01-07 21:53:00,327.05,126.16,32.46,35.67,45.76,14.66,19.72
2025-01-07 21:54:00,278.75,131.02,20.27,20.66,42.64,16.66,0.0
2025-01-07 21:55:00,353.36,132.79,33.35,35.85,34.55,24.17,23.19
2025-01-07 21:56:00,344.62,131.57,23.17,32.31,39.73,27.58,19.15
2025-01-07 21:57:00,274.1,125.86,30.2,27.12,49.17,0.91,16.85
2025-01-07 21:58:00,332.74,132.6,25.73,24.06,48.79,11.47,16.6
2025-01-07 21:59:00,290.66,131.7,32.82,31.74,42.67,7.24,0.0
2025-01-07 22:00:00,274.39,125.72,34.11,23.15,32.77,16.82,0.0
2025-01-07 22:01:00,299.04,126.86,26.03,23.6,35.9,27.54,0.0
2025-01-07 22:02:00,324.12,132.75,31.59,30.22,51.53,17.4,0.0
2025-01-07 22:03:00,333.6,129.06,35.39,30.4,33.17,13.8,8.29
2025-01-07 22:04:00,337.35,136.36,25.59,29.19,38.17,7.77,42.92
2025-01-07 22:05:00,264.08,132.0,26.33,41.15,29.08,7.56,0.0
2025-01-07 22:06:00,335.62,128.05,25.75,30.77,47.4,15.02,25.9
2025-01-07 22:07:00,322.42,129.96,21.97,25.47,52.09,18.94,0.0
2025-01-07 22:08:00,314.23,130.25,24.58,32.73,45.49,22.32,2.65
2025-01-07 22:09:00,300.45,127.09,27.39,23.04,42.88,8.84,0.0
2025-01-07 22:10:00,319.99,126.35,29.56,30.22,45.1,24.14,0.0
2025-01-07 22:11:00,332.6,132.81,27.38,25.91,32.71,12.79,42.92
2025-01-07 22:12:00,252.93,133.38,20.01,24.83,35.48,8.35,0.0
2025-01-07 22:13:00,338.24,132.42,24.34,29.37,47.26,8.83,0.0
2025-01-07 22:14:00,297.79,136.06,21.27,30.11,51.12,7.13,8.45
2025-01-07 22:15:00,300.17,127.83,25.99,29.99,44.9,4.76,0.0
2025-01-07 22:16:00,258.18,136.7,20.7,12.6,49.9,4.48,0.0
2025-01-07 22:17:00,275.8,126.4,22.4,25.94,41.41,5.24,9.01
2025-01-07 22:18:00,347.8,125.95,26.56,32.29,55.65,18.49,31.55
2025-01-07 22:19:00,275.1,122.96,27.1,25.11,31.99,6.58,0.0
2025-01-07 22:20:00,256.82,128.22,29.81,17.94,43.86,6.27,0.0
2025-01-07 22:21:00,279.2,127.99,37.3,37.52,37.64,0.0,17.62
2025-01-07 22:22:00,302.5,132.1,25.9,19.75,36.03,13.78,7.89
2025-01-07 22:23:00,287.22,130.98,36.82,32.62,43.54,5.02,0.0
2025-01-07 22:24:00,343.29,125.23,22.61,49.84,53.47,8.3,30.54
2025-01-07 22:25:00,315.33,128.43,16.08,24.88,40.2,15.2,0.0
2025-01-07 22:26:00,260.68,128.51,37.41,30.05,44.34,17.03,0.0
2025-01-07 22:27:00,297.71,122.9,35.43,32.36,47.37,0.0,0.0
2025-01-07 22:28:00,281.73,126.08,25.3,30.7,33.36,9.7,21.24
2025-01-07 22:29:00,333.72,126.92,23.59,35.96,40.41,0.0,38.54
2025-01-07 22:30:00,293.62,135.73,26.63,36.42,48.52,4.85,8.45
2025-01-07 22:31:00,304.3,130.77,30.82,33.37,48.69,21.49,0.0
2025-01-07 22:32:00,280.63,132.65,25.48,33.29,39.4,2.67,15.15
2025-01-07 22:33:00,314.49,124.01,24.68,31.6,49.96,20.14,0.0
2025-01-07 22:34:00,320.41,134.78,22.0,27.56,31.95,22.1,33.7
2025-01-07 22:35:00,327.29,135.2,20.39,27.61,54.6,17.76,0.0
2025-01-07 22:36:00,350.41,122.01,40.65,34.5,44.23,7.18,27.52
2025-01-07 22:37:00,272.33,127.18,25.53,21.46,36.76,15.04,0.0
2025-01-07 22:38:00,258.9,131.98,24.29,20.49,31.52,9.52,0.0
2025-01-07 22:39:00,251.71,132.58,28.6,29.99,40.89,10.69,5.56
